series,time,month,settlement_index,training_start,training_end,future_start,future_end,current_funding,phi_hat,residual_sigma,historical_sigma,lifetime_score,edge_z,t_stat,future_sum_7d,future_positive,sign_survival_length,ar1_raw_cumulative_21,ar1_cumulative_forecast_snr,ar1_finite_geometric_information_proxy,source_path,finite_analysis_event
BTC-USDT:binance,2020-07-27T11:00:00+00:00,2020-07,625,2020-01-29T11:00:00+00:00,2020-07-27T03:00:00+00:00,2020-07-27T19:00:00+00:00,2020-08-03T11:00:00.001000+00:00,0.00086992999999999999,0.69582997361230614,0.00024385407681196228,0.00032340021875146724,2.0489060861669643,2.6899487061526708,9.4088987670770994,0.013298840000000001,True,21,0.0019891017692595676,0.59538511310601883,5.9729106222595316,data/BTC-USDT/BTC-USDT_binance_2020-01-01_2024-01-01_funding_history.csv,True
BTC-USDT:binance,2020-08-10T11:00:00+00:00,2020-08,667,2020-02-12T11:00:00.001000+00:00,2020-08-10T03:00:00.001000+00:00,2020-08-10T19:00:00.001000+00:00,2020-08-17T11:00:00+00:00,0.00131898,0.73546245034456825,0.00019968503237143792,0.00028252148339224153,8.290608377090706,4.6686007172374246,9.5022654266952493,0.0050585400000000003,True,21,0.0036612219860513687,1.1895046807448089,25.702346842980266,data/BTC-USDT/BTC-USDT_binance_2020-01-01_2024-01-01_funding_history.csv,True
BTC-USDT:binance,2020-08-17T19:00:00+00:00,2020-08,689,2020-02-19T19:00:00+00:00,2020-08-17T11:00:00+00:00,2020-08-18T03:00:00.001000+00:00,2020-08-24T19:00:00+00:00,0.00085760000000000003,0.67928249338853164,0.00020519515094984789,0.00026454203211523353,2.637192541520518,3.2418288811905422,8.9128848516880836,0.0062859500000000011,True,21,0.0018158644778120381,0.67610088914366318,7.4827242347192939,data/BTC-USDT/BTC-USDT_binance_2020-01-01_2024-01-01_funding_history.csv,True
BTC-USDT:binance,2020-11-18T11:00:00.006000+00:00,2020-11,967,2020-05-22T11:00:00+00:00,2020-11-18T03:00:00.005000+00:00,2020-11-18T19:00:00+00:00,2020-11-25T11:00:00.005000+00:00,0.00057572000000000005,0.8299974971816948,0.00012539547534795188,0.00018868392767713515,6.6049747086611887,3.0512402783195096,15.675204992306302,0.011373510000000002,True,21,0.0027546560334441796,1.0110421773549128,23.329382379858234,data/BTC-USDT/BTC-USDT_binance_2020-01-01_2024-01-01_funding_history.csv,True
BTC-USDT:binance,2020-11-25T19:00:00.015000+00:00,2020-11,989,2020-05-29T19:00:00+00:00,2020-11-25T11:00:00.005000+00:00,2020-11-26T03:00:00.012000+00:00,2020-12-02T19:00:00.005000+00:00,0.00075292000000000002,0.84777998460138138,0.00013615999946521015,0.00021173932900183387,10.810924438351531,3.5558816755931013,16.338065956880055,0.0034835599999999997,True,21,0.0040625719566145142,1.2713803872490217,39.029260940956561,data/BTC-USDT/BTC-USDT_binance_2020-01-01_2024-01-01_funding_history.csv,True
BTC-USDT:binance,2020-12-19T19:00:00+00:00,2020-12,1061,2020-06-22T19:00:00.001000+00:00,2020-12-19T11:00:00.018000+00:00,2020-12-20T03:00:00.001000+00:00,2020-12-26T19:00:00.006000+00:00,0.00070544,0.85229204285501914,0.00013751412304372819,0.00021193131452391486,9.6134464203057135,3.3286256048791523,17.507485031412784,0.004694890000000001,True,21,0.0039285642933218432,1.192874879515432,34.89240610670668,data/BTC-USDT/BTC-USDT_binance_2020-01-01_2024-01-01_funding_history.csv,True
BTC-USDT:binance,2020-12-27T19:00:00.001000+00:00,2020-12,1085,2020-06-30T19:00:00.002000+00:00,2020-12-27T11:00:00+00:00,2020-12-28T03:00:00.015000+00:00,2021-01-03T19:00:00.002000+00:00,0.00071164000000000004,0.8524733845868474,0.00014055958192383202,0.00021565910870132598,9.3763071141621168,3.2998374345763235,17.898611133499038,0.01239463,True,21,0.0039681656484850262,1.1778243045540719,34.038953099010257,data/BTC-USDT/BTC-USDT_binance_2020-01-01_2024-01-01_funding_history.csv,True
BTC-USDT:binance,2021-01-04T03:00:00+00:00,2021-01,1107,2020-07-08T03:00:00+00:00,2021-01-03T19:00:00.002000+00:00,2021-01-04T11:00:00+00:00,2021-01-11T03:00:00+00:00,0.0016412600000000001,0.8821145886896945,0.0001539295331138273,0.00024278267445683346,52.917468801073944,6.7602023236292119,17.832119478630993,0.024403589999999996,True,21,0.011399651501898747,2.6817904821326883,198.32666173979732,data/BTC-USDT/BTC-USDT_binance_2020-01-01_2024-01-01_funding_history.csv,True
BTC-USDT:binance,2021-01-15T19:00:00.004000+00:00,2021-01,1142,2020-07-19T19:00:00+00:00,2021-01-15T11:00:00+00:00,2021-01-16T03:00:00+00:00,2021-01-22T19:00:00.001000+00:00,0.0011818499999999999,0.86452003525222221,0.00020616089307516183,0.00033438965911685028,13.179809553199119,3.5343497257701086,16.777167975397081,0.010225779999999999,True,21,0.007186980140596955,1.3754955964311864,48.509738898925917,data/BTC-USDT/BTC-USDT_binance_2020-01-01_2024-01-01_funding_history.csv,True
BTC-USDT:binance,2021-01-29T19:00:00+00:00,2021-01,1184,2020-08-02T19:00:00.001000+00:00,2021-01-29T11:00:00+00:00,2021-01-30T03:00:00+00:00,2021-02-05T19:00:00+00:00,0.00166789,0.84867600225607276,0.00021583158450973609,0.00033485305898073238,21.249861564586855,4.9809609178334284,16.601042250174579,0.012210189999999999,True,21,0.009055838512043177,1.7807288974511506,76.797717178800909,data/BTC-USDT/BTC-USDT_binance_2020-01-01_2024-01-01_funding_history.csv,True
BTC-USDT:binance,2021-02-06T19:00:00+00:00,2021-02,1208,2020-08-10T19:00:00.001000+00:00,2021-02-06T11:00:00.009000+00:00,2021-02-07T03:00:00+00:00,2021-02-13T19:00:00+00:00,0.0010237099999999999,0.85037975915926889,0.00022422230716351679,0.00034687132612568023,7.5091135695434428,2.95126729393909,17.007401386021723,0.026353480000000002,True,21,0.0056248501237076394,1.0565578639259654,27.193198360216272,data/BTC-USDT/BTC-USDT_binance_2020-01-01_2024-01-01_funding_history.csv,True
BTC-USDT:binance,2021-02-14T11:00:00+00:00,2021-02,1231,2020-08-18T11:00:00.008000+00:00,2021-02-14T03:00:00.013000+00:00,2021-02-14T19:00:00.008000+00:00,2021-02-21T11:00:00.012000+00:00,0.00146185,0.85806676183964448,0.00025389266537775428,0.00040631827273071775,12.644648274538037,3.5977953690722209,16.755132151951734,0.023973400000000002,True,21,0.0084826664663642474,1.3586489469166356,46.203041300841136,data/BTC-USDT/BTC-USDT_binance_2020-01-01_2024-01-01_funding_history.csv,True
BTC-USDT:binance,2021-04-10T11:00:00.005000+00:00,2021-04,1396,2020-10-12T11:00:00+00:00,2021-04-10T03:00:00.011000+00:00,2021-04-10T19:00:00+00:00,2021-04-17T11:00:00+00:00,0.00148624,0.88269340848352773,0.00028036246401390188,0.00043994513371330358,13.149325261353999,3.3782394351213103,21.91407230895846,0.020296790000000002,True,21,0.010369541565304416,1.3354560447685695,49.308230195312767,data/BTC-USDT/BTC-USDT_binance_2020-01-01_2024-01-01_funding_history.csv,True
BTC-USDT:binance,2021-10-16T03:00:00.009000+00:00,2021-10,1962,2021-04-19T03:00:00+00:00,2021-10-15T19:00:00.005000+00:00,2021-10-16T11:00:00+00:00,2021-10-23T03:00:00.005000+00:00,0.00048084000000000001,0.73059649442433716,0.00013323730127484494,0.0001693248346439335,2.4225215325745815,2.8397488236804684,14.428768849058205,0.0068132900000000005,True,21,0.001302203445868774,0.64376561010196032,7.4554663628864715,data/BTC-USDT/BTC-USDT_binance_2020-01-01_2024-01-01_funding_history.csv,True
BTC-USDT:binance,2021-10-25T03:00:00.012000+00:00,2021-10,1989,2021-04-28T03:00:00+00:00,2021-10-24T19:00:00.001000+00:00,2021-10-25T11:00:00.002000+00:00,2021-11-01T03:00:00.009000+00:00,0.00048777,0.75688610789771682,0.00013615811095872744,0.0001785467954913516,2.690003046592945,2.7318888510862491,14.863993314500052,0.0061004800000000001,True,21,0.0015141975964132548,0.67312685611403889,8.6063146106530422,data/BTC-USDT/BTC-USDT_binance_2020-01-01_2024-01-01_funding_history.csv,True
BTC-USDT:binance,2021-11-01T19:00:00.001000+00:00,2021-11,2012,2021-05-05T19:00:00.001000+00:00,2021-11-01T11:00:00.014000+00:00,2021-11-02T03:00:00+00:00,2021-11-08T19:00:00+00:00,0.00056811999999999997,0.76561306329156775,0.00013409521268720117,0.00017770339346088928,3.9238822798575481,3.197012667768989,15.127378711244161,0.0082625900000000002,True,21,0.001848932038521714,0.8102907289812864,12.711813449532244,data/BTC-USDT/BTC-USDT_binance_2020-01-01_2024-01-01_funding_history.csv,True
BTC-USDT:binance,2021-11-09T19:00:00.001000+00:00,2021-11,2036,2021-05-13T19:00:00.008000+00:00,2021-11-09T11:00:00.014000+00:00,2021-11-10T03:00:00+00:00,2021-11-16T19:00:00.018000+00:00,0.00067838999999999996,0.76919975123047046,0.00012662030790244451,0.00016717157026075447,6.3867777842544449,4.0580464665244582,15.682800531688072,0.0054876200000000012,True,21,0.0022517616008627338,1.0322469779197225,20.796017484099867,data/BTC-USDT/BTC-USDT_binance_2020-01-01_2024-01-01_funding_history.csv,True
BTC-USDT:binance,2022-05-12T03:00:00.014000+00:00,2022-05,2586,2021-11-13T03:00:00+00:00,2022-05-11T19:00:00.008000+00:00,2022-05-12T11:00:00+00:00,2022-05-19T03:00:00+00:00,-0.00018772999999999999,0.75108737915881463,6.1492231581172858e-05,7.3557842695358617e-05,1.9011124517023144,2.5521411874120319,-19.647940397696747,-0.00026644,False,4,0.00056508148802393696,0.56700782679907968,6.0314320432276274,data/BTC-USDT/BTC-USDT_binance_2020-01-01_2024-01-01_funding_history.csv,True
BTC-USDT:binance,2022-05-24T03:00:00.011000+00:00,2022-05,2622,2021-11-25T03:00:00+00:00,2022-05-23T19:00:00.023000+00:00,2022-05-24T11:00:00+00:00,2022-05-31T03:00:00.016000+00:00,-0.00012371999999999999,0.71832726125117152,6.1935189896325236e-05,7.3809782384807505e-05,0.70420816101355443,1.6762005794162274,-17.256436626352464,-0.0017284400000000001,False,1,0.00031520989450562316,0.34798393187015586,2.127004846249366,data/BTC-USDT/BTC-USDT_binance_2020-01-01_2024-01-01_funding_history.csv,True
BTC-USDT:binance,2022-05-31T11:00:00+00:00,2022-05,2644,2021-12-02T11:00:00.007000+00:00,2022-05-31T03:00:00.016000+00:00,2022-05-31T19:00:00+00:00,2022-06-07T11:00:00.011000+00:00,0.0001,0.70942972746487398,6.0147455057446706e-05,7.1039650103060559e-05,0.47011117316301476,1.4076645908999454,16.97503111605787,0.00092990999999999994,True,4,0.00024397021280153592,0.28473661541759177,1.4003983387672385,data/BTC-USDT/BTC-USDT_binance_2020-01-01_2024-01-01_funding_history.csv,True
BTC-USDT:binance,2022-06-08T03:00:00.008000+00:00,2022-06,2667,2021-12-10T03:00:00+00:00,2022-06-07T19:00:00+00:00,2022-06-08T11:00:00.020000+00:00,2022-06-15T03:00:00+00:00,0.0001,0.69614714301470282,6.0093094029241677e-05,7.0716638588136965e-05,0.44638586154405929,1.4140943630312126,16.261321416500671,0.0008028899999999999,True,15,0.00022899270174356006,0.27789435562339737,1.3019551006070378,data/BTC-USDT/BTC-USDT_binance_2020-01-01_2024-01-01_funding_history.csv,True
BTC-USDT:binance,2022-06-21T03:00:00.012000+00:00,2022-06,2706,2021-12-23T03:00:00.011000+00:00,2022-06-20T19:00:00.013000+00:00,2022-06-21T11:00:00.018000+00:00,2022-06-28T03:00:00.016000+00:00,0.0001,0.66360604553056546,6.1118074032302132e-05,7.1377330802459133e-05,0.38116003487636502,1.4010050372541354,14.515030468433437,0.00081610999999999988,True,3,0.00019723459584417491,0.2570024496346453,1.0533014089071198,data/BTC-USDT/BTC-USDT_binance_2020-01-01_2024-01-01_funding_history.csv,True
BTC-USDT:binance,2022-06-30T19:00:00+00:00,2022-06,2735,2022-01-01T19:00:00+00:00,2022-06-30T11:00:00+00:00,2022-07-01T03:00:00.001000+00:00,2022-07-07T19:00:00.011000+00:00,-0.00015878999999999999,0.64508241731556204,6.1166559941087261e-05,7.1151538777903311e-05,0.89757618694548569,2.231715613286406,-13.537778413718845,-0.00090012000000000013,False,1,0.00028858065480560913,0.39382734467204605,2.4016151749240682,data/BTC-USDT/BTC-USDT_binance_2020-01-01_2024-01-01_funding_history.csv,True
BTC-USDT:binance,2022-07-08T11:00:00.009000+00:00,2022-07,2758,2022-01-09T11:00:00+00:00,2022-07-08T03:00:00.008000+00:00,2022-07-08T19:00:00+00:00,2022-07-15T11:00:00.019000+00:00,0.0001,0.62153351660016676,6.1832058990924925e-05,7.140019566702238e-05,0.32111706259167427,1.4005563859566146,12.552493875190779,0.0012584800000000002,True,13,0.00016421663567697315,0.23467691548445807,0.82322459649455459,data/BTC-USDT/BTC-USDT_binance_2020-01-01_2024-01-01_funding_history.csv,True
BTC-USDT:binance,2022-07-17T11:00:00.003000+00:00,2022-07,2785,2022-01-18T11:00:00+00:00,2022-07-17T03:00:00+00:00,2022-07-17T19:00:00.007000+00:00,2022-07-24T11:00:00.011000+00:00,0.0001,0.63780567554539469,6.059583550776114e-05,7.0540702992405877e-05,0.35356702872419671,1.4176212563513237,13.035046289777453,0.0018583300000000005,True,21,0.0001760809459395657,0.24694701498800642,0.93380714418415067,data/BTC-USDT/BTC-USDT_binance_2020-01-01_2024-01-01_funding_history.csv,True
BTC-USDT:binance,2022-07-25T03:00:00+00:00,2022-07,2808,2022-01-26T03:00:00+00:00,2022-07-24T19:00:00+00:00,2022-07-25T11:00:00.014000+00:00,2022-08-01T03:00:00.010000+00:00,0.0001,0.65223350530449709,6.0149303408192901e-05,7.0476044651773795e-05,0.37761869512259222,1.4189218548530325,13.437500536443661,0.0016400700000000002,True,21,0.00018752551970980955,0.25562519871612921,1.0231889467860145,data/BTC-USDT/BTC-USDT_binance_2020-01-01_2024-01-01_funding_history.csv,True
BTC-USDT:binance,2022-08-01T11:00:00.019000+00:00,2022-08,2830,2022-02-02T11:00:00+00:00,2022-08-01T03:00:00.010000+00:00,2022-08-01T19:00:00.017000+00:00,2022-08-08T11:00:00.006000+00:00,0.0001,0.66950988191471128,5.9367313531118964e-05,6.9525058085647684e-05,0.41289083567273649,1.4383303337454294,14.718519010323782,0.00096352000000000004,True,5,0.00020253649646461677,0.26753003945892206,1.1525020342526853,data/BTC-USDT/BTC-USDT_binance_2020-01-01_2024-01-01_funding_history.csv,True
BTC-USDT:binance,2022-08-08T19:00:00+00:00,2022-08,2852,2022-02-09T19:00:00.001000+00:00,2022-08-08T11:00:00.006000+00:00,2022-08-09T03:00:00.020000+00:00,2022-08-15T19:00:00.010000+00:00,0.0001,0.67810483499665086,5.83948378433137e-05,6.8816578543181623e-05,0.44077126057315913,1.4531382134502828,14.872337627305964,0.00072120000000000007,True,3,0.00021059977995411692,0.27641252991671916,1.2481914256634186,data/BTC-USDT/BTC-USDT_binance_2020-01-01_2024-01-01_funding_history.csv,True
BTC-USDT:binance,2022-08-18T11:00:00.012000+00:00,2022-08,2881,2022-02-19T11:00:00+00:00,2022-08-18T03:00:00.005000+00:00,2022-08-18T19:00:00.013000+00:00,2022-08-25T11:00:00+00:00,0.0001,0.68359116298178624,5.7435835004745965e-05,6.8310336604445477e-05,0.46526471490171545,1.4639072938412696,14.650594956855226,-0.00023988999999999998,False,3,0.00021597347009118351,0.28394332064971262,1.3295715497450622,data/BTC-USDT/BTC-USDT_binance_2020-01-01_2024-01-01_funding_history.csv,True
BTC-USDT:binance,2022-08-29T03:00:00+00:00,2022-08,2913,2022-03-02T03:00:00+00:00,2022-08-28T19:00:00+00:00,2022-08-29T11:00:00+00:00,2022-09-05T03:00:00.015000+00:00,-0.00013622999999999999,0.70295589232992872,5.5011357908745818e-05,6.6966265848693247e-05,1.0158524651817391,2.0343078455024579,-14.705420861734158,-0.00038206999999999998,False,2,0.0003221920294103464,0.41891881137581527,2.9953145428212342,data/BTC-USDT/BTC-USDT_binance_2020-01-01_2024-01-01_funding_history.csv,True
BTC-USDT:binance,2022-09-09T11:00:00+00:00,2022-09,2947,2022-03-13T11:00:00+00:00,2022-09-09T03:00:00.011000+00:00,2022-09-09T19:00:00+00:00,2022-09-16T11:00:00+00:00,0.0001,0.69105793328520093,5.5000524958535635e-05,6.6602415645047891e-05,0.52229493326359033,1.5014470425958992,14.137058891510973,0.0014312100000000003,True,13,0.00022358990562682581,0.30071875638182438,1.5108788310496357,data/BTC-USDT/BTC-USDT_binance_2020-01-01_2024-01-01_funding_history.csv,True
BTC-USDT:binance,2022-09-22T03:00:00+00:00,2022-09,2985,2022-03-26T03:00:00.020000+00:00,2022-09-21T19:00:00+00:00,2022-09-22T11:00:00+00:00,2022-09-29T03:00:00.010000+00:00,-0.00011779,0.67994987681642571,5.5152473491891315e-05,6.6069286304833052e-05,0.69039486124155525,1.7828253729960983,-14.119135026739377,-0.00062655000000000002,False,1,0.00025017017813672604,0.34592531129048859,1.9610844440170518,data/BTC-USDT/BTC-USDT_binance_2020-01-01_2024-01-01_funding_history.csv,True
BTC-USDT:binance,2022-09-30T03:00:00.006000+00:00,2022-09,3009,2022-04-03T03:00:00.018000+00:00,2022-09-29T19:00:00+00:00,2022-09-30T11:00:00.002000+00:00,2022-10-07T03:00:00+00:00,0.0001,0.66977158862788422,5.4710352211295729e-05,6.5521730780756572e-05,0.48664724243061147,1.5262112097528648,13.403729441568919,0.0017797700000000002,True,21,0.00020277587347812884,0.29044495367858525,1.3589794870753449,data/BTC-USDT/BTC-USDT_binance_2020-01-01_2024-01-01_funding_history.csv,True
BTC-USDT:binance,2022-10-07T11:00:00+00:00,2022-10,3031,2022-04-10T11:00:00.007000+00:00,2022-10-07T03:00:00+00:00,2022-10-07T19:00:00.007000+00:00,2022-10-14T11:00:00+00:00,0.0001,0.66924625318506925,5.4699590855897045e-05,6.5365520787255383e-05,0.48588755060767275,1.5298585369719484,13.36566085263828,0.00146777,True,21,0.00020229574125464757,0.29021570797399121,1.3556530084885599,data/BTC-USDT/BTC-USDT_binance_2020-01-01_2024-01-01_funding_history.csv,True
BTC-USDT:binance,2022-10-18T03:00:00.010000+00:00,2022-10,3063,2022-04-21T03:00:00+00:00,2022-10-17T19:00:00.017000+00:00,2022-10-18T11:00:00.008000+00:00,2022-10-25T03:00:00.013000+00:00,0.0001,0.70254979867829503,5.2101070112197265e-05,6.3308927336570093e-05,0.60923539245804725,1.5795560627392828,14.771502474125008,0.0012292900000000003,True,10,0.00023604833802138396,0.32443515444455528,1.7952159413976883,data/BTC-USDT/BTC-USDT_binance_2020-01-01_2024-01-01_funding_history.csv,True
BTC-USDT:binance,2022-11-05T19:00:00.018000+00:00,2022-11,3119,2022-05-09T19:00:00+00:00,2022-11-05T11:00:00.007000+00:00,2022-11-06T03:00:00.009000+00:00,2022-11-12T19:00:00+00:00,0.0001,0.72832839655272141,4.7501016724887789e-05,5.7336776540730239e-05,0.81626575564012493,1.7440813040642973,17.300793528670997,-0.0025155399999999997,False,7,0.00026774699754986359,0.37388420107845083,2.5034991629067669,data/BTC-USDT/BTC-USDT_binance_2020-01-01_2024-01-01_funding_history.csv,True
BTC-USDT:binance,2022-11-15T03:00:00.014000+00:00,2022-11,3147,2022-05-19T03:00:00+00:00,2022-11-14T19:00:00+00:00,2022-11-15T11:00:00.009000+00:00,2022-11-22T03:00:00+00:00,-0.00010925,0.7063575747698323,6.9851814177369261e-05,9.2714859766073406e-05,0.41083434248320339,1.1783440138468202,-9.225194932666076,0.00030389999999999996,True,1,0.00026262366542185349,0.26629443288376492,1.2179169763440707,data/BTC-USDT/BTC-USDT_binance_2020-01-01_2024-01-01_funding_history.csv,True
BTC-USDT:binance,2022-11-23T11:00:00.011000+00:00,2022-11,3172,2022-05-27T11:00:00.008000+00:00,2022-11-23T03:00:00+00:00,2022-11-23T19:00:00.014000+00:00,2022-11-30T11:00:00+00:00,0.0001,0.70036608289645363,7.024827080886521e-05,9.3415943718572173e-05,0.33219592025557326,1.0704810765629384,8.4831590790695461,0.00042718000000000004,True,0,0.00023360859289219267,0.23962895953905963,0.97547332056932834,data/BTC-USDT/BTC-USDT_binance_2020-01-01_2024-01-01_funding_history.csv,True
BTC-USDT:binance,2022-12-01T19:00:00+00:00,2022-12,3197,2022-06-04T19:00:00.007000+00:00,2022-12-01T11:00:00.006000+00:00,2022-12-02T03:00:00.001000+00:00,2022-12-08T19:00:00.014000+00:00,0.0001,0.69071095864441223,7.0381644511035906e-05,9.2868648644719377e-05,0.3185230219818081,1.07678965355211,7.9745842536658094,0.00062514999999999988,True,2,0.00022322793443901344,0.23484618310847755,0.92089454311001318,data/BTC-USDT/BTC-USDT_binance_2020-01-01_2024-01-01_funding_history.csv,True
BTC-USDT:binance,2022-12-13T19:00:00.011000+00:00,2022-12,3233,2022-06-16T19:00:00+00:00,2022-12-13T11:00:00.018000+00:00,2022-12-14T03:00:00.010000+00:00,2022-12-20T19:00:00+00:00,0.0001,0.69126748361906964,6.9535988241628048e-05,9.1951103857052611e-05,0.32702931636054711,1.0875345243865722,7.9097955041268673,0.0011918300000000001,True,8,0.00022380890159655166,0.23795208828620973,0.94634228824447653,data/BTC-USDT/BTC-USDT_binance_2020-01-01_2024-01-01_funding_history.csv,True
BTC-USDT:binance,2022-12-23T03:00:00.018000+00:00,2022-12,3261,2022-06-26T03:00:00.002000+00:00,2022-12-22T19:00:00.001000+00:00,2022-12-23T11:00:00+00:00,2022-12-30T03:00:00+00:00,0.0001,0.69685260751470879,6.9154726887095202e-05,9.1692178190047843e-05,0.33801192302238275,1.0906055671698929,8.3634103182637762,0.00112787,True,9,0.00022975573782053199,0.24180330051688709,0.9869838649036593,data/BTC-USDT/BTC-USDT_binance_2020-01-01_2024-01-01_funding_history.csv,True
BTC-USDT:binance,2022-12-30T19:00:00+00:00,2022-12,3284,2022-07-03T19:00:00.005000+00:00,2022-12-30T11:00:00+00:00,2022-12-31T03:00:00.014000+00:00,2023-01-06T19:00:00+00:00,0.0001,0.7027468697835566,6.8685114379741583e-05,9.1138292100321436e-05,0.35083128905475741,1.0972336401687663,8.8930134875785392,0.0012257699999999997,True,6,0.0002362702474441032,0.24619228886898736,1.034108017956197,data/BTC-USDT/BTC-USDT_binance_2020-01-01_2024-01-01_funding_history.csv,True
BTC-USDT:binance,2023-01-07T19:00:00+00:00,2023-01,3308,2022-07-11T19:00:00.001000+00:00,2023-01-07T11:00:00.017000+00:00,2023-01-08T03:00:00.015000+00:00,2023-01-14T19:00:00+00:00,0.0001,0.70199127516126258,6.8458035759161122e-05,9.1015487420444116e-05,0.35208886002945372,1.0987141071722455,8.7001954702151192,0.0016870400000000001,True,4,0.00023542098632090098,0.24665482406865388,1.0365687316577985,data/BTC-USDT/BTC-USDT_binance_2020-01-01_2024-01-01_funding_history.csv,True
BTC-USDT:binance,2023-01-15T03:00:00.010000+00:00,2023-01,3330,2022-07-19T03:00:00+00:00,2023-01-14T19:00:00+00:00,2023-01-15T11:00:00.002000+00:00,2023-01-22T03:00:00+00:00,0.00013711999999999999,0.6898663026540065,7.1040288387498273e-05,9.2834047361750128e-05,0.5858926774760902,1.4770442945967768,8.7964950192343903,0.0022232599999999995,True,21,0.00030488647330816478,0.31852737357675198,1.6915727078733818,data/BTC-USDT/BTC-USDT_binance_2020-01-01_2024-01-01_funding_history.csv,True
BTC-USDT:binance,2023-01-22T11:00:00+00:00,2023-01,3352,2022-07-26T11:00:00+00:00,2023-01-22T03:00:00+00:00,2023-01-22T19:00:00.023000+00:00,2023-01-29T11:00:00+00:00,0.0001,0.69886987871556361,7.091874235405014e-05,9.3397766289424994e-05,0.32399886694055863,1.070689417668895,9.0063253586518943,0.0020954100000000002,True,21,0.00023195705154880768,0.23669123981232196,0.9491309975386939,data/BTC-USDT/BTC-USDT_binance_2020-01-01_2024-01-01_funding_history.csv,True
BTC-USDT:binance,2023-01-29T19:00:00.008000+00:00,2023-01,3374,2022-08-02T19:00:00.014000+00:00,2023-01-29T11:00:00+00:00,2023-01-30T03:00:00.001000+00:00,2023-02-05T19:00:00.018000+00:00,0.0001,0.70277250616345444,7.082626996878702e-05,9.364163706609212e-05,0.32997401682576777,1.0679010228048464,9.134103979209037,0.0020999999999999999,True,21,0.00023629913621272896,0.23876125045990118,0.97266887749560826,data/BTC-USDT/BTC-USDT_binance_2020-01-01_2024-01-01_funding_history.csv,True
BTC-USDT:binance,2023-02-06T03:00:00.001000+00:00,2023-02,3396,2022-08-10T03:00:00+00:00,2023-02-05T19:00:00.018000+00:00,2023-02-06T11:00:00+00:00,2023-02-13T03:00:00.006000+00:00,0.0001,0.71562094182354608,7.0340827303332266e-05,9.4063525578931407e-05,0.35265833605686692,1.0631113323100687,9.6051135701858215,0.00178184,True,21,0.00025141990978993123,0.246373496695418,1.0607226685612738,data/BTC-USDT/BTC-USDT_binance_2020-01-01_2024-01-01_funding_history.csv,True
BTC-USDT:binance,2023-02-13T19:00:00.002000+00:00,2023-02,3419,2022-08-17T19:00:00.001000+00:00,2023-02-13T11:00:00.008000+00:00,2023-02-14T03:00:00.013000+00:00,2023-02-20T19:00:00.006000+00:00,0.0001,0.72535792993701576,6.9948541156474465e-05,9.4210007290371358e-05,0.37163526423172905,1.061458361761749,10.244789047081072,0.0020613599999999999,True,21,0.00026379882869086364,0.25244272205415713,1.1346725181205108,data/BTC-USDT/BTC-USDT_binance_2020-01-01_2024-01-01_funding_history.csv,True
BTC-USDT:binance,2023-02-21T03:00:00.001000+00:00,2023-02,3441,2022-08-25T03:00:00.003000+00:00,2023-02-20T19:00:00.006000+00:00,2023-02-21T11:00:00.004000+00:00,2023-02-28T03:00:00.011000+00:00,0.0001,0.7350589284135326,6.992377881232957e-05,9.4048511851747054e-05,0.38795038628373657,1.0632810453995758,11.241772275358651,0.0012054200000000002,True,13,0.00027700997069829767,0.25733922493933098,1.2019875372250117,data/BTC-USDT/BTC-USDT_binance_2020-01-01_2024-01-01_funding_history.csv,True
BTC-USDT:binance,2023-03-01T11:00:00+00:00,2023-03,3466,2022-09-02T11:00:00.013000+00:00,2023-03-01T03:00:00.016000+00:00,2023-03-01T19:00:00.008000+00:00,2023-03-08T11:00:00.014000+00:00,0.0001,0.73859289979395071,6.9539184116572601e-05,9.2830542567600959e-05,0.39846231302540885,1.0772316657222822,12.159169118253491,0.00083690999999999995,True,5,0.00028205800520892017,0.26055966700049221,1.2410935182781444,data/BTC-USDT/BTC-USDT_binance_2020-01-01_2024-01-01_funding_history.csv,True
BTC-USDT:binance,2023-03-08T19:00:00.021000+00:00,2023-03,3488,2022-09-09T19:00:00+00:00,2023-03-08T11:00:00.014000+00:00,2023-03-09T03:00:00.010000+00:00,2023-03-15T19:00:00.012000+00:00,0.0001,0.74273084244045839,6.9086938369069062e-05,9.2644153439598608e-05,0.41127920261835899,1.0793989289912094,12.362013617012968,0.0016022400000000002,True,3,0.00028813833841711433,0.26440967775258883,1.2889063220565549,data/BTC-USDT/BTC-USDT_binance_2020-01-01_2024-01-01_funding_history.csv,True
BTC-USDT:binance,2023-03-16T03:00:00.004000+00:00,2023-03,3510,2022-09-17T03:00:00+00:00,2023-03-15T19:00:00.012000+00:00,2023-03-16T11:00:00.018000+00:00,2023-03-23T03:00:00.016000+00:00,0.0001,0.74051040578630534,7.0812858257417324e-05,9.4244894862433124e-05,0.38757376087996398,1.0610654311405139,12.262472409000074,0.00147912,True,21,0.00028485243163937413,0.25683909530443205,1.2106262230023703,data/BTC-USDT/BTC-USDT_binance_2020-01-01_2024-01-01_funding_history.csv,True
BTC-USDT:binance,2023-03-23T19:00:00.013000+00:00,2023-03,3533,2022-09-24T19:00:00+00:00,2023-03-23T11:00:00.001000+00:00,2023-03-24T03:00:00.013000+00:00,2023-03-30T19:00:00.006000+00:00,0.0001,0.74716835463096187,7.0112518192138608e-05,9.3883362328219859e-05,0.40749653924266965,1.0651514551683412,12.821319591458968,0.00079840999999999994,True,3,0.00029487091465412769,0.26284022997792267,1.2854273328836219,data/BTC-USDT/BTC-USDT_binance_2020-01-01_2024-01-01_funding_history.csv,True
BTC-USDT:binance,2023-03-31T19:00:00.011000+00:00,2023-03,3557,2022-10-02T19:00:00.006000+00:00,2023-03-31T11:00:00.006000+00:00,2023-04-01T03:00:00+00:00,2023-04-07T19:00:00+00:00,0.0001,0.74573192321689719,7.0240525007705297e-05,9.4098068933828378e-05,0.40334959058748648,1.0627210646620386,12.640654494525817,0.00061531999999999993,True,7,0.00029266693695865348,0.26161490724598002,1.2696635468099424,data/BTC-USDT/BTC-USDT_binance_2020-01-01_2024-01-01_funding_history.csv,True
BTC-USDT:binance,2023-04-10T03:00:00+00:00,2023-04,3585,2022-10-12T03:00:00.014000+00:00,2023-04-09T19:00:00.010000+00:00,2023-04-10T11:00:00.010000+00:00,2023-04-17T03:00:00.017000+00:00,0.0001,0.73696598281428993,7.0501706700508383e-05,9.4284697016483397e-05,0.38485578930906827,1.0606175038407073,11.952984283875917,0.0015071400000000003,True,11,0.0002797178244788621,0.25618384452339243,1.1958073538699481,data/BTC-USDT/BTC-USDT_binance_2020-01-01_2024-01-01_funding_history.csv,True
BTC-USDT:binance,2023-04-17T19:00:00+00:00,2023-04,3608,2022-10-19T19:00:00.016000+00:00,2023-04-17T11:00:00.006000+00:00,2023-04-18T03:00:00.013000+00:00,2023-04-24T19:00:00.006000+00:00,0.0001,0.73378735364844694,7.1048498844286328e-05,9.4449851830157358e-05,0.37366300868567343,1.0587629102883411,12.007665958623932,0.00109001,True,1,0.00027522525373482648,0.25263731713966403,1.1555138157373588,data/BTC-USDT/BTC-USDT_binance_2020-01-01_2024-01-01_funding_history.csv,True
BTC-USDT:binance,2023-04-26T19:00:00.001000+00:00,2023-04,3635,2022-10-28T19:00:00.007000+00:00,2023-04-26T11:00:00.013000+00:00,2023-04-27T03:00:00.014000+00:00,2023-05-03T19:00:00.011000+00:00,0.0001,0.73683848283297904,7.0882476742935131e-05,9.433572580728306e-05,0.380516409974958,1.0600437866380379,12.184616629195167,0.00087995000000000011,True,13,0.00027953560488057946,0.25474403774429749,1.1820990081693281,data/BTC-USDT/BTC-USDT_binance_2020-01-01_2024-01-01_funding_history.csv,True
BTC-USDT:binance,2023-05-04T03:00:00+00:00,2023-05,3657,2022-11-05T03:00:00.009000+00:00,2023-05-03T19:00:00.011000+00:00,2023-05-04T11:00:00+00:00,2023-05-11T03:00:00.011000+00:00,0.0001,0.73682965312277471,7.113628631811328e-05,9.4363625264133226e-05,0.37779111467825921,1.0597303751322611,12.37678098979285,0.0011219100000000003,True,21,0.00027952299199417066,0.25383073826085573,1.1736172156790863,data/BTC-USDT/BTC-USDT_binance_2020-01-01_2024-01-01_funding_history.csv,True
BTC-USDT:binance,2023-05-18T03:00:00+00:00,2023-05,3699,2022-11-19T03:00:00+00:00,2023-05-17T19:00:00.001000+00:00,2023-05-18T11:00:00.026000+00:00,2023-05-25T03:00:00+00:00,0.0001,0.79846649757326582,4.5005437211967206e-05,4.915272697358097e-05,1.2807619713497491,2.0344751178047327,28.219730541674853,0.0011362300000000002,True,7,0.00039268547221503984,0.45546919632245159,4.3417992587350343,data/BTC-USDT/BTC-USDT_binance_2020-01-01_2024-01-01_funding_history.csv,True
BTC-USDT:binance,2023-05-25T11:00:00.025000+00:00,2023-05,3721,2022-11-26T11:00:00+00:00,2023-05-25T03:00:00+00:00,2023-05-25T19:00:00.016000+00:00,2023-06-01T11:00:00.012000+00:00,0.0001,0.8088442377292463,4.4277154636636798e-05,4.8505048314755514e-05,1.4037858446842355,2.0616410760192858,29.108513412981306,0.0016338199999999998,True,21,0.00041821726717988794,0.47371202068105439,4.8249541444494843,data/BTC-USDT/BTC-USDT_binance_2020-01-01_2024-01-01_funding_history.csv,True
BTC-USDT:binance,2023-06-01T19:00:00+00:00,2023-06,3743,2022-12-03T19:00:00.011000+00:00,2023-06-01T11:00:00.012000+00:00,2023-06-02T03:00:00+00:00,2023-06-08T19:00:00+00:00,0.0001,0.82044267371746915,4.3730018842654721e-05,4.7705305983120716e-05,1.5426638464460696,2.0962028843370675,30.682992700562181,0.0012990600000000001,True,12,0.00044976610496435951,0.49245227276779296,5.3829506024076954,data/BTC-USDT/BTC-USDT_binance_2020-01-01_2024-01-01_funding_history.csv,True
BTC-USDT:binance,2023-06-13T03:00:00+00:00,2023-06,3777,2022-12-15T03:00:00+00:00,2023-06-12T19:00:00.001000+00:00,2023-06-13T11:00:00+00:00,2023-06-20T03:00:00.001000+00:00,0.0001,0.82126053313351532,4.4096241622748535e-05,4.7038979093370723e-05,1.5248228548968499,2.1258964783547603,32.007888603751113,0.00103633,True,5,0.00045212228903377424,0.48928576225401638,5.3262928413243511,data/BTC-USDT/BTC-USDT_binance_2020-01-01_2024-01-01_funding_history.csv,True
BTC-USDT:binance,2023-06-21T11:00:00+00:00,2023-06,3802,2022-12-23T11:00:00+00:00,2023-06-21T03:00:00+00:00,2023-06-21T19:00:00+00:00,2023-06-28T11:00:00+00:00,0.0001,0.81937723129669593,4.4235882355077409e-05,4.7262458522219179e-05,1.4977489842951917,2.1158442266177855,31.677305295276206,0.0020108900000000004,True,21,0.00044672376838042808,0.48562727221179874,5.2190587580069456,data/BTC-USDT/BTC-USDT_binance_2020-01-01_2024-01-01_funding_history.csv,True
BTC-USDT:binance,2023-06-29T19:00:00+00:00,2023-06,3827,2022-12-31T19:00:00+00:00,2023-06-29T11:00:00+00:00,2023-06-30T03:00:00+00:00,2023-07-06T19:00:00+00:00,0.0001,0.82884595287828855,4.3850322279445456e-05,4.6957630475821498e-05,1.6174942001726873,2.1295793460338688,32.631127998047816,0.00199212,True,21,0.0004748709454274469,0.50082413161836592,5.7048492850150065,data/BTC-USDT/BTC-USDT_binance_2020-01-01_2024-01-01_funding_history.csv,True
BTC-USDT:binance,2023-07-14T03:00:00+00:00,2023-07,3870,2023-01-15T03:00:00.010000+00:00,2023-07-13T19:00:00+00:00,2023-07-14T11:00:00+00:00,2023-07-21T03:00:00.001000+00:00,0.0001,0.86233540518173313,3.8713468153446666e-05,4.3681883535454086e-05,2.6302053943464099,2.289278572862723,35.130814373897415,0.0011025500000000001,True,2,0.00059847423951954297,0.61627135737102834,9.6572597633107922,data/BTC-USDT/BTC-USDT_binance_2020-01-01_2024-01-01_funding_history.csv,True
BTC-USDT:binance,2023-07-23T11:00:00+00:00,2023-07,3898,2023-01-24T11:00:00.008000+00:00,2023-07-23T03:00:00+00:00,2023-07-23T19:00:00+00:00,2023-07-30T11:00:00+00:00,0.0001,0.8450775226295103,3.9611236433844919e-05,4.3483387856484082e-05,2.2106028738948078,2.2997288143703911,33.657623012029084,0.0014970699999999999,True,21,0.00052957634290601492,0.57656681128966714,7.9547722151537741,data/BTC-USDT/BTC-USDT_binance_2020-01-01_2024-01-01_funding_history.csv,True
BTC-USDT:binance,2023-08-01T19:00:00+00:00,2023-08,3926,2023-02-02T19:00:00.003000+00:00,2023-08-01T11:00:00+00:00,2023-08-02T03:00:00+00:00,2023-08-08T19:00:00+00:00,0.0001,0.83488234164881725,3.9933535284525986e-05,4.303058542194104e-05,2.0287748467817441,2.3239284109067824,33.167355305049078,0.0019504600000000002,True,21,0.00049420094614825423,0.55790051948691788,7.2097697301630053,data/BTC-USDT/BTC-USDT_binance_2020-01-01_2024-01-01_funding_history.csv,True
BTC-USDT:binance,2023-08-10T03:00:00.001000+00:00,2023-08,3951,2023-02-11T03:00:00.007000+00:00,2023-08-09T19:00:00+00:00,2023-08-10T11:00:00+00:00,2023-08-17T03:00:00+00:00,0.0001,0.83244525850934714,4.0108441685125895e-05,4.2862485698854159e-05,1.9790603297884859,2.3330424815440254,33.112298085102175,0.0019934200000000001,True,21,0.00048625976860402863,0.55224073347996383,7.0117400622089123,data/BTC-USDT/BTC-USDT_binance_2020-01-01_2024-01-01_funding_history.csv,True
BTC-USDT:binance,2023-08-17T11:00:00+00:00,2023-08,3973,2023-02-18T11:00:00+00:00,2023-08-17T03:00:00+00:00,2023-08-17T19:00:00+00:00,2023-08-24T11:00:00+00:00,0.0001,0.84046208318770832,3.9298864729049239e-05,4.2359546396253809e-05,2.1751174437962661,2.3607429377204991,33.796997563779087,0.00011474,True,2,0.00051311609802500249,0.5746091610126709,7.7832664350780458,data/BTC-USDT/BTC-USDT_binance_2020-01-01_2024-01-01_funding_history.csv,True
BTC-USDT:binance,2023-08-29T19:00:00+00:00,2023-08,4010,2023-03-02T19:00:00+00:00,2023-08-29T11:00:00+00:00,2023-08-30T03:00:00+00:00,2023-09-05T19:00:00+00:00,-0.00010933999999999999,0.82919292238311781,3.9370563244181449e-05,4.3845209494164398e-05,2.4042108301377763,2.4937730087605732,-30.762081160727753,-0.00068596000000000011,False,0,0.00052040548084059828,0.61040934058582808,8.4832875974690065,data/BTC-USDT/BTC-USDT_binance_2020-01-01_2024-01-01_funding_history.csv,True
BTC-USDT:binance,2023-10-12T03:00:00+00:00,2023-10,4140,2023-04-15T03:00:00.007000+00:00,2023-10-11T19:00:00+00:00,2023-10-12T11:00:00+00:00,2023-10-19T03:00:00+00:00,0.0001,0.82896806604123185,3.5493274175439717e-05,4.2709604715102334e-05,2.4707974231289218,2.3413937138275478,26.808750877459811,0.00032029000000000004,True,8,0.00047525086081784363,0.61892370613167447,8.715765551531458,data/BTC-USDT/BTC-USDT_binance_2020-01-01_2024-01-01_funding_history.csv,True
BTC-USDT:binance,2023-10-19T19:00:00+00:00,2023-10,4163,2023-04-22T19:00:00.016000+00:00,2023-10-19T11:00:00.001000+00:00,2023-10-20T03:00:00+00:00,2023-10-26T19:00:00+00:00,-0.00011006,0.82345962131156181,3.518602970413621e-05,4.2755444670823654e-05,2.9408928208862313,2.5741750751829984,-25.622639270770883,-0.0012071800000000002,False,1,0.00050467885254161743,0.67832519101809508,10.301690602253245,data/BTC-USDT/BTC-USDT_binance_2020-01-01_2024-01-01_funding_history.csv,True
BTC-USDT:binance,2023-10-27T03:00:00+00:00,2023-10,4185,2023-04-30T03:00:00.008000+00:00,2023-10-26T19:00:00+00:00,2023-10-27T11:00:00+00:00,2023-11-03T03:00:00+00:00,0.0001,0.8267557220525773,3.5577693991609542e-05,4.4093761862660225e-05,2.4245433195853838,2.267894499713409,24.866606860119436,0.0020999999999999999,True,21,0.00046843670566938482,0.61424906870393736,8.5286899583645219,data/BTC-USDT/BTC-USDT_binance_2020-01-01_2024-01-01_funding_history.csv,True
BTC-USDT:binance,2023-11-03T11:00:00+00:00,2023-11,4207,2023-05-07T11:00:00+00:00,2023-11-03T03:00:00+00:00,2023-11-03T19:00:00+00:00,2023-11-10T11:00:00+00:00,0.0001,0.84358866992168846,3.492661941527833e-05,4.4546310696403159e-05,2.8138991959615871,2.2448548137135496,25.597714804302715,0.0022170900000000001,True,21,0.00052418305575953404,0.6515066087125857,10.107482934810914,data/BTC-USDT/BTC-USDT_binance_2020-01-01_2024-01-01_funding_history.csv,True
BTC-USDT:binance,2023-11-10T19:00:00+00:00,2023-11,4229,2023-05-14T19:00:00.008000+00:00,2023-11-10T11:00:00+00:00,2023-11-11T03:00:00+00:00,2023-11-17T19:00:00.001000+00:00,0.0001,0.85710022682683829,3.5144274574570648e-05,4.5822475528643652e-05,3.0655356686662278,2.1823351716886172,26.323725901390489,0.0031668599999999992,True,21,0.00057625890058738013,0.6697704847718684,11.188919365256114,data/BTC-USDT/BTC-USDT_binance_2020-01-01_2024-01-01_funding_history.csv,True
BTC-USDT:binance,2023-11-18T03:00:00+00:00,2023-11,4251,2023-05-22T03:00:00.028000+00:00,2023-11-17T19:00:00.001000+00:00,2023-11-18T11:00:00+00:00,2023-11-25T03:00:00+00:00,0.0001,0.87178079889711657,3.6508248182295383e-05,5.0738802582666919e-05,3.1923488426227777,1.9708782018864868,25.635809321396025,0.0020999999999999999,True,21,0.00064180714771899675,0.66993361311709587,11.842084963277941,data/BTC-USDT/BTC-USDT_binance_2020-01-01_2024-01-01_funding_history.csv,True
BTC-USDT:binance,2023-11-25T11:00:00+00:00,2023-11,4273,2023-05-29T11:00:00.020000+00:00,2023-11-25T03:00:00+00:00,2023-11-25T19:00:00+00:00,2023-12-02T11:00:00+00:00,0.0001,0.87613222152578607,3.6155524581872836e-05,5.0972613578290429e-05,3.3774942723914294,1.9618377983778854,25.95945194757844,0.0020692300000000005,True,21,0.00066330015779674444,0.68441378820539089,12.585004374915014,data/BTC-USDT/BTC-USDT_binance_2020-01-01_2024-01-01_funding_history.csv,True
BTC-USDT:binance,2023-12-03T03:00:00+00:00,2023-12,4296,2023-06-06T03:00:00+00:00,2023-12-02T19:00:00+00:00,2023-12-03T11:00:00+00:00,2023-12-10T03:00:00+00:00,0.0001,0.88775079761099696,3.4987933112102853e-05,5.1207565820018937e-05,4.0057448380197185,1.9528364295126541,26.263535946456294,0.0027310899999999998,True,21,0.00072597857253570023,0.73017935584155313,15.088759667280764,data/BTC-USDT/BTC-USDT_binance_2020-01-01_2024-01-01_funding_history.csv,True
BTC-USDT:binance,2023-12-10T11:00:00+00:00,2023-12,4318,2023-06-13T11:00:00+00:00,2023-12-10T03:00:00+00:00,2023-12-10T19:00:00+00:00,2023-12-17T11:00:00+00:00,0.00020383000000000001,0.89641562159717902,3.6295120003597219e-05,5.3588494747519777e-05,16.839051532543415,3.8036149542982605,26.538996495151189,0.0023332499999999994,True,21,0.0015864448522631878,1.4702837923519059,63.852974855227401,data/BTC-USDT/BTC-USDT_binance_2020-01-01_2024-01-01_funding_history.csv,True
BTC-USDT:binance,2023-12-18T03:00:00+00:00,2023-12,4341,2023-06-21T03:00:00+00:00,2023-12-17T19:00:00+00:00,2023-12-18T11:00:00.001000+00:00,2023-12-25T03:00:00+00:00,0.00013354999999999999,0.90371553320502518,3.5680818121034687e-05,5.4506131545349662e-05,8.0791257167489263,2.4501830567242702,27.38004887644199,0.00365358,True,21,0.0011039358847102926,1.0008028835814589,30.765723654477984,data/BTC-USDT/BTC-USDT_binance_2020-01-01_2024-01-01_funding_history.csv,True
BTC-USDT:bybit,2021-10-08T03:00:00+00:00,2021-10,840,2021-04-11T03:00:00+00:00,2021-10-07T19:00:00+00:00,2021-10-08T11:00:00+00:00,2021-10-15T03:00:00+00:00,0.00092482999999999997,0.71232001655322363,0.00029393655392715015,0.00040546897362073132,1.703829006893177,2.280889686186125,8.0779400088080067,0.0048075200000000018,True,21,0.002288112409697801,0.54183340548610803,5.0984957590895483,data/BTC-USDT/BTC-USDT_bybit_2021-01-01_2024-01-01_funding_history.csv,True
BTC-USDT:bybit,2021-10-16T19:00:00+00:00,2021-10,866,2021-04-19T19:00:00+00:00,2021-10-16T11:00:00+00:00,2021-10-17T03:00:00+00:00,2021-10-23T19:00:00+00:00,0.00067696,0.58077414832175334,0.00023928404812013533,0.0002826367320909379,0.85997397264365427,2.3951593092372341,7.5637570566881749,0.013316900000000001,True,21,0.00093781553196496345,0.37956533797260872,2.0368788477783686,data/BTC-USDT/BTC-USDT_bybit_2021-01-01_2024-01-01_funding_history.csv,True
BTC-USDT:bybit,2021-10-25T03:00:00+00:00,2021-10,891,2021-04-28T03:00:00+00:00,2021-10-24T19:00:00+00:00,2021-10-25T11:00:00+00:00,2021-11-01T03:00:00+00:00,0.0008474,0.65839303042533093,0.00025049538329161963,0.00031543958531925063,1.5986407658806561,2.6864098212098586,8.4281726788018005,0.0094429600000000002,True,21,0.0016329766403587124,0.52619422932080917,4.3782819372733552,data/BTC-USDT/BTC-USDT_bybit_2021-01-01_2024-01-01_funding_history.csv,True
BTC-USDT:bybit,2021-11-03T19:00:00+00:00,2021-11,920,2021-05-07T19:00:00+00:00,2021-11-03T11:00:00+00:00,2021-11-04T03:00:00+00:00,2021-11-10T19:00:00+00:00,0.00083608,0.66759847056968491,0.0002503927851365859,0.00031776320995756022,1.6110101258134055,2.631141597895065,8.7384157196306731,0.01021621,True,21,0.0016788445439156715,0.52843010526188106,4.4822719033135225,data/BTC-USDT/BTC-USDT_bybit_2021-01-01_2024-01-01_funding_history.csv,True
BTC-USDT:bybit,2022-05-12T19:00:00+00:00,2022-05,1490,2021-11-13T19:00:00+00:00,2022-05-12T11:00:00+00:00,2022-05-13T03:00:00+00:00,2022-05-19T19:00:00+00:00,-0.00064305000000000005,0.61932700803359231,0.00010620838613155494,0.00012085803592642851,4.4671132762814736,5.3207053637000374,-13.420026692209081,0.00077786000000000001,True,3,0.001046150474295188,0.8748837254726014,11.404999835819897,data/BTC-USDT/BTC-USDT_bybit_2021-01-01_2024-01-01_funding_history.csv,True
BTC-USDT:bybit,2022-06-19T03:00:00+00:00,2022-06,1602,2021-12-21T03:00:00+00:00,2022-06-18T19:00:00+00:00,2022-06-19T11:00:00+00:00,2022-06-26T03:00:00+00:00,-0.00016071,0.34170321682095373,9.8356691030589309e-05,0.00010044333123972212,0.14516119394502724,1.6000066705916294,-9.4774066753949917,-0.00097000000000000016,False,0,8.3420009590905243e-05,0.12455302670837597,0.17646879823828926,data/BTC-USDT/BTC-USDT_bybit_2021-01-01_2024-01-01_funding_history.csv,True
BTC-USDT:bybit,2022-07-01T03:00:00+00:00,2022-07,1638,2022-01-02T03:00:00+00:00,2022-06-30T19:00:00+00:00,2022-07-01T11:00:00+00:00,2022-07-08T03:00:00+00:00,-0.00021248999999999999,0.29759448932479743,9.9242512167071662e-05,0.0001008844309497355,0.22083684982657323,2.1062714831178528,-8.4513169353712723,-0.00055549000000000017,False,0,9.0027558262293229e-05,0.14159736044309068,0.22272776864783492,data/BTC-USDT/BTC-USDT_bybit_2021-01-01_2024-01-01_funding_history.csv,True
BTC-USDT:bybit,2022-08-29T11:00:00+00:00,2022-08,1816,2022-03-02T11:00:00+00:00,2022-08-29T03:00:00+00:00,2022-08-29T19:00:00+00:00,2022-09-05T11:00:00+00:00,-0.00012872,0.3929966571853914,8.5211369547128854e-05,8.6122252253248685e-05,0.14265023489953185,1.4946195278485004,-12.387911047398845,-0.0012524200000000002,False,1,8.3338139992453143e-05,0.13312026133974844,0.20840279110949,data/BTC-USDT/BTC-USDT_bybit_2021-01-01_2024-01-01_funding_history.csv,True
BTC-USDT:bybit,2022-09-09T19:00:00+00:00,2022-09,1850,2022-03-13T19:00:00+00:00,2022-09-09T11:00:00+00:00,2022-09-10T03:00:00+00:00,2022-09-16T19:00:00+00:00,-0.00015317999999999999,0.40379221575507479,8.4630601971350677e-05,8.5615751331754407e-05,0.21091748148819181,1.7891567569901869,-12.417699955025132,-0.00025501000000000001,False,2,0.0001037438505705677,0.16408115831384809,0.31910579252046989,data/BTC-USDT/BTC-USDT_bybit_2021-01-01_2024-01-01_funding_history.csv,True
BTC-USDT:bybit,2022-10-04T19:00:00+00:00,2022-10,1925,2022-04-07T19:00:00+00:00,2022-10-04T11:00:00+00:00,2022-10-05T03:00:00+00:00,2022-10-11T19:00:00+00:00,-0.00012187,0.44567011869846929,7.9072508978990442e-05,8.1764632391014851e-05,0.17160802370769107,1.4904977425593164,-12.077450916277536,-0.0014711700000000002,False,1,9.7981034190612942e-05,0.15499413294431616,0.29437581486920583,data/BTC-USDT/BTC-USDT_bybit_2021-01-01_2024-01-01_funding_history.csv,True
BTC-USDT:bybit,2022-10-26T03:00:00+00:00,2022-10,1989,2022-04-29T03:00:00+00:00,2022-10-25T19:00:00+00:00,2022-10-26T11:00:00+00:00,2022-11-02T03:00:00+00:00,-0.00022279999999999999,0.53886502615424248,7.2941926337171675e-05,7.7471620612703647e-05,0.8810177773443244,2.8758918199713728,-13.815234679540524,-7.0789999999999991e-05,False,4,0.00026035512141173124,0.37689291098781402,1.9088742711301856,data/BTC-USDT/BTC-USDT_bybit_2021-01-01_2024-01-01_funding_history.csv,True
BTC-USDT:bybit,2022-11-04T19:00:00+00:00,2022-11,2018,2022-05-08T19:00:00+00:00,2022-11-04T11:00:00+00:00,2022-11-05T03:00:00+00:00,2022-11-11T19:00:00+00:00,-0.00011263,0.53434891205613999,7.2565935091285308e-05,7.7939395301540322e-05,0.22442933898534342,1.4450971753661281,-12.801594091115719,0.0029576300000000002,True,2,0.00012924613234679942,0.18974775232942678,0.48136852277885217,data/BTC-USDT/BTC-USDT_bybit_2021-01-01_2024-01-01_funding_history.csv,True
BTC-USDT:bybit,2022-11-12T19:00:00+00:00,2022-11,2042,2022-05-16T19:00:00+00:00,2022-11-12T11:00:00+00:00,2022-11-13T03:00:00+00:00,2022-11-19T19:00:00+00:00,-0.00023165999999999999,0.6445803514365972,7.6355721474253031e-05,9.4295636553615799e-05,1.2237745179004778,2.456741461926288,-9.1318284435276116,0.0034603400000000001,True,2,0.0004200913752853508,0.45982870011956661,3.2714970225549913,data/BTC-USDT/BTC-USDT_bybit_2021-01-01_2024-01-01_funding_history.csv,True
BTC-USDT:bybit,2022-11-22T03:00:00+00:00,2022-11,2070,2022-05-26T03:00:00+00:00,2022-11-21T19:00:00+00:00,2022-11-22T11:00:00+00:00,2022-11-29T03:00:00+00:00,-0.00012841,0.67303841858710434,8.5242855864443452e-05,0.00011212772421373649,0.33461030053690771,1.145211863528296,-6.1202952667560409,0.0021819900000000004,True,0,0.00026426256230495404,0.24084547191897759,0.93956917319894495,data/BTC-USDT/BTC-USDT_bybit_2021-01-01_2024-01-01_funding_history.csv,True
BTC-USDT:bybit,2022-12-01T03:00:00+00:00,2022-12,2097,2022-06-04T03:00:00+00:00,2022-11-30T19:00:00+00:00,2022-12-01T11:00:00+00:00,2022-12-08T03:00:00+00:00,-0.00018600999999999999,0.64563545617254381,9.1109005268098808e-05,0.00011759798171000737,0.55622808057938655,1.5817448335014315,-4.433145368451898,0.00010535999999999991,True,2,0.00033886677319813779,0.31004413212622545,1.4897411782650969,data/BTC-USDT/BTC-USDT_bybit_2021-01-01_2024-01-01_funding_history.csv,True
BTC-USDT:bybit,2022-12-09T03:00:00+00:00,2022-12,2121,2022-06-12T03:00:00+00:00,2022-12-08T19:00:00+00:00,2022-12-09T11:00:00+00:00,2022-12-16T03:00:00+00:00,-0.0003213,0.63706765366034046,9.3801450339356035e-05,0.00012052771340271352,1.5192981749078178,2.6657769481318838,-3.6545950955005053,0.00279313,True,8,0.000563945393576039,0.51185096191885926,4.0072934991133158,data/BTC-USDT/BTC-USDT_bybit_2021-01-01_2024-01-01_funding_history.csv,True
BTC-USDT:bybit,2022-12-31T11:00:00+00:00,2022-12,2188,2022-07-04T11:00:00+00:00,2022-12-31T03:00:00+00:00,2022-12-31T19:00:00+00:00,2023-01-07T11:00:00+00:00,0.00036890000000000002,0.67264266182770227,9.5504670250059351e-05,0.00012814935869574922,2.1967519595156806,2.8786722286752782,2.9044212784159624,0.0024420900000000001,True,16,0.00075781981043882224,0.61710470417217445,6.1642697822856931,data/BTC-USDT/BTC-USDT_bybit_2021-01-01_2024-01-01_funding_history.csv,True
BTC-USDT:bybit,2023-01-11T03:00:00+00:00,2023-01,2220,2022-07-15T03:00:00+00:00,2023-01-10T19:00:00+00:00,2023-01-11T11:00:00+00:00,2023-01-18T03:00:00+00:00,-0.00041990000000000001,0.69052449798143545,9.6106026215316963e-05,0.00013160876627995417,3.0097705854649695,3.1905169531549404,-3.0716558564147047,0.00114832,True,1,0.00093651869748034714,0.72191378495124325,8.6990308923100041,data/BTC-USDT/BTC-USDT_bybit_2021-01-01_2024-01-01_funding_history.csv,True
BTC-USDT:bybit,2023-06-13T03:00:00+00:00,2023-06,2679,2022-12-15T03:00:00+00:00,2023-06-12T19:00:00+00:00,2023-06-13T11:00:00+00:00,2023-06-20T03:00:00+00:00,0.0001,0.77740754546625279,5.794486458214859e-05,7.8778422456454093e-05,0.69060822752363715,1.2693831239801285,20.121671761036293,0.0012622400000000002,True,4,0.00034748645590117986,0.33820524049111494,2.2747257938208367,data/BTC-USDT/BTC-USDT_bybit_2021-01-01_2024-01-01_funding_history.csv,True
BTC-USDT:bybit,2023-06-22T03:00:00+00:00,2023-06,2706,2022-12-24T03:00:00+00:00,2023-06-21T19:00:00+00:00,2023-06-22T11:00:00+00:00,2023-06-29T03:00:00+00:00,0.0001,0.82183102644789985,5.5523412528712962e-05,7.1858984273643129e-05,0.96517147144397486,1.391614437788242,22.460267335850009,0.00200512,True,21,0.00045377664266668997,0.38910003851661396,3.3738682806966693,data/BTC-USDT/BTC-USDT_bybit_2021-01-01_2024-01-01_funding_history.csv,True
BTC-USDT:bybit,2023-06-29T19:00:00+00:00,2023-06,2729,2022-12-31T19:00:00+00:00,2023-06-29T11:00:00+00:00,2023-06-30T03:00:00+00:00,2023-07-06T19:00:00+00:00,0.0001,0.81003181769322319,5.4409338248512431e-05,7.0610320469726104e-05,0.93611085232743096,1.4162235680954685,22.634851806692378,0.00179984,True,2,0.00042129460133143219,0.38652506973769424,3.22253643933727,data/BTC-USDT/BTC-USDT_bybit_2021-01-01_2024-01-01_funding_history.csv,True
BTC-USDT:bybit,2023-07-07T11:00:00+00:00,2023-07,2752,2023-01-08T11:00:00+00:00,2023-07-07T03:00:00+00:00,2023-07-07T19:00:00+00:00,2023-07-14T11:00:00+00:00,0.0001,0.81805931415018729,5.3597909952483137e-05,6.7652333767517404e-05,1.0120395305173822,1.4781456075653374,23.208232569650093,0.00134267,True,1,0.00044300239001275854,0.39959065894842427,3.5205591530279694,data/BTC-USDT/BTC-USDT_bybit_2021-01-01_2024-01-01_funding_history.csv,True
BTC-USDT:bybit,2023-07-14T19:00:00+00:00,2023-07,2774,2023-01-15T19:00:00+00:00,2023-07-14T11:00:00+00:00,2023-07-15T03:00:00+00:00,2023-07-21T19:00:00+00:00,0.0001,0.87409880967382592,4.0582230582383698e-05,4.1733297222531792e-05,2.6345551401327554,2.3961682075292638,41.70508586844975,0.00110161,True,10,0.0006531301125712102,0.60642911224487994,9.796456835254963,data/BTC-USDT/BTC-USDT_bybit_2021-01-01_2024-01-01_funding_history.csv,True
BTC-USDT:bybit,2023-07-29T03:00:00+00:00,2023-07,2817,2023-01-30T03:00:00+00:00,2023-07-28T19:00:00+00:00,2023-07-29T11:00:00+00:00,2023-08-05T03:00:00+00:00,0.0001,0.875823905246915,3.8905411107214183e-05,4.039275468164634e-05,2.9091729879197978,2.4756915141872708,41.703042008532243,0.0016620900000000004,True,21,0.00066174360449511446,0.63550946897835092,10.83661064126329,data/BTC-USDT/BTC-USDT_bybit_2021-01-01_2024-01-01_funding_history.csv,True
BTC-USDT:bybit,2023-08-05T19:00:00+00:00,2023-08,2840,2023-02-06T19:00:00+00:00,2023-08-05T11:00:00+00:00,2023-08-06T03:00:00+00:00,2023-08-12T19:00:00+00:00,0.0001,0.87203888538006569,3.9176464178463928e-05,4.0449149532227575e-05,2.7783037025438486,2.4722398655211704,41.162226042706898,0.0017544100000000003,True,8,0.00064305384108987677,0.62473593959036611,10.308959782777693,data/BTC-USDT/BTC-USDT_bybit_2021-01-01_2024-01-01_funding_history.csv,True
BTC-USDT:bybit,2023-08-13T03:00:00+00:00,2023-08,2862,2023-02-14T03:00:00+00:00,2023-08-12T19:00:00+00:00,2023-08-13T11:00:00+00:00,2023-08-20T03:00:00+00:00,0.0001,0.87203292621141604,3.9133507314691069e-05,4.0653104192756452e-05,2.784267579509851,2.4598367575044358,40.758711295349663,0.0014965600000000001,True,15,0.00064302501596239599,0.6254117679076977,10.331024528196021,data/BTC-USDT/BTC-USDT_bybit_2021-01-01_2024-01-01_funding_history.csv,True
BTC-USDT:bybit,2023-08-30T19:00:00+00:00,2023-08,2915,2023-03-03T19:00:00+00:00,2023-08-30T11:00:00+00:00,2023-08-31T03:00:00+00:00,2023-09-06T19:00:00+00:00,0.0001,0.85182840763839973,3.9938221005133854e-05,4.2707394454149556e-05,2.2824436291174885,2.3415148893562097,35.943566874686596,0.00065434000000000011,True,21,0.00055507876499239156,0.58154906261059569,8.2797057914928196,data/BTC-USDT/BTC-USDT_bybit_2021-01-01_2024-01-01_funding_history.csv,True
BTC-USDT:bybit,2023-09-07T11:00:00+00:00,2023-09,2938,2023-03-11T11:00:00+00:00,2023-09-07T03:00:00+00:00,2023-09-07T19:00:00+00:00,2023-09-14T11:00:00+00:00,0.0001,0.84976281150781252,3.9818595692634526e-05,4.2983118108581751e-05,2.261934924630352,2.3264947821464492,34.94678901054931,0.00063239000000000004,True,12,0.000547088554280729,0.58028101117935671,8.1852873485130164,data/BTC-USDT/BTC-USDT_bybit_2021-01-01_2024-01-01_funding_history.csv,True
BTC-USDT:bybit,2023-09-18T11:00:00+00:00,2023-09,2971,2023-03-22T11:00:00+00:00,2023-09-18T03:00:00+00:00,2023-09-18T19:00:00+00:00,2023-09-25T11:00:00+00:00,0.0001,0.83866918102458854,3.9482905210391127e-05,4.3304206004897037e-05,2.1287314881014865,2.3092445105376496,32.668268714836842,0.00066895999999999991,True,10,0.00050692391880156147,0.56944418883943593,7.6005298528506877,data/BTC-USDT/BTC-USDT_bybit_2021-01-01_2024-01-01_funding_history.csv,True
BTC-USDT:bybit,2023-09-30T03:00:00+00:00,2023-09,3006,2023-04-03T03:00:00+00:00,2023-09-29T19:00:00+00:00,2023-09-30T11:00:00+00:00,2023-10-07T03:00:00+00:00,0.0001,0.83724098865296281,3.8913168475671102e-05,4.3549352696014605e-05,2.170496008942294,2.2962453816024562,31.594092857598515,0.0012002599999999999,True,6,0.00050206955499027743,0.5757886430973278,7.7360058415288968,data/BTC-USDT/BTC-USDT_bybit_2021-01-01_2024-01-01_funding_history.csv,True
BTC-USDT:bybit,2023-10-11T19:00:00+00:00,2023-10,3041,2023-04-14T19:00:00+00:00,2023-10-11T11:00:00+00:00,2023-10-12T03:00:00+00:00,2023-10-18T19:00:00+00:00,0.0001,0.83716285377059296,3.8877525502938731e-05,4.3777405707714519e-05,2.1733358542269308,2.2842833736577006,31.238225530555432,0.0013460300000000002,True,13,0.00050180595123649769,0.5762078244799872,7.7453793267494042,data/BTC-USDT/BTC-USDT_bybit_2021-01-01_2024-01-01_funding_history.csv,True
BTC-USDT:bybit,2023-10-21T03:00:00+00:00,2023-10,3069,2023-04-24T03:00:00+00:00,2023-10-20T19:00:00+00:00,2023-10-21T11:00:00+00:00,2023-10-28T03:00:00+00:00,0.0001,0.82660010142220586,3.9081009258146605e-05,4.3665974742386174e-05,2.0073563489324506,2.2901126240731986,30.265824172090738,0.0017247700000000003,True,21,0.0004679628190561997,0.55898223231085342,7.0597786385213626,data/BTC-USDT/BTC-USDT_bybit_2021-01-01_2024-01-01_funding_history.csv,True
BTC-USDT:bybit,2023-10-28T11:00:00+00:00,2023-10,3091,2023-05-01T11:00:00+00:00,2023-10-28T03:00:00+00:00,2023-10-28T19:00:00+00:00,2023-11-04T11:00:00+00:00,0.00017876,0.83935749197251786,3.851340076675402e-05,4.3524621544693635e-05,7.1826687491762078,4.1071006169792597,31.055422038609525,0.0022694499999999997,True,21,0.00091040342477620168,1.0453075401141274,25.667082269295353,data/BTC-USDT/BTC-USDT_bybit_2021-01-01_2024-01-01_funding_history.csv,True
BTC-USDT:bybit,2023-11-04T19:00:00+00:00,2023-11,3113,2023-05-08T19:00:00+00:00,2023-11-04T11:00:00+00:00,2023-11-05T03:00:00+00:00,2023-11-11T19:00:00+00:00,0.0001,0.85389657141855924,3.782171648041163e-05,4.4208154803699659e-05,2.5841170186214577,2.2620261000269406,31.448829646602526,0.0040547699999999992,True,21,0.00056325055572757285,0.61730650605033766,9.3968126172664732,data/BTC-USDT/BTC-USDT_bybit_2021-01-01_2024-01-01_funding_history.csv,True
BTC-USDT:bybit,2023-11-12T03:00:00+00:00,2023-11,3135,2023-05-16T03:00:00+00:00,2023-11-11T19:00:00+00:00,2023-11-12T11:00:00+00:00,2023-11-19T03:00:00+00:00,0.00019688999999999999,0.86152415098115387,4.3307074428243798e-05,5.4557102938358012e-05,8.0964073676932298,3.608879309857389,27.872715619033926,0.0033673099999999992,True,21,0.0011713995632416888,1.0823954993181828,29.700321663284573,data/BTC-USDT/BTC-USDT_bybit_2021-01-01_2024-01-01_funding_history.csv,True
BTC-USDT:bybit,2023-11-20T19:00:00+00:00,2023-11,3161,2023-05-24T19:00:00+00:00,2023-11-20T11:00:00+00:00,2023-11-21T03:00:00+00:00,2023-11-27T19:00:00+00:00,0.00015533999999999999,0.87050530392582948,4.416885812814967e-05,5.9860454938896437e-05,5.2073532952141113,2.595035406238825,26.887461694474855,0.0020999999999999999,True,21,0.00098749101125294222,0.85726610877784681,19.290851961161326,data/BTC-USDT/BTC-USDT_bybit_2021-01-01_2024-01-01_funding_history.csv,True
BTC-USDT:bybit,2023-12-04T11:00:00+00:00,2023-12,3202,2023-06-07T11:00:00+00:00,2023-12-04T03:00:00+00:00,2023-12-04T19:00:00+00:00,2023-12-11T11:00:00+00:00,0.00039246000000000002,0.88061228942452929,4.3050301276211941e-05,5.9415938580287411e-05,38.164950292671243,6.6052983320237839,27.758857370962843,0.0045662599999999999,True,21,0.002694319612438302,2.283495803292559,142.83371454526957,data/BTC-USDT/BTC-USDT_bybit_2021-01-01_2024-01-01_funding_history.csv,True
BTC-USDT:bybit,2023-12-12T03:00:00+00:00,2023-12,3225,2023-06-15T03:00:00+00:00,2023-12-11T19:00:00+00:00,2023-12-12T11:00:00+00:00,2023-12-19T03:00:00+00:00,0.00021541999999999999,0.87009467644206695,5.1203183957057152e-05,7.1575784636224163e-05,7.4265283258611952,3.009677100919645,25.199292075982967,0.0028245799999999997,True,21,0.0013652180402549026,1.0243871693244688,27.499896914927582,data/BTC-USDT/BTC-USDT_bybit_2021-01-01_2024-01-01_funding_history.csv,True
BTC-USDT:bybit,2023-12-21T11:00:00+00:00,2023-12,3253,2023-06-24T11:00:00+00:00,2023-12-21T03:00:00+00:00,2023-12-21T19:00:00+00:00,2023-12-28T11:00:00+00:00,0.00022504,0.87782481122756173,5.1475919041819268e-05,7.2442212140619343e-05,8.5632857862939176,3.1064760910830467,26.147393498347814,0.0051169699999999993,True,21,0.0015121321648985482,1.0867726075999879,31.961817110430527,data/BTC-USDT/BTC-USDT_bybit_2021-01-01_2024-01-01_funding_history.csv,True
BTC-USDT:gate,2020-07-27T16:00:00+00:00,2020-07,626,2020-01-29T16:00:00+00:00,2020-07-27T08:00:00+00:00,2020-07-28T00:00:00+00:00,2020-08-03T16:00:00+00:00,0.00093199999999999999,0.36822488030967526,0.00038323864331715171,0.00040195816922524748,0.34562259482868696,2.318649231078894,7.0571001816592034,0.011698,True,21,0.00054320845738818136,0.20028138821312785,0.4638413884506502,data/BTC-USDT/BTC-USDT_gate_2020-01-01_2024-01-01_funding_history.csv,True
BTC-USDT:gate,2020-08-18T08:00:00+00:00,2020-08,691,2020-02-20T08:00:00+00:00,2020-08-18T00:00:00+00:00,2020-08-18T16:00:00+00:00,2020-08-25T08:00:00+00:00,0.0012719999999999999,0.29740554555757043,0.00031762894679383271,0.00032601124337152098,0.77214099327947761,3.9017059253702926,6.8185387876229218,0.0037949999999999993,True,21,0.00053843273534822636,0.26466643310048699,0.7780754901109832,data/BTC-USDT/BTC-USDT_gate_2020-01-01_2024-01-01_funding_history.csv,True
BTC-USDT:gate,2020-09-15T08:00:00+00:00,2020-09,775,2020-03-19T08:00:00+00:00,2020-09-15T00:00:00+00:00,2020-09-15T16:00:00+00:00,2020-09-22T08:00:00+00:00,-0.000883,0.3602730887363868,0.00024749701222499251,0.00025590618908667159,0.72795136721457687,3.4504831756958452,-8.5771616918464613,0.0055229999999999993,True,2,0.00049727646531285948,0.28724991868572414,0.94928017184318703,data/BTC-USDT/BTC-USDT_gate_2020-01-01_2024-01-01_funding_history.csv,True
BTC-USDT:gate,2020-11-06T08:00:00+00:00,2020-11,931,2020-05-10T08:00:00+00:00,2020-11-06T00:00:00+00:00,2020-11-06T16:00:00+00:00,2020-11-13T08:00:00+00:00,0.00058900000000000001,0.41715194659567972,0.00022836655837633855,0.00024456140773818373,0.44422585122853281,2.4083930716924744,7.0232875120407767,0.0060560000000000015,True,21,0.00042155497045937577,0.24192020358872629,0.70073266239354859,data/BTC-USDT/BTC-USDT_gate_2020-01-01_2024-01-01_funding_history.csv,True
BTC-USDT:gate,2020-11-22T08:00:00+00:00,2020-11,979,2020-05-26T08:00:00+00:00,2020-11-22T00:00:00+00:00,2020-11-22T16:00:00+00:00,2020-11-29T08:00:00+00:00,0.00096000000000000002,0.48575809242213314,0.0002290815166819039,0.00025146478610013899,1.4200363788911599,3.8176319431767523,8.9023494779293113,0.010943999999999997,True,21,0.00090682544664440808,0.46193494684714126,2.7117952092215023,data/BTC-USDT/BTC-USDT_gate_2020-01-01_2024-01-01_funding_history.csv,True
BTC-USDT:gate,2021-10-20T08:00:00+00:00,2021-10,1882,2021-04-23T08:00:00+00:00,2021-10-20T00:00:00+00:00,2021-10-20T16:00:00+00:00,2021-10-27T08:00:00+00:00,-0.00087399999999999999,0.57827204634164597,0.00022149018804257871,0.00024671270013441453,1.6598300468950313,3.5425821188930504,-13.576634395263973,-0.0055460000000000006,False,0,0.0011984139399136074,0.52682688688706292,3.9114162055328014,data/BTC-USDT/BTC-USDT_gate_2020-01-01_2024-01-01_funding_history.csv,True
BTC-USDT:gate,2021-11-03T08:00:00+00:00,2021-11,1924,2021-05-07T08:00:00+00:00,2021-11-03T00:00:00+00:00,2021-11-03T16:00:00+00:00,2021-11-10T08:00:00+00:00,0.00058299999999999997,0.60899389916481894,0.00018814528634620808,0.00021111958376818118,1.1303585372886038,2.7614681196044808,14.033497701498501,0.0075490000000000002,True,21,0.00090799810352875754,0.43902346830101652,2.8301430115305743,data/BTC-USDT/BTC-USDT_gate_2020-01-01_2024-01-01_funding_history.csv,True
BTC-USDT:gate,2021-11-10T16:00:00+00:00,2021-11,1946,2021-05-14T16:00:00+00:00,2021-11-10T08:00:00+00:00,2021-11-11T00:00:00+00:00,2021-11-17T16:00:00+00:00,0.00061899999999999998,0.56707526087870563,0.00017097885215213538,0.00018485576076548982,1.3490030844207899,3.3485567203137943,14.809133982127658,0.0051469999999999997,True,21,0.0008108042827648309,0.47280394282652616,3.1063161317321417,data/BTC-USDT/BTC-USDT_gate_2020-01-01_2024-01-01_funding_history.csv,True
BTC-USDT:gate,2021-12-03T16:00:00+00:00,2021-12,2015,2021-06-06T16:00:00+00:00,2021-12-03T08:00:00+00:00,2021-12-04T00:00:00+00:00,2021-12-10T16:00:00+00:00,0.00046500000000000003,0.60469045860061343,0.00014882975463827741,0.00015739079412896992,1.13299021184691,2.9544294669418054,17.003189041284351,0.0026719999999999995,True,11,0.00071127501289023731,0.43903360821399756,2.8134165830703726,data/BTC-USDT/BTC-USDT_gate_2020-01-01_2024-01-01_funding_history.csv,True
BTC-USDT:gate,2022-05-12T16:00:00+00:00,2022-05,2495,2021-11-13T16:00:00+00:00,2022-05-12T08:00:00+00:00,2022-05-13T00:00:00+00:00,2022-05-19T16:00:00+00:00,-0.000544,0.35184798945935714,0.00011364108460423412,0.00011505293179525786,1.2808444759047519,4.7282584764382509,-11.09482616256361,-0.00025599999999999999,False,2,0.00029530928408182257,0.37609785685507691,1.6188346034574661,data/BTC-USDT/BTC-USDT_gate_2020-01-01_2024-01-01_funding_history.csv,True
BTC-USDT:gate,2022-06-07T00:00:00+00:00,2022-06,2571,2021-12-09T00:00:00+00:00,2022-06-06T16:00:00+00:00,2022-06-07T08:00:00+00:00,2022-06-14T00:00:00+00:00,-0.00036699999999999998,0.12135661900608054,0.00010488334621887233,0.00010448325165457937,0.33895268331712919,3.5125246792021603,-7.3604657295159255,0.00036400000000000001,True,0,5.0689369701790058e-05,0.093246409036115183,0.091508114679043601,data/BTC-USDT/BTC-USDT_gate_2020-01-01_2024-01-01_funding_history.csv,True
BTC-USDT:gate,2022-06-15T08:00:00+00:00,2022-06,2596,2021-12-17T08:00:00+00:00,2022-06-15T00:00:00+00:00,2022-06-15T16:00:00+00:00,2022-06-22T08:00:00+00:00,-0.00028200000000000002,0.042396281407360042,0.00010941915413743515,0.00010919573839353478,0.12269590253289847,2.5825183670052145,-5.7159078916254256,-0.0002760000000000001,False,0,1.248507198201624e-05,0.023893111758400771,0.0059802366421909565,data/BTC-USDT/BTC-USDT_gate_2020-01-01_2024-01-01_funding_history.csv,True
BTC-USDT:gate,2022-07-01T00:00:00+00:00,2022-07,2643,2022-01-02T00:00:00+00:00,2022-06-30T16:00:00+00:00,2022-07-01T08:00:00+00:00,2022-07-08T00:00:00+00:00,-0.00026899999999999998,-0.041631492592802383,0.00011080405037534713,0.00011101384562056562,,2.4231211746273114,-4.3008399323691453,-0.00088100000000000006,False,0,,,,data/BTC-USDT/BTC-USDT_gate_2020-01-01_2024-01-01_funding_history.csv,False
BTC-USDT:gate,2022-11-09T00:00:00+00:00,2022-11,3036,2022-05-13T00:00:00+00:00,2022-11-08T16:00:00+00:00,2022-11-09T08:00:00+00:00,2022-11-16T00:00:00+00:00,-0.00014899999999999999,0.22267876871269487,7.3498392214709529e-05,7.3090508375728335e-05,0.15974996495578475,2.0385683902217795,-13.157724845309088,0.0025330000000000001,True,8,4.2683944812936104e-05,0.099754015402233276,0.10720908387256185,data/BTC-USDT/BTC-USDT_gate_2020-01-01_2024-01-01_funding_history.csv,True
BTC-USDT:gate,2022-11-16T16:00:00+00:00,2022-11,3059,2022-05-20T16:00:00+00:00,2022-11-16T08:00:00+00:00,2022-11-17T00:00:00+00:00,2022-11-23T16:00:00+00:00,0.00047199999999999998,0.38002537898897559,8.5757341019143058e-05,8.8856159410644818e-05,1.8280318459728768,5.3119558973809884,9.2583868280963841,0.0011270000000000002,True,3,0.00028932148596864167,0.4683705610519136,2.5566754686101323,data/BTC-USDT/BTC-USDT_gate_2020-01-01_2024-01-01_funding_history.csv,True
BTC-USDT:gate,2022-12-09T00:00:00+00:00,2022-12,3126,2022-06-12T00:00:00+00:00,2022-12-08T16:00:00+00:00,2022-12-09T08:00:00+00:00,2022-12-16T00:00:00+00:00,-0.00010900000000000001,0.47589905121535564,8.0693602056240468e-05,8.5989731764560777e-05,0.14346648366425713,1.2675932086686952,-10.759071299878883,-0.00027800000000000004,False,2,9.8975183955959129e-05,0.14566127528956554,0.26711782769024783,data/BTC-USDT/BTC-USDT_gate_2020-01-01_2024-01-01_funding_history.csv,True
BTC-USDT:gate,2022-12-16T08:00:00+00:00,2022-12,3148,2022-06-19T08:00:00+00:00,2022-12-16T00:00:00+00:00,2022-12-16T16:00:00+00:00,2022-12-23T08:00:00+00:00,0.0001,0.55107690636541407,7.4920003477140567e-05,8.2704730864605272e-05,0.17456052584290527,1.2091206748947478,11.636496707301692,0.0015140000000000002,True,6,0.00012275485223259145,0.16883126242765395,0.38850227934264325,data/BTC-USDT/BTC-USDT_gate_2020-01-01_2024-01-01_funding_history.csv,True
BTC-USDT:gate,2022-12-24T00:00:00+00:00,2022-12,3171,2022-06-27T00:00:00+00:00,2022-12-23T16:00:00+00:00,2022-12-24T08:00:00+00:00,2022-12-31T00:00:00+00:00,0.0001,0.62612638507477836,6.9192310777349179e-05,7.9961831666526691e-05,0.2604660912170923,1.2505966648818228,12.68469323531054,0.0012280000000000001,True,5,0.0001674610731223167,0.21154727168361029,0.67344049976447351,data/BTC-USDT/BTC-USDT_gate_2020-01-01_2024-01-01_funding_history.csv,True
BTC-USDT:gate,2022-12-31T08:00:00+00:00,2022-12,3193,2022-07-04T08:00:00+00:00,2022-12-31T00:00:00+00:00,2022-12-31T16:00:00+00:00,2023-01-07T08:00:00+00:00,0.0001,0.69800156330525431,6.3037198846373937e-05,7.7504569037396151e-05,0.40866494353889654,1.2902465137474637,13.697615270030159,0.00026499999999999999,True,6,0.00023100596921557634,0.26584710574643339,1.1954903682458438,data/BTC-USDT/BTC-USDT_gate_2020-01-01_2024-01-01_funding_history.csv,True
BTC-USDT:gate,2023-01-08T08:00:00+00:00,2023-01,3217,2022-07-12T08:00:00+00:00,2023-01-08T00:00:00+00:00,2023-01-08T16:00:00+00:00,2023-01-15T08:00:00+00:00,-0.0001,0.69166377758144404,6.2989531343639473e-05,7.7973046343978643e-05,0.39915707969214598,1.2824944604427702,-12.921581856593953,2.5999999999999968e-05,True,5,0.00022422386138565395,0.26287889390830838,1.1558051766128823,data/BTC-USDT/BTC-USDT_gate_2020-01-01_2024-01-01_funding_history.csv,True
BTC-USDT:gate,2023-01-15T16:00:00+00:00,2023-01,3239,2022-07-19T16:00:00+00:00,2023-01-15T08:00:00+00:00,2023-01-16T00:00:00+00:00,2023-01-22T16:00:00+00:00,0.0001,0.68852696698859051,6.3674005556648309e-05,7.9759033008111753e-05,0.38586393246048994,1.253776484349173,11.840733729839528,0.0016130000000000003,True,15,0.00022096781641306552,0.25851831222737326,1.1116269084877766,data/BTC-USDT/BTC-USDT_gate_2020-01-01_2024-01-01_funding_history.csv,True
BTC-USDT:gate,2023-01-23T00:00:00+00:00,2023-01,3261,2022-07-27T00:00:00+00:00,2023-01-22T16:00:00+00:00,2023-01-23T08:00:00+00:00,2023-01-30T00:00:00+00:00,0.0001,0.68708989087912409,6.3777542359923339e-05,7.9876580461562028e-05,0.38247086799899538,1.2519314099596652,11.720408355806164,0.0018370000000000003,True,3,0.00021949763675920968,0.25740030668017416,1.0992682464861512,data/BTC-USDT/BTC-USDT_gate_2020-01-01_2024-01-01_funding_history.csv,True
BTC-USDT:gate,2023-01-30T08:00:00+00:00,2023-01,3283,2022-08-03T08:00:00+00:00,2023-01-30T00:00:00+00:00,2023-01-30T16:00:00+00:00,2023-02-06T08:00:00+00:00,0.0001,0.68696733707404634,6.392599296626292e-05,7.9946058632909342e-05,0.38051569674554819,1.2508434025393664,11.723141236234788,0.0020350000000000004,True,21,0.00021937287669703589,0.25674325411935289,1.093429595286078,data/BTC-USDT/BTC-USDT_gate_2020-01-01_2024-01-01_funding_history.csv,True
BTC-USDT:gate,2023-02-06T16:00:00+00:00,2023-02,3305,2022-08-10T16:00:00+00:00,2023-02-06T08:00:00+00:00,2023-02-07T00:00:00+00:00,2023-02-13T16:00:00+00:00,0.0001,0.69784360027362957,6.3647510564189772e-05,8.0295245146792707e-05,0.40061300454948379,1.2454037573107077,12.117523037449125,0.0011819999999999999,True,17,0.00023083352757302387,0.26321916055844813,1.171638846777932,data/BTC-USDT/BTC-USDT_gate_2020-01-01_2024-01-01_funding_history.csv,True
BTC-USDT:gate,2023-02-16T08:00:00+00:00,2023-02,3334,2022-08-20T08:00:00+00:00,2023-02-16T00:00:00+00:00,2023-02-16T16:00:00+00:00,2023-02-23T08:00:00+00:00,0.0001,0.69691038594574939,6.3563713778855982e-05,8.0351005612463257e-05,0.40018143640800041,1.2445394956511782,11.925415316163468,0.0020100000000000001,True,21,0.00022981838637263038,0.26310089623017957,1.1686252780729554,data/BTC-USDT/BTC-USDT_gate_2020-01-01_2024-01-01_funding_history.csv,True
BTC-USDT:gate,2023-02-24T00:00:00+00:00,2023-02,3357,2022-08-28T00:00:00+00:00,2023-02-23T16:00:00+00:00,2023-02-24T08:00:00+00:00,2023-03-03T00:00:00+00:00,0.0001,0.71146482483386886,6.3582254468199579e-05,8.031394668180989e-05,0.42423090989948448,1.2451137583386718,13.14292396333895,0.00074500000000000011,True,6,0.0002463844732679076,0.27040318275899977,1.2677628289915754,data/BTC-USDT/BTC-USDT_gate_2020-01-01_2024-01-01_funding_history.csv,True
BTC-USDT:gate,2023-03-09T00:00:00+00:00,2023-03,3396,2022-09-10T00:00:00+00:00,2023-03-08T16:00:00+00:00,2023-03-09T08:00:00+00:00,2023-03-16T00:00:00+00:00,0.0001,0.711852602789253,6.3557736752977556e-05,7.9890794936877794e-05,0.42523891134927227,1.2517086615424295,13.582050785948164,-5.0999999999999979e-05,False,2,0.00024684828511628446,0.27070798540491831,1.2715456849355016,data/BTC-USDT/BTC-USDT_gate_2020-01-01_2024-01-01_funding_history.csv,True
BTC-USDT:gate,2023-03-16T16:00:00+00:00,2023-03,3419,2022-09-17T16:00:00+00:00,2023-03-16T08:00:00+00:00,2023-03-17T00:00:00+00:00,2023-03-23T16:00:00+00:00,0.0001,0.69534970737357393,6.5415454745315415e-05,8.1668882127636201e-05,0.37551447854536879,1.224456578745807,12.538641035111224,-8.8999999999999968e-05,False,1,0.00022813437900991764,0.2548993799039902,1.0938425909976623,data/BTC-USDT/BTC-USDT_gate_2020-01-01_2024-01-01_funding_history.csv,True
BTC-USDT:gate,2023-03-24T16:00:00+00:00,2023-03,3443,2022-09-25T16:00:00+00:00,2023-03-24T08:00:00+00:00,2023-03-25T00:00:00+00:00,2023-03-31T16:00:00+00:00,-0.000127,0.68674386632938755,6.640730543430723e-05,8.2636573840412254e-05,0.56823385129693549,1.5368497760478597,-12.092378592553947,0.00018699999999999996,True,0,0.00027831495152534522,0.31374836897836911,1.6322494237757286,data/BTC-USDT/BTC-USDT_gate_2020-01-01_2024-01-01_funding_history.csv,True
BTC-USDT:gate,2023-04-07T16:00:00+00:00,2023-04,3485,2022-10-09T16:00:00+00:00,2023-04-07T08:00:00+00:00,2023-04-08T00:00:00+00:00,2023-04-14T16:00:00+00:00,0.0001,0.66272222190154761,6.7402031341964088e-05,8.3530523632629263e-05,0.31238596751488484,1.1971671629858827,10.354577104157364,0.000473,True,1,0.00019645673865420542,0.23265558823902341,0.86194520352397241,data/BTC-USDT/BTC-USDT_gate_2020-01-01_2024-01-01_funding_history.csv,True
BTC-USDT:gate,2023-04-16T00:00:00+00:00,2023-04,3510,2022-10-18T00:00:00+00:00,2023-04-15T16:00:00+00:00,2023-04-16T08:00:00+00:00,2023-04-23T00:00:00+00:00,0.0001,0.64807759225327966,6.777486893387462e-05,8.3468580334011499e-05,0.29304167234834311,1.1980555988832644,9.7327613599068901,0.001026,True,7,0.00018413315906532486,0.22509925487065957,0.78824652103935255,data/BTC-USDT/BTC-USDT_gate_2020-01-01_2024-01-01_funding_history.csv,True
BTC-USDT:gate,2023-04-23T08:00:00+00:00,2023-04,3532,2022-10-25T08:00:00+00:00,2023-04-23T00:00:00+00:00,2023-04-23T16:00:00+00:00,2023-04-30T08:00:00+00:00,0.0001,0.63868288658783823,6.9160953578572016e-05,8.4458753005549323e-05,0.27224798073978485,1.1840099035493639,9.5269439592112892,0.00071200000000000007,True,7,0.000176750790429623,0.21672227798672572,0.72017023027677995,data/BTC-USDT/BTC-USDT_gate_2020-01-01_2024-01-01_funding_history.csv,True
BTC-USDT:gate,2023-05-17T00:00:00+00:00,2023-05,3603,2022-11-18T00:00:00+00:00,2023-05-16T16:00:00+00:00,2023-05-17T08:00:00+00:00,2023-05-24T00:00:00+00:00,0.0001,0.66093253302437482,5.3446639217896533e-05,6.2167513864671032e-05,0.49357297195939009,1.6085571672961603,14.796740623647588,0.00086700000000000015,True,2,0.00019489395867232226,0.29242007911931633,1.3577047418777766,data/BTC-USDT/BTC-USDT_gate_2020-01-01_2024-01-01_funding_history.csv,True
BTC-USDT:gate,2023-05-24T08:00:00+00:00,2023-05,3625,2022-11-25T08:00:00+00:00,2023-05-24T00:00:00+00:00,2023-05-24T16:00:00+00:00,2023-05-31T08:00:00+00:00,0.0001,0.66341065110230735,5.2551527726348933e-05,6.0608785655598873e-05,0.51518618967655472,1.6499258138619757,15.128290077459406,0.00073500000000000008,True,7,0.00019706227909860636,0.29878741511192353,1.4231947434734458,data/BTC-USDT/BTC-USDT_gate_2020-01-01_2024-01-01_funding_history.csv,True
BTC-USDT:gate,2023-05-31T16:00:00+00:00,2023-05,3647,2022-12-02T16:00:00+00:00,2023-05-31T08:00:00+00:00,2023-06-01T00:00:00+00:00,2023-06-07T16:00:00+00:00,0.0001,0.67379622451714583,5.2102048037148834e-05,6.0696415642505029e-05,0.54473345265850781,1.6475437460588878,15.283696209955844,0.0010750000000000002,True,18,0.00020650506693996098,0.30729891828419931,1.5315316150935838,data/BTC-USDT/BTC-USDT_gate_2020-01-01_2024-01-01_funding_history.csv,True
BTC-USDT:gate,2023-06-10T00:00:00+00:00,2023-06,3675,2022-12-12T00:00:00+00:00,2023-06-09T16:00:00+00:00,2023-06-10T08:00:00+00:00,2023-06-17T00:00:00+00:00,0.0001,0.68966041331614414,5.0288554240267e-05,5.8374131829242977e-05,0.62135322651773839,1.7130875760606039,16.66725344304297,0.00055599999999999996,True,5,0.00022213685260131892,0.32802943737888324,1.7933523288703517,data/BTC-USDT/BTC-USDT_gate_2020-01-01_2024-01-01_funding_history.csv,True
BTC-USDT:gate,2023-06-21T00:00:00+00:00,2023-06,3708,2022-12-23T00:00:00+00:00,2023-06-20T16:00:00+00:00,2023-06-21T08:00:00+00:00,2023-06-28T00:00:00+00:00,-0.00031599999999999998,0.68604072811339234,4.9620911713003205e-05,5.8672226878057103e-05,6.2836763381962175,5.3858531849620528,-15.293900639444791,-0.00054599999999999994,False,2,0.00069024733172310098,1.0433752598337163,18.029058845314864,data/BTC-USDT/BTC-USDT_gate_2020-01-01_2024-01-01_funding_history.csv,True
BTC-USDT:gate,2023-07-08T16:00:00+00:00,2023-07,3761,2023-01-09T16:00:00+00:00,2023-07-08T08:00:00+00:00,2023-07-09T00:00:00+00:00,2023-07-15T16:00:00+00:00,0.0001,0.65698786175656065,5.1751848395916636e-05,6.0394845816701249e-05,0.51892821489050889,1.6557704328528406,14.135173031017526,0.00053100000000000011,True,6,0.00019150662684733443,0.29976838850598914,1.4177646345091599,data/BTC-USDT/BTC-USDT_gate_2020-01-01_2024-01-01_funding_history.csv,True
BTC-USDT:gate,2023-07-18T16:00:00+00:00,2023-07,3791,2023-01-19T16:00:00+00:00,2023-07-18T08:00:00+00:00,2023-07-19T00:00:00+00:00,2023-07-25T16:00:00+00:00,0.0001,0.64492269384215772,5.0602179740038934e-05,5.8050285875572484e-05,0.51983968424571259,1.7226444020335123,14.461438806072447,9.1999999999999987e-05,True,1,0.0001816106635748689,0.29970712491321638,1.3905239076576354,data/BTC-USDT/BTC-USDT_gate_2020-01-01_2024-01-01_funding_history.csv,True
BTC-USDT:gate,2023-07-26T16:00:00+00:00,2023-07,3815,2023-01-27T16:00:00+00:00,2023-07-26T08:00:00+00:00,2023-07-27T00:00:00+00:00,2023-08-02T16:00:00+00:00,-0.00011900000000000001,0.61940759679321356,5.2228195859259077e-05,6.0023324304742719e-05,0.63278610056882312,1.9825626350821304,-12.742182367246025,0.001518,True,4,0.00019366216501084195,0.32928567661168234,1.6158113171070911,data/BTC-USDT/BTC-USDT_gate_2020-01-01_2024-01-01_funding_history.csv,True
BTC-USDT:gate,2023-08-05T16:00:00+00:00,2023-08,3845,2023-02-06T16:00:00+00:00,2023-08-05T08:00:00+00:00,2023-08-06T00:00:00+00:00,2023-08-12T16:00:00+00:00,0.0001,0.58318748950505539,5.4229152111677189e-05,6.3431744002401093e-05,0.36816973363108835,1.5764977232253725,9.0202271540579222,0.0014590000000000002,True,0,0.0001399143335320245,0.24857114907992328,0.8762896430818542,data/BTC-USDT/BTC-USDT_gate_2020-01-01_2024-01-01_funding_history.csv,True
BTC-USDT:gate,2023-08-13T16:00:00+00:00,2023-08,3869,2023-02-14T16:00:00+00:00,2023-08-13T08:00:00+00:00,2023-08-14T00:00:00+00:00,2023-08-20T16:00:00+00:00,0.0001,0.5829909151378676,5.5124577198405977e-05,6.4181762996186862e-05,0.35608341112450448,1.5580749940748926,9.1722857263753035,0.00096300000000000021,True,12,0.00013980125253348414,0.24443970775444079,0.84718663648492909,data/BTC-USDT/BTC-USDT_gate_2020-01-01_2024-01-01_funding_history.csv,True
BTC-USDT:gate,2023-08-23T00:00:00+00:00,2023-08,3897,2023-02-24T00:00:00+00:00,2023-08-22T16:00:00+00:00,2023-08-23T08:00:00+00:00,2023-08-30T00:00:00+00:00,0.0001,0.56730687372602429,5.5058668662999868e-05,6.3945256232823938e-05,0.33976432128376099,1.563837661951047,8.4511394289074495,0.00037200000000000004,True,0,0.00013110978710598241,0.23730470758867933,0.78274562650586943,data/BTC-USDT/BTC-USDT_gate_2020-01-01_2024-01-01_funding_history.csv,True
BTC-USDT:gate,2023-09-01T08:00:00+00:00,2023-09,3925,2023-03-05T08:00:00+00:00,2023-09-01T00:00:00+00:00,2023-09-01T16:00:00+00:00,2023-09-08T08:00:00+00:00,0.0001,0.55097067051138748,5.5919252294730732e-05,6.4197661250433609e-05,0.31324086493894887,1.5576891440001575,8.1591676518725134,0.00050500000000000002,True,3,0.00012270215256947838,0.22614983798964278,0.69698905851450543,data/BTC-USDT/BTC-USDT_gate_2020-01-01_2024-01-01_funding_history.csv,True
BTC-USDT:gate,2023-09-10T16:00:00+00:00,2023-09,3953,2023-03-14T16:00:00+00:00,2023-09-10T08:00:00+00:00,2023-09-11T00:00:00+00:00,2023-09-17T16:00:00+00:00,0.0001,0.53579375530107698,5.638393743987626e-05,6.3976354968476961e-05,0.29430764011364996,1.5630774846312041,8.4369417307753505,-0.00075099999999999993,False,4,0.00011542125296877522,0.21746536351621062,0.63330165445893483,data/BTC-USDT/BTC-USDT_gate_2020-01-01_2024-01-01_funding_history.csv,True
BTC-USDT:gate,2023-09-18T16:00:00+00:00,2023-09,3977,2023-03-22T16:00:00+00:00,2023-09-18T08:00:00+00:00,2023-09-19T00:00:00+00:00,2023-09-25T16:00:00+00:00,-0.000146,0.56874110122199706,5.4762165445007698e-05,6.3908533677720938e-05,0.73538110852914707,2.2845149403090881,-7.9152912616320146,0.00014999999999999999,True,8,0.00019254236563130209,0.3493308135609684,1.6992386359277931,data/BTC-USDT/BTC-USDT_gate_2020-01-01_2024-01-01_funding_history.csv,True
BTC-USDT:gate,2023-09-26T08:00:00+00:00,2023-09,4000,2023-03-30T08:00:00+00:00,2023-09-26T00:00:00+00:00,2023-09-26T16:00:00+00:00,2023-10-03T08:00:00+00:00,-0.00020000000000000001,0.57051339378395571,5.5288695275543339e-05,6.4737253685222636e-05,1.3613077407870289,3.0894112526378819,-7.7461623484306994,0.0019420000000000001,True,19,0.00026567024067306483,0.47564063204685902,3.157168295923245,data/BTC-USDT/BTC-USDT_gate_2020-01-01_2024-01-01_funding_history.csv,True
BTC-USDT:gate,2023-10-08T00:00:00+00:00,2023-10,4035,2023-04-11T00:00:00+00:00,2023-10-07T16:00:00+00:00,2023-10-08T08:00:00+00:00,2023-10-15T00:00:00+00:00,-0.000121,0.5945297772899919,5.7817182036600609e-05,7.0613547822801943e-05,0.49177631453216786,1.7135521968622525,-5.0819344823286841,-0.00052000000000000006,False,1,0.00017741574360201356,0.28838443668629976,1.197243606658642,data/BTC-USDT/BTC-USDT_gate_2020-01-01_2024-01-01_funding_history.csv,True
BTC-USDT:gate,2023-10-16T08:00:00+00:00,2023-10,4060,2023-04-19T08:00:00+00:00,2023-10-16T00:00:00+00:00,2023-10-16T16:00:00+00:00,2023-10-23T08:00:00+00:00,-0.000146,0.60030937717871247,5.6869902202380743e-05,6.9978061443215993e-05,0.75406302829862959,2.086368170093885,-4.9079318493369168,0.0010140000000000001,True,2,0.00021927766244543185,0.35772683767733882,1.8566630657383243,data/BTC-USDT/BTC-USDT_gate_2020-01-01_2024-01-01_funding_history.csv,True
BTC-USDT:gate,2023-10-23T16:00:00+00:00,2023-10,4082,2023-04-26T16:00:00+00:00,2023-10-23T08:00:00+00:00,2023-10-24T00:00:00+00:00,2023-10-30T16:00:00+00:00,-0.000111,0.59433297521185569,5.7137881570360377e-05,7.0421597820311669e-05,0.42347908700827736,1.5762209810011485,-3.3591003822475298,-0.0020590000000000001,False,0,0.00016262050032560019,0.26759444977555047,1.0305726452569288,data/BTC-USDT/BTC-USDT_gate_2020-01-01_2024-01-01_funding_history.csv,True
BTC-USDT:gate,2023-11-14T00:00:00+00:00,2023-11,4146,2023-05-18T00:00:00+00:00,2023-11-13T16:00:00+00:00,2023-11-14T08:00:00+00:00,2023-11-21T00:00:00+00:00,0.00011400000000000001,0.66105924933736171,5.6532173251866717e-05,7.3755968910368442e-05,0.57360326115645399,1.5456376166454802,5.172311681852257,0.0020999999999999999,True,21,0.00022230463962173794,0.31523908451996929,1.5781932941261017,data/BTC-USDT/BTC-USDT_gate_2020-01-01_2024-01-01_funding_history.csv,True
BTC-USDT:gate,2023-12-08T00:00:00+00:00,2023-12,4218,2023-06-11T00:00:00+00:00,2023-12-07T16:00:00+00:00,2023-12-08T08:00:00+00:00,2023-12-15T00:00:00+00:00,0.000165,0.70828929456917422,5.5669508970825994e-05,7.6237459246752127e-05,1.4870913567778195,2.1642903846776522,6.7086308029425039,0.0027439999999999995,True,21,0.00040034235376604243,0.5065038731096122,4.4219156905608905,data/BTC-USDT/BTC-USDT_gate_2020-01-01_2024-01-01_funding_history.csv,True
BTC-USDT:gate,2023-12-21T16:00:00+00:00,2023-12,4259,2023-06-24T16:00:00+00:00,2023-12-21T08:00:00+00:00,2023-12-22T00:00:00+00:00,2023-12-28T16:00:00+00:00,0.000166,0.76665014187162595,5.3352168099662181e-05,7.7737690820972724e-05,2.1270669480232587,2.1353863003506546,9.3907385195298048,0.005646,True,21,0.00054332116706123771,0.59633648033298359,6.9010027983623985,data/BTC-USDT/BTC-USDT_gate_2020-01-01_2024-01-01_funding_history.csv,True
BTC-USDT:htx,2022-05-06T11:00:00+00:00,2022-05,1470,2021-11-07T11:00:00+00:00,2022-05-06T03:00:00+00:00,2022-05-06T19:00:00+00:00,2022-05-13T11:00:00+00:00,-0.0002132565173204,0.7666084780726814,6.5277834800427182e-05,7.4670224482527512e-05,2.3445173876310892,2.8559779858476393,-23.024450959963616,-0.00021135856607899919,False,0,0.00069783313567486904,0.62608729271593067,7.606043988815272,data/BTC-USDT/BTC-USDT_htx_2021-01-01_2024-01-01_funding_history.csv,True
BTC-USDT:htx,2022-05-13T19:00:00+00:00,2022-05,1492,2021-11-14T19:00:00+00:00,2022-05-13T11:00:00+00:00,2022-05-14T03:00:00+00:00,2022-05-20T19:00:00+00:00,-0.00020600961561079999,0.69212284803315749,6.7307773267682156e-05,7.2175299170410497e-05,1.4863033869833966,2.8542952780063735,-21.023655856519152,-0.0012294404043377912,False,0,0.00046291570208868281,0.5072509294308809,4.3069663613219413,data/BTC-USDT/BTC-USDT_htx_2021-01-01_2024-01-01_funding_history.csv,True
BTC-USDT:htx,2022-05-24T19:00:00+00:00,2022-05,1525,2021-11-25T19:00:00+00:00,2022-05-24T11:00:00+00:00,2022-05-25T03:00:00+00:00,2022-05-31T19:00:00+00:00,0.0001,0.66452475193770222,6.685032119200039e-05,7.100188252870816e-05,0.31967402964473784,1.4084133608650031,20.17069532816814,0.0017160835670145971,True,21,0.00019804746666866546,0.23537065408280305,0.88477853159629483,data/BTC-USDT/BTC-USDT_htx_2021-01-01_2024-01-01_funding_history.csv,True
BTC-USDT:htx,2022-06-01T11:00:00+00:00,2022-06,1548,2021-12-03T11:00:00+00:00,2022-06-01T03:00:00+00:00,2022-06-01T19:00:00+00:00,2022-06-08T11:00:00+00:00,0.0001,0.65326782433024222,6.551239228754749e-05,6.862257811228082e-05,0.31950750283523471,1.4572463284078192,20.073057791811863,0.0012400386585410812,True,5,0.00018838237750552501,0.23515517317327631,0.86729782580223158,data/BTC-USDT/BTC-USDT_htx_2021-01-01_2024-01-01_funding_history.csv,True
BTC-USDT:htx,2022-06-10T11:00:00+00:00,2022-06,1575,2021-12-12T11:00:00+00:00,2022-06-10T03:00:00+00:00,2022-06-10T19:00:00+00:00,2022-06-17T11:00:00+00:00,0.0001,0.63267599679604181,6.5704281262533642e-05,6.8441613642142109e-05,0.29542072338290043,1.4610993908306422,19.34645017407157,0.00020128427832357597,True,6,0.00017222771324547321,0.22555376338479446,0.7730294934544476,data/BTC-USDT/BTC-USDT_htx_2021-01-01_2024-01-01_funding_history.csv,True
BTC-USDT:htx,2022-06-18T11:00:00+00:00,2022-06,1599,2021-12-20T11:00:00+00:00,2022-06-18T03:00:00+00:00,2022-06-18T19:00:00+00:00,2022-06-25T11:00:00+00:00,0.0001,0.59604437756454931,6.7673859448792178e-05,7.0394906069974953e-05,0.24637637886902178,1.4205573326654712,17.710025082479174,0.00042272160891216801,True,1,0.00014754912787593469,0.20421718420042317,0.60159841803871317,data/BTC-USDT/BTC-USDT_htx_2021-01-01_2024-01-01_funding_history.csv,True
BTC-USDT:htx,2022-06-26T03:00:00+00:00,2022-06,1622,2021-12-28T03:00:00+00:00,2022-06-25T19:00:00+00:00,2022-06-26T11:00:00+00:00,2022-07-03T03:00:00+00:00,0.0001,0.55755813175622515,6.9419978845632811e-05,7.1770268209704458e-05,0.20738585087341435,1.3933346285931596,16.423323657392086,0.00054054479634384916,True,6,0.00012601780059243422,0.18459490567937883,0.46803774334569992,data/BTC-USDT/BTC-USDT_htx_2021-01-01_2024-01-01_funding_history.csv,True
BTC-USDT:htx,2022-07-06T03:00:00+00:00,2022-07,1652,2022-01-07T03:00:00+00:00,2022-07-05T19:00:00+00:00,2022-07-06T11:00:00+00:00,2022-07-13T03:00:00+00:00,0.0001,0.53619960373088138,6.9470852682728594e-05,7.1917103598217146e-05,0.19410395408429504,1.3904898139206909,15.48266314246804,0.0014006877893547008,True,11,0.00011560975333408288,0.17664641548614937,0.41806032973376162,data/BTC-USDT/BTC-USDT_htx_2021-01-01_2024-01-01_funding_history.csv,True
BTC-USDT:htx,2022-07-17T19:00:00+00:00,2022-07,1687,2022-01-18T19:00:00+00:00,2022-07-17T11:00:00+00:00,2022-07-18T03:00:00+00:00,2022-07-24T19:00:00+00:00,0.0001,0.51931367940023188,6.918459537372739e-05,7.1439440351542344e-05,0.18615603124150021,1.399787001520667,14.991226176039321,0.001799857004658583,True,21,0.00010803576226193953,0.17126652774071902,0.38574606787024168,data/BTC-USDT/BTC-USDT_htx_2021-01-01_2024-01-01_funding_history.csv,True
BTC-USDT:htx,2022-07-25T11:00:00+00:00,2022-07,1710,2022-01-26T11:00:00+00:00,2022-07-25T03:00:00+00:00,2022-07-25T19:00:00+00:00,2022-08-01T11:00:00+00:00,0.0001,0.53078264712320666,6.9017207664338762e-05,7.1444068559349362e-05,0.1935113439106054,1.3996963221226535,15.180797912965987,0.001744676271340301,True,21,0.00011312065855412286,0.17583411832941739,0.41171915437174472,data/BTC-USDT/BTC-USDT_htx_2021-01-01_2024-01-01_funding_history.csv,True
BTC-USDT:htx,2022-08-02T11:00:00+00:00,2022-08,1734,2022-02-03T11:00:00+00:00,2022-08-02T03:00:00+00:00,2022-08-02T19:00:00+00:00,2022-08-09T11:00:00+00:00,0.0001,0.52852637619000642,6.8901338649385955e-05,7.1190690481569505e-05,0.19286563175757021,1.4046780460134589,15.302992976557913,0.0015339500273447591,True,2,0.00011210077115578823,0.17530884633192051,0.40824199495924346,data/BTC-USDT/BTC-USDT_htx_2021-01-01_2024-01-01_funding_history.csv,True
BTC-USDT:htx,2022-08-10T03:00:00+00:00,2022-08,1757,2022-02-11T03:00:00+00:00,2022-08-09T19:00:00+00:00,2022-08-10T11:00:00+00:00,2022-08-17T03:00:00+00:00,0.0001,0.52788762010608037,6.8677738030686295e-05,7.097479379368908e-05,0.19375609041339048,1.4089509057353793,15.269477935446712,0.001013643563350505,True,11,0.00011181380868204794,0.17564669050924472,0.4095285580583658,data/BTC-USDT/BTC-USDT_htx_2021-01-01_2024-01-01_funding_history.csv,True
BTC-USDT:htx,2022-08-18T03:00:00+00:00,2022-08,1781,2022-02-19T03:00:00+00:00,2022-08-17T19:00:00+00:00,2022-08-18T11:00:00+00:00,2022-08-25T03:00:00+00:00,0.0001,0.530849344177176,6.8225144590690906e-05,7.067908688381246e-05,0.19806987578582538,1.4148456694748681,15.149868186218162,0.00089449083133908596,True,7,0.00011315095644291053,0.1779000029630724,0.42148183766103636,data/BTC-USDT/BTC-USDT_htx_2021-01-01_2024-01-01_funding_history.csv,True
BTC-USDT:htx,2022-08-25T19:00:00+00:00,2022-08,1804,2022-02-26T19:00:00+00:00,2022-08-25T11:00:00+00:00,2022-08-26T03:00:00+00:00,2022-09-01T19:00:00+00:00,0.0001,0.54659786482045247,6.6783912344547242e-05,6.9177530563290776e-05,0.21671566194223363,1.4455560813710984,15.819403381887909,0.00067882466996033804,True,5,0.00012055438853584713,0.1876924633522542,0.47764054376074633,data/BTC-USDT/BTC-USDT_htx_2021-01-01_2024-01-01_funding_history.csv,True
BTC-USDT:htx,2022-09-03T11:00:00+00:00,2022-09,1830,2022-03-07T11:00:00+00:00,2022-09-03T03:00:00+00:00,2022-09-03T19:00:00+00:00,2022-09-10T11:00:00+00:00,0.0001,0.54362450128611639,6.6007977784659643e-05,6.7425106436835432e-05,0.21985532900402038,1.4831270617819652,16.687446294164143,0.00062022883620152503,True,10,0.00011911748135785701,0.18875584174963325,0.48140567887139635,data/BTC-USDT/BTC-USDT_htx_2021-01-01_2024-01-01_funding_history.csv,True
BTC-USDT:htx,2022-09-10T19:00:00+00:00,2022-09,1852,2022-03-14T19:00:00+00:00,2022-09-10T11:00:00+00:00,2022-09-11T03:00:00+00:00,2022-09-17T19:00:00+00:00,0.0001,0.54860961572617495,6.5849036567499936e-05,6.6616418141256836e-05,0.22427691591684598,1.5011314446230797,17.368189965187845,0.0013042396489774944,True,10,0.00012153732094592893,0.19113396960014253,0.49648225391208528,data/BTC-USDT/BTC-USDT_htx_2021-01-01_2024-01-01_funding_history.csv,True
BTC-USDT:htx,2022-09-18T19:00:00+00:00,2022-09,1876,2022-03-22T19:00:00+00:00,2022-09-18T11:00:00+00:00,2022-09-19T03:00:00+00:00,2022-09-25T19:00:00+00:00,0.0001,0.54554497369919486,6.6433659677696209e-05,6.7189680573414949e-05,0.2183099776237219,1.4883237894059458,17.221637296710053,0.00088992878369913207,True,2,0.00012004341888625944,0.18827955902009649,0.48004528565078364,data/BTC-USDT/BTC-USDT_htx_2021-01-01_2024-01-01_funding_history.csv,True
BTC-USDT:htx,2022-09-26T03:00:00+00:00,2022-09,1898,2022-03-30T03:00:00+00:00,2022-09-25T19:00:00+00:00,2022-09-26T11:00:00+00:00,2022-10-03T03:00:00+00:00,0.0001,0.56292237155631386,6.4845193697303592e-05,6.5390140457574657e-05,0.24164045502325671,1.5292825386249222,18.093596377205781,0.0011537243376215161,True,4,0.0001287915692719303,0.19974445493036483,0.55158881653829039,data/BTC-USDT/BTC-USDT_htx_2021-01-01_2024-01-01_funding_history.csv,True
BTC-USDT:htx,2022-10-04T03:00:00+00:00,2022-10,1922,2022-04-07T03:00:00+00:00,2022-10-03T19:00:00+00:00,2022-10-04T11:00:00+00:00,2022-10-11T03:00:00+00:00,0.0001,0.53843932780174164,6.5064557836181516e-05,6.5320299272025325e-05,0.22277426855099422,1.5309176644086033,17.513628526264341,0.0017094823788619102,True,14,0.00011665597699780102,0.18947728039952988,0.48222021794608222,data/BTC-USDT/BTC-USDT_htx_2021-01-01_2024-01-01_funding_history.csv,True
BTC-USDT:htx,2022-10-11T11:00:00+00:00,2022-10,1944,2022-04-14T11:00:00+00:00,2022-10-11T03:00:00+00:00,2022-10-11T19:00:00+00:00,2022-10-18T11:00:00+00:00,0.0001,0.55400993758164785,6.4212897283345445e-05,6.4322374152514226e-05,0.23976358389105332,1.5546689828781952,18.212737310776358,0.0013812974742550492,True,18,0.00012421973203977852,0.1981490684979639,0.53700905565667001,data/BTC-USDT/BTC-USDT_htx_2021-01-01_2024-01-01_funding_history.csv,True
BTC-USDT:htx,2023-11-06T11:00:00+00:00,2023-11,3117,2023-05-10T11:00:00+00:00,2023-11-06T03:00:00+00:00,2023-11-06T19:00:00+00:00,2023-11-13T11:00:00+00:00,0.00018767942123560001,0.52855745309544055,8.8177308129841988e-05,9.6950157827429279e-05,0.41482970584391687,1.9358340970384833,10.715579853270045,0.0043862175346307004,True,21,0.00021041631833498538,0.25711019572055421,0.87813948043343859,data/BTC-USDT/BTC-USDT_htx_2021-01-01_2024-01-01_funding_history.csv,True
BTC-USDT:htx,2023-11-13T19:00:00+00:00,2023-11,3139,2023-05-17T19:00:00+00:00,2023-11-13T11:00:00+00:00,2023-11-14T03:00:00+00:00,2023-11-20T19:00:00+00:00,0.00089126510113530003,0.56408310883993829,9.3426448279932078e-05,0.00010468552379186939,9.2802355529784908,8.5137378011048543,10.899629446238492,0.0040616515210436998,True,21,0.0011533037200099215,1.2384881867085662,21.235710498843218,data/BTC-USDT/BTC-USDT_htx_2021-01-01_2024-01-01_funding_history.csv,True
BTC-USDT:htx,2023-11-22T03:00:00+00:00,2023-11,3164,2023-05-26T03:00:00+00:00,2023-11-21T19:00:00+00:00,2023-11-22T11:00:00+00:00,2023-11-29T03:00:00+00:00,0.0002444040370737,0.58481977758889481,0.00010259422021702517,0.00011739707688352208,0.61764871449944392,2.0818579436708675,10.796259085561134,0.002766931547092108,True,15,0.00034426130217144531,0.32214434079244392,1.4749202154305225,data/BTC-USDT/BTC-USDT_htx_2021-01-01_2024-01-01_funding_history.csv,True
BTC-USDT:htx,2023-12-06T11:00:00+00:00,2023-12,3207,2023-06-09T11:00:00+00:00,2023-12-06T03:00:00+00:00,2023-12-06T19:00:00+00:00,2023-12-13T11:00:00+00:00,0.00041038299022900002,0.56861717436455761,0.00010699402741650993,0.00012106634213009311,1.5214579084466771,3.3897364288748286,10.667934392714566,0.0037166543524395999,True,21,0.00054093289255367966,0.50244442997980832,3.5147121776703565,data/BTC-USDT/BTC-USDT_htx_2021-01-01_2024-01-01_funding_history.csv,True
BTC-USDT:htx,2023-12-13T19:00:00+00:00,2023-12,3229,2023-06-16T19:00:00+00:00,2023-12-13T11:00:00+00:00,2023-12-14T03:00:00+00:00,2023-12-20T19:00:00+00:00,0.00049813337320080001,0.56097773060985079,0.00011286478902080401,0.00012645185964695602,1.9673966488169776,3.9393123564299528,10.946897822235412,0.0037975429360624998,True,21,0.00063650583447551396,0.56945277928917182,4.4725202823958963,data/BTC-USDT/BTC-USDT_htx_2021-01-01_2024-01-01_funding_history.csv,True
BTC-USDT:htx,2023-12-23T03:00:00+00:00,2023-12,3257,2023-06-26T03:00:00+00:00,2023-12-22T19:00:00+00:00,2023-12-23T11:00:00+00:00,2023-12-30T03:00:00+00:00,0.00052036930910169998,0.58755825362817415,0.00011710321596689478,0.00013216068203277925,2.1679780829333595,3.9373987868240192,11.936277916550944,0.0089339093153373017,True,21,0.00074129974887395824,0.60411714230123037,5.2055339601293023,data/BTC-USDT/BTC-USDT_htx_2021-01-01_2024-01-01_funding_history.csv,True
BTC-USDT:kucoin,2021-07-27T15:00:00+00:00,2021-07,622,2021-01-28T15:00:00+00:00,2021-07-27T07:00:00+00:00,2021-07-27T23:00:00+00:00,2021-08-03T15:00:00+00:00,-0.001567,0.61001368284873014,0.00039010372439306456,0.0004307871398743516,1.9059487393435648,3.6375273422903236,-14.700534323117047,-0.0022569999999999999,False,0,0.0024510135710060351,0.5702270353611848,4.7813223018877089,data/BTC-USDT/BTC-USDT_kucoin_2021-01-01_2024-01-01_funding_history.csv,True
BTC-USDT:kucoin,2021-08-16T23:00:00+00:00,2021-08,683,2021-02-17T23:00:00+00:00,2021-08-16T15:00:00+00:00,2021-08-17T07:00:00+00:00,2021-08-23T23:00:00+00:00,0.0011640000000000001,0.62240725030915778,0.00033628283265879822,0.00038484022705184375,1.4752721273735587,3.0246318294661849,13.09690127528887,0.0051269999999999996,True,21,0.0019185954078081303,0.50309771398363479,3.7881950383268226,data/BTC-USDT/BTC-USDT_kucoin_2021-01-01_2024-01-01_funding_history.csv,True
BTC-USDT:kucoin,2021-08-24T07:00:00+00:00,2021-08,705,2021-02-25T07:00:00+00:00,2021-08-23T23:00:00+00:00,2021-08-24T15:00:00+00:00,2021-08-31T07:00:00+00:00,0.0013179999999999999,0.63552321992035532,0.00032729086825009367,0.00037834289461363544,2.0886806329880749,3.4836124023049098,13.196359622376862,0.0084230000000000017,True,21,0.0022979738609346964,0.6000106810968644,5.4937553053812174,data/BTC-USDT/BTC-USDT_kucoin_2021-01-01_2024-01-01_funding_history.csv,True
BTC-USDT:kucoin,2021-09-01T07:00:00+00:00,2021-09,729,2021-03-05T07:00:00+00:00,2021-08-31T23:00:00+00:00,2021-09-01T15:00:00+00:00,2021-09-08T07:00:00+00:00,0.0012700000000000001,0.62689283468032986,0.00034302663618344286,0.00039081948234426494,1.7137791912471965,3.2495821149501523,13.647258405630952,0.010097999999999999,True,21,0.0021337302396526822,0.54271438372155811,4.4372697573657707,data/BTC-USDT/BTC-USDT_kucoin_2021-01-01_2024-01-01_funding_history.csv,True
BTC-USDT:kucoin,2021-10-12T23:00:00+00:00,2021-10,854,2021-04-15T23:00:00+00:00,2021-10-12T15:00:00+00:00,2021-10-13T07:00:00+00:00,2021-10-19T23:00:00+00:00,0.00096400000000000001,0.52662754269473866,0.00030753455086328786,0.00033918497174762613,0.89460640294967964,2.8421070515980098,12.086988947152278,0.017585999999999997,True,21,0.0010724498724344654,0.37713970502525707,1.8854164917485823,data/BTC-USDT/BTC-USDT_kucoin_2021-01-01_2024-01-01_funding_history.csv,True
BTC-USDT:kucoin,2021-10-20T23:00:00+00:00,2021-10,878,2021-04-23T23:00:00+00:00,2021-10-20T15:00:00+00:00,2021-10-21T07:00:00+00:00,2021-10-27T23:00:00+00:00,0.001766,0.58609791963075197,0.00028863565572977368,0.0003248581240786629,4.0909392904001072,5.4362192880617979,14.210452627682939,0.020886999999999996,True,21,0.0025006761186031198,0.82944218364666933,9.7940924467678681,data/BTC-USDT/BTC-USDT_kucoin_2021-01-01_2024-01-01_funding_history.csv,True
BTC-USDT:kucoin,2021-10-31T23:00:00+00:00,2021-10,911,2021-05-04T23:00:00+00:00,2021-10-31T15:00:00+00:00,2021-11-01T07:00:00+00:00,2021-11-07T23:00:00+00:00,0.001346,0.67997427307043767,0.00031830738953365559,0.00037615484103874816,2.7067476661042695,3.5783136441446115,14.890547554740829,0.015955999999999998,True,21,0.0028590435088562856,0.6849473337369838,7.6888976750170013,data/BTC-USDT/BTC-USDT_kucoin_2021-01-01_2024-01-01_funding_history.csv,True
BTC-USDT:kucoin,2021-11-09T23:00:00+00:00,2021-11,938,2021-05-13T23:00:00+00:00,2021-11-09T15:00:00+00:00,2021-11-10T07:00:00+00:00,2021-11-16T23:00:00+00:00,0.002124,0.69888477290707829,0.00032912730132101715,0.00039533850030760417,6.7869176960747266,5.3726110620325684,15.131106228863484,0.010845999999999998,True,21,0.004927115281852649,1.0832933320819027,19.882253178806003,data/BTC-USDT/BTC-USDT_kucoin_2021-01-01_2024-01-01_funding_history.csv,True
BTC-USDT:kucoin,2021-12-04T15:00:00+00:00,2021-12,1012,2021-06-07T15:00:00+00:00,2021-12-04T07:00:00+00:00,2021-12-04T23:00:00+00:00,2021-12-11T15:00:00+00:00,0.0037499999999999999,0.67651703475729796,0.00035904013452961843,0.00041489675683375598,16.297676079265017,9.0383931381333475,15.898118816987571,0.002,True,0,0.0078404338448028691,1.68083189691864,46.030384091142167,data/BTC-USDT/BTC-USDT_kucoin_2021-01-01_2024-01-01_funding_history.csv,True
BTC-USDT:kucoin,2022-05-11T23:00:00+00:00,2022-05,1487,2021-11-12T23:00:00+00:00,2022-05-11T15:00:00+00:00,2022-05-12T07:00:00+00:00,2022-05-18T23:00:00+00:00,-0.001856,0.31951400328966623,0.00021457470477704744,0.00021836812581074082,3.8285275845058222,8.4994089366714221,-9.4406910092027552,0.00054200000000000006,True,0,0.00087146244441346473,0.61529963613825334,4.253196991595865,data/BTC-USDT/BTC-USDT_kucoin_2021-01-01_2024-01-01_funding_history.csv,True
BTC-USDT:kucoin,2022-06-06T23:00:00+00:00,2022-06,1565,2021-12-08T23:00:00+00:00,2022-06-06T15:00:00+00:00,2022-06-07T07:00:00+00:00,2022-06-13T23:00:00+00:00,-0.00016899999999999999,0.16913811944981352,0.00014012931620453997,0.00014008241572697349,0.047788057669216989,1.2064326498294267,-7.3067231657467069,-0.0010039999999999999,False,0,3.4403241809685959e-05,0.044919046697709207,0.021417745229287719,data/BTC-USDT/BTC-USDT_kucoin_2021-01-01_2024-01-01_funding_history.csv,True
BTC-USDT:kucoin,2022-06-14T07:00:00+00:00,2022-06,1587,2021-12-16T07:00:00+00:00,2022-06-13T23:00:00+00:00,2022-06-14T15:00:00+00:00,2022-06-21T07:00:00+00:00,-0.00028899999999999998,0.1568831199779519,0.00014056515013112779,0.00014056347349536771,0.13324191329685137,2.0560106606182011,-6.8788269449437873,0.0020589999999999996,True,3,5.3775725226189804e-05,0.070974763537119442,0.053331713193268647,data/BTC-USDT/BTC-USDT_kucoin_2021-01-01_2024-01-01_funding_history.csv,True
BTC-USDT:kucoin,2022-06-28T07:00:00+00:00,2022-06,1629,2021-12-30T07:00:00+00:00,2022-06-27T23:00:00+00:00,2022-06-28T15:00:00+00:00,2022-07-05T07:00:00+00:00,-0.000203,0.12775307768164021,0.00014547430394800832,0.00014579285557750232,0.055251977298408701,1.3923864732321318,-5.0662356145250262,0.00020699999999999999,True,1,2.9732262855617629e-05,0.039160466925691577,0.016153951720785483,data/BTC-USDT/BTC-USDT_kucoin_2021-01-01_2024-01-01_funding_history.csv,True
BTC-USDT:kucoin,2022-07-07T23:00:00+00:00,2022-07,1658,2022-01-08T23:00:00+00:00,2022-07-07T15:00:00+00:00,2022-07-08T07:00:00+00:00,2022-07-14T23:00:00+00:00,-0.00031799999999999998,0.10258071123789365,0.00014697948053551661,0.00014724474302180436,0.12002142653331456,2.1596696321641158,-4.0383923451831327,-0.00077799999999999994,False,1,3.6349415019424074e-05,0.048684668507397208,0.0248906621153453,data/BTC-USDT/BTC-USDT_kucoin_2021-01-01_2024-01-01_funding_history.csv,True
BTC-USDT:kucoin,2022-07-15T07:00:00+00:00,2022-07,1680,2022-01-16T07:00:00+00:00,2022-07-14T23:00:00+00:00,2022-07-15T15:00:00+00:00,2022-07-22T07:00:00+00:00,-0.00025900000000000001,0.10698493612260934,0.00014747961250725669,0.00014782174645383399,0.080564932326422756,1.7521102693837267,-3.9227765003096606,-0.00030900000000000008,False,2,3.1028702176025361e-05,0.041224131838514512,0.017854608191432111,data/BTC-USDT/BTC-USDT_kucoin_2021-01-01_2024-01-01_funding_history.csv,True
BTC-USDT:kucoin,2022-07-27T23:00:00+00:00,2022-07,1718,2022-01-28T23:00:00+00:00,2022-07-27T15:00:00+00:00,2022-07-28T07:00:00+00:00,2022-08-03T23:00:00+00:00,-0.00020900000000000001,0.10003180586973104,0.00014457749835509816,0.00014474494185570867,0.052995200912097473,1.4439191955208013,-4.5546864945255683,-0.00030800000000000006,False,1,2.3230429211976781e-05,0.031716069008030603,0.010560998468839854,data/BTC-USDT/BTC-USDT_kucoin_2021-01-01_2024-01-01_funding_history.csv,True
BTC-USDT:kucoin,2022-08-13T15:00:00+00:00,2022-08,1768,2022-02-14T15:00:00+00:00,2022-08-13T07:00:00+00:00,2022-08-13T23:00:00+00:00,2022-08-20T15:00:00+00:00,-0.00036999999999999999,0.072425131183190522,0.00014367697642583255,0.00014349692408986659,0.14749165915657572,2.5784524814502872,-5.0489311128146825,-0.00078500000000000011,False,0,2.8889634075535527e-05,0.04084698861120882,0.017484842200385226,data/BTC-USDT/BTC-USDT_kucoin_2021-01-01_2024-01-01_funding_history.csv,True
BTC-USDT:kucoin,2022-09-09T23:00:00+00:00,2022-09,1850,2022-03-13T23:00:00+00:00,2022-09-09T15:00:00+00:00,2022-09-10T07:00:00+00:00,2022-09-16T23:00:00+00:00,-0.000377,0.03994345089947416,0.00014371757367646857,0.00014352756032101787,0.12475816438328338,2.626673226778125,-4.4769866417774331,-0.00024800000000000007,False,1,1.5685202088575088e-05,0.022909359933050835,0.0054981625897505895,data/BTC-USDT/BTC-USDT_kucoin_2021-01-01_2024-01-01_funding_history.csv,True
BTC-USDT:kucoin,2022-10-04T15:00:00+00:00,2022-10,1924,2022-04-07T15:00:00+00:00,2022-10-04T07:00:00+00:00,2022-10-04T23:00:00+00:00,2022-10-11T15:00:00+00:00,-0.000242,0.014496977539866601,0.00014308109018737342,0.00014294285721015682,0.03944895021475639,1.6929842086772326,-3.9329355817312299,-0.00083800000000000009,False,2,3.5598760071683464e-06,0.0053543061345185409,0.00030066471882631772,data/BTC-USDT/BTC-USDT_kucoin_2021-01-01_2024-01-01_funding_history.csv,True
BTC-USDT:kucoin,2022-10-25T23:00:00+00:00,2022-10,1988,2022-04-28T23:00:00+00:00,2022-10-25T15:00:00+00:00,2022-10-26T07:00:00+00:00,2022-11-01T23:00:00+00:00,-0.00020799999999999999,0.018013464103102388,0.00014402603945945475,0.00014389402698463646,0.030316793528252801,1.44550822823388,-3.5340084923144777,-0.00013099999999999999,False,1,3.8155314726623569e-06,0.0056818039166469953,0.00033849328640472517,data/BTC-USDT/BTC-USDT_kucoin_2021-01-01_2024-01-01_funding_history.csv,True
BTC-USDT:kucoin,2022-11-09T23:00:00+00:00,2022-11,2033,2022-05-13T23:00:00+00:00,2022-11-09T15:00:00+00:00,2022-11-10T07:00:00+00:00,2022-11-16T23:00:00+00:00,-0.0019780000000000002,0.19571498646393107,9.7243035174909511e-05,9.8310990547166954e-05,14.810072104033564,20.119825758962413,-5.1721549887628058,0.0025130000000000005,True,0,0.00048132718714184307,0.87811758576655063,8.2397888500045244,data/BTC-USDT/BTC-USDT_kucoin_2021-01-01_2024-01-01_funding_history.csv,True
BTC-USDT:kucoin,2022-11-17T07:00:00+00:00,2022-11,2055,2022-05-21T07:00:00+00:00,2022-11-16T23:00:00+00:00,2022-11-17T15:00:00+00:00,2022-11-24T07:00:00+00:00,0.000435,0.13642846827256427,0.00014148333046487983,0.00014259050020596205,0.2770700371754658,3.0506941161695402,1.8237492311764059,-0.00099599999999999992,False,0,6.8722024196249927e-05,0.092187559827273752,0.08964117782428617,data/BTC-USDT/BTC-USDT_kucoin_2021-01-01_2024-01-01_funding_history.csv,True
BTC-USDT:kucoin,2022-11-24T15:00:00+00:00,2022-11,2077,2022-05-28T15:00:00+00:00,2022-11-24T07:00:00+00:00,2022-11-24T23:00:00+00:00,2022-12-01T15:00:00+00:00,-0.00036400000000000001,0.1017714752544799,0.00015112319673579828,0.00015178000884503751,0.14823493093070783,2.398207792777455,-1.1760540829465562,0.002307,True,0,4.1242084805897211e-05,0.053769154524719837,0.030358777633918817,data/BTC-USDT/BTC-USDT_kucoin_2021-01-01_2024-01-01_funding_history.csv,True
BTC-USDT:kucoin,2022-12-03T07:00:00+00:00,2022-12,2103,2022-06-06T07:00:00+00:00,2022-12-02T23:00:00+00:00,2022-12-03T15:00:00+00:00,2022-12-10T07:00:00+00:00,-0.00030299999999999999,0.082622786681324292,0.00016014482514265435,0.00016054531414496357,0.08382169092577707,1.887317618790217,-0.038866325905898745,-0.00074700000000000016,False,0,2.7289433398804928e-05,0.034254596484972116,0.012302801225000925,data/BTC-USDT/BTC-USDT_kucoin_2021-01-01_2024-01-01_funding_history.csv,True
BTC-USDT:kucoin,2022-12-10T15:00:00+00:00,2022-12,2125,2022-06-13T15:00:00+00:00,2022-12-10T07:00:00+00:00,2022-12-10T23:00:00+00:00,2022-12-17T15:00:00+00:00,-0.00030299999999999999,0.018791330624639328,0.0001752802513631273,0.00017524851052671831,0.043898856121691122,1.728973325304267,0.092574235621286707,-0.00023000000000000009,False,1,5.8028158096996668e-06,0.0070949655351969457,0.00052778584308194141,data/BTC-USDT/BTC-USDT_kucoin_2021-01-01_2024-01-01_funding_history.csv,True
BTC-USDT:kucoin,2023-01-10T23:00:00+00:00,2023-01,2219,2022-07-14T23:00:00+00:00,2023-01-10T15:00:00+00:00,2023-01-11T07:00:00+00:00,2023-01-17T23:00:00+00:00,-0.00054699999999999996,0.049893004510896601,0.00017238670447193677,0.00017241695912005811,0.19608969018725134,3.172541742944849,-2.0800636995869906,-0.0010010000000000002,False,2,2.8724631643629909e-05,0.034631903851820134,0.012563159678698175,data/BTC-USDT/BTC-USDT_kucoin_2021-01-01_2024-01-01_funding_history.csv,True
BTC-USDT:kucoin,2023-04-01T15:00:00+00:00,2023-04,2461,2022-10-03T15:00:00+00:00,2023-04-01T07:00:00+00:00,2023-04-01T23:00:00+00:00,2023-04-08T15:00:00+00:00,-0.00024600000000000002,0.1219503500917571,0.00017143534466094743,0.00017202412882128578,0.057134137275864638,1.4300319477598811,-4.0022719151571362,-0.00051000000000000015,False,0,3.4166389253395024e-05,0.038427441469564193,0.015542213808065985,data/BTC-USDT/BTC-USDT_kucoin_2021-01-01_2024-01-01_funding_history.csv,True
BTC-USDT:kucoin,2023-04-10T07:00:00+00:00,2023-04,2487,2022-10-12T07:00:00+00:00,2023-04-09T23:00:00+00:00,2023-04-10T15:00:00+00:00,2023-04-17T07:00:00+00:00,-0.00059400000000000002,0.10999028633527294,0.0001710418119056719,0.00017146656309016545,0.31900360965409413,3.4642322636842375,-3.9537983730563657,-0.0013330000000000002,False,0,7.3408446087773815e-05,0.083824638603927304,0.073847034124708777,data/BTC-USDT/BTC-USDT_kucoin_2021-01-01_2024-01-01_funding_history.csv,True
BTC-USDT:kucoin,2023-07-17T23:00:00+00:00,2023-07,2783,2023-01-18T23:00:00+00:00,2023-07-17T15:00:00+00:00,2023-07-18T07:00:00+00:00,2023-07-24T23:00:00+00:00,0.0001,0.60939870533815466,7.5489931677035835e-05,7.6086779541695643e-05,0.2068568975012253,1.3142887713521887,20.062247940835874,0.0020999999999999999,True,21,0.00015601079296215971,0.18782765267255908,0.51831964288717836,data/BTC-USDT/BTC-USDT_kucoin_2021-01-01_2024-01-01_funding_history.csv,True
BTC-USDT:kucoin,2023-07-25T07:00:00+00:00,2023-07,2805,2023-01-26T07:00:00+00:00,2023-07-24T23:00:00+00:00,2023-07-25T15:00:00+00:00,2023-08-01T07:00:00+00:00,0.0001,0.61750920021363098,7.4468886724428211e-05,7.386078513649762e-05,0.21839821583850794,1.3538984159888918,21.300191508529444,0.0019460000000000002,True,21,0.00016143771757779277,0.19336987090475857,0.5556987155262012,data/BTC-USDT/BTC-USDT_kucoin_2021-01-01_2024-01-01_funding_history.csv,True
BTC-USDT:kucoin,2023-08-01T15:00:00+00:00,2023-08,2827,2023-02-02T15:00:00+00:00,2023-08-01T07:00:00+00:00,2023-08-01T23:00:00+00:00,2023-08-08T15:00:00+00:00,0.0001,0.61436564422739492,7.4519768386150981e-05,7.3839861451295859e-05,0.21581518573384736,1.354282064382788,21.216477560351745,0.0020999999999999999,True,21,0.00015930725156753617,0.19208493875302127,0.54588760063283526,data/BTC-USDT/BTC-USDT_kucoin_2021-01-01_2024-01-01_funding_history.csv,True
BTC-USDT:kucoin,2023-08-08T23:00:00+00:00,2023-08,2849,2023-02-09T23:00:00+00:00,2023-08-08T15:00:00+00:00,2023-08-09T07:00:00+00:00,2023-08-15T23:00:00+00:00,0.0001,0.61436564422739492,7.4519768386150981e-05,7.3839861451295859e-05,0.21581518573384736,1.354282064382788,21.216477560351745,0.0020600000000000002,True,21,0.00015930725156753617,0.19208493875302127,0.54588760063283526,data/BTC-USDT/BTC-USDT_kucoin_2021-01-01_2024-01-01_funding_history.csv,True
BTC-USDT:kucoin,2023-08-16T07:00:00+00:00,2023-08,2871,2023-02-17T07:00:00+00:00,2023-08-15T23:00:00+00:00,2023-08-16T15:00:00+00:00,2023-08-23T07:00:00+00:00,0.0001,0.61848996970298842,7.4379999171425896e-05,7.3790860066413579e-05,0.21964361442733313,1.3551813857434045,21.329706651119405,0.0019230000000000004,True,21,0.0001621095795475288,0.1939623259140637,0.55989554800700347,data/BTC-USDT/BTC-USDT_kucoin_2021-01-01_2024-01-01_funding_history.csv,True
BTC-USDT:kucoin,2023-08-24T07:00:00+00:00,2023-08,2895,2023-02-25T07:00:00+00:00,2023-08-23T23:00:00+00:00,2023-08-24T15:00:00+00:00,2023-08-31T07:00:00+00:00,0.0001,0.61689342451957541,7.4384198972687947e-05,7.3792336964680782e-05,0.21844370112813788,1.3551542628045916,21.272712695323541,0.0013159999999999999,True,5,0.00016101764337896491,0.19336339709783434,0.55517244663152132,data/BTC-USDT/BTC-USDT_kucoin_2021-01-01_2024-01-01_funding_history.csv,True
BTC-USDT:kucoin,2023-08-31T15:00:00+00:00,2023-08,2917,2023-03-04T15:00:00+00:00,2023-08-31T07:00:00+00:00,2023-08-31T23:00:00+00:00,2023-09-07T15:00:00+00:00,0.0001,0.62328420584011501,7.3926214956955837e-05,7.3695620229486685e-05,0.22598007600250219,1.3569327415740855,21.287200190056488,0.0015720000000000003,True,7,0.00016544402969605087,0.19693726714519461,0.58121513338936825,data/BTC-USDT/BTC-USDT_kucoin_2021-01-01_2024-01-01_funding_history.csv,True
BTC-USDT:kucoin,2023-09-08T23:00:00+00:00,2023-09,2942,2023-03-12T23:00:00+00:00,2023-09-08T15:00:00+00:00,2023-09-09T07:00:00+00:00,2023-09-15T23:00:00+00:00,0.0001,0.63188907894489998,7.3248733384968369e-05,7.2916382748217754e-05,0.23705492638513445,1.3714339114339054,21.765513443794752,0.00072900000000000005,True,0,0.00017164607689928391,0.20202177844535349,0.61941557960454341,data/BTC-USDT/BTC-USDT_kucoin_2021-01-01_2024-01-01_funding_history.csv,True
BTC-USDT:kucoin,2023-09-19T07:00:00+00:00,2023-09,2973,2023-03-23T07:00:00+00:00,2023-09-18T23:00:00+00:00,2023-09-19T15:00:00+00:00,2023-09-26T07:00:00+00:00,0.0001,0.62563256773088705,7.2742033464298609e-05,7.1874113667496554e-05,0.23526902204432701,1.3913215050222281,21.808121357985833,0.0012600000000000003,True,1,0.00016710842741660421,0.20103592859560018,0.60773937194707806,data/BTC-USDT/BTC-USDT_kucoin_2021-01-01_2024-01-01_funding_history.csv,True
BTC-USDT:kucoin,2023-09-30T15:00:00+00:00,2023-09,3007,2023-04-03T15:00:00+00:00,2023-09-30T07:00:00+00:00,2023-09-30T23:00:00+00:00,2023-10-07T15:00:00+00:00,0.0001,0.66761776280125762,6.7253838857454611e-05,6.2793934806405508e-05,0.31947959470627912,1.5925104917903499,26.785239787039533,0.00010600000000000002,True,2,0.00020081694281123068,0.23532072483868705,0.88890894201354631,data/BTC-USDT/BTC-USDT_kucoin_2021-01-01_2024-01-01_funding_history.csv,True
BTC-USDT:kucoin,2023-10-09T15:00:00+00:00,2023-10,3034,2023-04-12T15:00:00+00:00,2023-10-09T07:00:00+00:00,2023-10-09T23:00:00+00:00,2023-10-16T15:00:00+00:00,0.0001,0.83516194963073587,4.6847565042367286e-05,4.8884859469261902e-05,1.4768687642490479,2.045623145605616,34.845638515739076,0.0013439999999999999,True,19,0.00049512422511148891,0.47588158073154513,5.2502556261301949,data/BTC-USDT/BTC-USDT_kucoin_2021-01-01_2024-01-01_funding_history.csv,True
BTC-USDT:kucoin,2023-10-16T23:00:00+00:00,2023-10,3056,2023-04-19T23:00:00+00:00,2023-10-16T15:00:00+00:00,2023-10-17T07:00:00+00:00,2023-10-23T23:00:00+00:00,0.0001,0.8268560256063382,4.7463465493276665e-05,4.9341578506135005e-05,1.3631500862574155,2.0266883027985467,33.931781635421409,-0.001415,False,2,0.00046874251930113673,0.46053757504789156,4.7956924157168146,data/BTC-USDT/BTC-USDT_kucoin_2021-01-01_2024-01-01_funding_history.csv,True
BTC-USDT:kucoin,2023-10-24T07:00:00+00:00,2023-10,3078,2023-04-27T07:00:00+00:00,2023-10-23T23:00:00+00:00,2023-10-24T15:00:00+00:00,2023-10-31T07:00:00+00:00,0.00035799999999999997,0.80960928780049135,4.9659491936292469e-05,5.6804318575344077e-05,14.366847038539239,6.3023377267549856,27.123216102417068,0.0052059999999999997,True,21,0.0015043012770142642,1.5146762833746896,49.430032304761667,data/BTC-USDT/BTC-USDT_kucoin_2021-01-01_2024-01-01_funding_history.csv,True
BTC-USDT:kucoin,2023-10-31T15:00:00+00:00,2023-10,3100,2023-05-04T15:00:00+00:00,2023-10-31T07:00:00+00:00,2023-10-31T23:00:00+00:00,2023-11-07T15:00:00+00:00,0.00019799999999999999,0.84201917560045958,5.3814061402247988e-05,6.7709849481145879e-05,4.596544358429604,2.9242422116908413,25.696013680339391,0.0049550000000000002,True,21,0.0010267970003457567,0.8340135925995209,16.479232800056192,data/BTC-USDT/BTC-USDT_kucoin_2021-01-01_2024-01-01_funding_history.csv,True
BTC-USDT:kucoin,2023-11-07T23:00:00+00:00,2023-11,3122,2023-05-11T23:00:00+00:00,2023-11-07T15:00:00+00:00,2023-11-08T07:00:00+00:00,2023-11-14T23:00:00+00:00,0.00024499999999999999,0.87330575760285367,5.3435911641935687e-05,7.3802131454975373e-05,9.0599360464882857,3.3196873202702508,25.773662403338385,0.0070880000000000006,True,21,0.0015905992944528283,1.1259662387004796,33.661401318335344,data/BTC-USDT/BTC-USDT_kucoin_2021-01-01_2024-01-01_funding_history.csv,True
BTC-USDT:kucoin,2023-11-16T07:00:00+00:00,2023-11,3147,2023-05-20T07:00:00+00:00,2023-11-15T23:00:00+00:00,2023-11-16T15:00:00+00:00,2023-11-23T07:00:00+00:00,0.00027399999999999999,0.90430252789767163,5.5346300056198158e-05,9.0949984556268083e-05,14.225401066760186,3.0126448216215391,23.730455039948389,0.0037939999999999996,True,21,0.0022760394790326791,1.3260067658182153,54.185783150837707,data/BTC-USDT/BTC-USDT_kucoin_2021-01-01_2024-01-01_funding_history.csv,True
BTC-USDT:kucoin,2023-12-04T07:00:00+00:00,2023-12,3201,2023-06-07T07:00:00+00:00,2023-12-03T23:00:00+00:00,2023-12-04T15:00:00+00:00,2023-12-11T07:00:00+00:00,0.00041399999999999998,0.90669148965128221,5.7335353929749399e-05,9.4548435460951928e-05,31.076986349140149,4.3787080979354762,23.940116575522858,0.0091500000000000001,True,1,0.0035086269755629711,1.9476139609138545,118.49152520393635,data/BTC-USDT/BTC-USDT_kucoin_2021-01-01_2024-01-01_funding_history.csv,True
BTC-USDT:kucoin,2023-12-11T23:00:00+00:00,2023-12,3224,2023-06-14T23:00:00+00:00,2023-12-11T15:00:00+00:00,2023-12-12T07:00:00+00:00,2023-12-18T23:00:00+00:00,0.00050000000000000001,0.89916669924315151,7.1507601087379135e-05,0.0001208924312435348,26.856981879964962,4.135908219041128,21.446372818602516,0.0064149999999999997,True,21,0.0039802136686578381,1.8451390447269189,102.02080480638821,data/BTC-USDT/BTC-USDT_kucoin_2021-01-01_2024-01-01_funding_history.csv,True
BTC-USDT:kucoin,2023-12-21T15:00:00+00:00,2023-12,3253,2023-06-24T15:00:00+00:00,2023-12-21T07:00:00+00:00,2023-12-21T23:00:00+00:00,2023-12-28T15:00:00+00:00,0.000513,0.90208885100878045,7.7944402997898586e-05,0.00012886788999676678,24.544295703366263,3.980820978855717,22.56380414165934,0.010076999999999999,True,21,0.0041834812821089744,1.751521101024849,93.390147754832185,data/BTC-USDT/BTC-USDT_kucoin_2021-01-01_2024-01-01_funding_history.csv,True
BTC-USDT:mexc,2021-10-17T11:00:00+00:00,2021-10,868,2021-04-20T11:00:00+00:00,2021-10-17T03:00:00+00:00,2021-10-17T19:00:00+00:00,2021-10-24T11:00:00+00:00,0.00045103,0.77249515003143521,0.0001310715035463985,0.00016856326537617922,2.6782903825119195,2.6757312691673687,17.43995349127389,0.006344230000000001,True,21,0.0015247019957027571,0.66750903695052444,8.7613616854536023,data/BTC-USDT/BTC-USDT_mexc_2021-01-01_2024-01-01_funding_history.csv,True
BTC-USDT:mexc,2021-10-26T11:00:00+00:00,2021-10,895,2021-04-29T11:00:00+00:00,2021-10-26T03:00:00+00:00,2021-10-26T19:00:00+00:00,2021-11-02T11:00:00+00:00,0.00065744000000000002,0.78533370102524536,0.00013374307211379082,0.00017628154534746307,5.8383501457668094,3.7294885219217955,17.375887418522503,0.00703171,True,21,0.0023901326398635685,0.97955287460326945,19.442310511812806,data/BTC-USDT/BTC-USDT_mexc_2021-01-01_2024-01-01_funding_history.csv,True
BTC-USDT:mexc,2021-11-03T03:00:00+00:00,2021-11,918,2021-05-07T03:00:00+00:00,2021-11-02T19:00:00+00:00,2021-11-03T11:00:00+00:00,2021-11-10T03:00:00+00:00,0.00087350999999999998,0.81295960980511117,0.00012573833008691586,0.0001742085637131967,13.607433239674441,5.0141622282018137,17.644719407436135,0.0089694400000000004,True,21,0.0037475839466248324,1.4706806467915676,47.023206100444845,data/BTC-USDT/BTC-USDT_mexc_2021-01-01_2024-01-01_funding_history.csv,True
BTC-USDT:mexc,2021-11-10T11:00:00+00:00,2021-11,940,2021-05-14T11:00:00+00:00,2021-11-10T03:00:00+00:00,2021-11-10T19:00:00+00:00,2021-11-17T11:00:00+00:00,0.00073099999999999999,0.83551180290336657,0.00011953023648534869,0.00017445138545241706,12.150834215727821,4.1902791319441013,17.963521514768939,0.0056039999999999987,True,21,0.0036278289851328772,1.3645530780952475,43.214890759897017,data/BTC-USDT/BTC-USDT_mexc_2021-01-01_2024-01-01_funding_history.csv,True
BTC-USDT:mexc,2022-05-12T11:00:00+00:00,2022-05,1489,2021-11-13T11:00:00+00:00,2022-05-12T03:00:00+00:00,2022-05-12T19:00:00+00:00,2022-05-19T11:00:00+00:00,-0.00037199999999999999,0.77564522371762423,7.3175577534019011e-05,8.9248449193049032e-05,5.9390676353190317,4.1681396524363654,-21.464873393321252,-0.0015839999999999999,False,2,0.0012798909565849526,0.99260417084156183,19.514085806083724,data/BTC-USDT/BTC-USDT_mexc_2021-01-01_2024-01-01_funding_history.csv,True
BTC-USDT:mexc,2022-05-20T11:00:00+00:00,2022-05,1513,2021-11-21T11:00:00+00:00,2022-05-20T03:00:00+00:00,2022-05-20T19:00:00+00:00,2022-05-27T11:00:00+00:00,0.00014999999999999999,0.75532193361640654,7.3460341028464086e-05,8.7415711009516972e-05,0.86750641523963268,1.7159386827348397,20.191915424307634,0.0014579999999999999,True,10,0.00046177283343775197,0.3824697522179461,2.7692088384305285,data/BTC-USDT/BTC-USDT_mexc_2021-01-01_2024-01-01_funding_history.csv,True
BTC-USDT:mexc,2022-05-27T19:00:00+00:00,2022-05,1535,2021-11-28T19:00:00+00:00,2022-05-27T11:00:00+00:00,2022-05-28T03:00:00+00:00,2022-06-03T19:00:00+00:00,0.00014999999999999999,0.7320832552368427,7.3765512023520787e-05,8.5761181235044829e-05,0.7741333309192171,1.749043073332869,19.499628522615424,0.0018860000000000001,True,21,0.00040928871226304249,0.36378724650275085,2.3877960854027536,data/BTC-USDT/BTC-USDT_mexc_2021-01-01_2024-01-01_funding_history.csv,True
BTC-USDT:mexc,2022-06-09T03:00:00+00:00,2022-06,1572,2021-12-11T03:00:00+00:00,2022-06-08T19:00:00+00:00,2022-06-09T11:00:00+00:00,2022-06-16T03:00:00+00:00,0.00014999999999999999,0.7132345719349148,7.1571373708277658e-05,8.2014048451930312e-05,0.75885530911166876,1.8289549513936907,18.986960569052091,0.00042999999999999994,True,9,0.00037276680600772217,0.36155044639503903,2.2740220388331753,data/BTC-USDT/BTC-USDT_mexc_2021-01-01_2024-01-01_funding_history.csv,True
BTC-USDT:mexc,2022-06-24T11:00:00+00:00,2022-06,1618,2021-12-26T11:00:00+00:00,2022-06-24T03:00:00+00:00,2022-06-24T19:00:00+00:00,2022-07-01T11:00:00+00:00,0.00014999999999999999,0.67881020147189752,7.3294231836312904e-05,8.4669677113457099e-05,0.63120294469017668,1.7715905518217634,16.0748506496613,0.001011,True,1,0.00031692073478712247,0.33077265373881365,1.7895600187434453,data/BTC-USDT/BTC-USDT_mexc_2021-01-01_2024-01-01_funding_history.csv,True
BTC-USDT:mexc,2022-07-09T11:00:00+00:00,2022-07,1663,2022-01-10T11:00:00+00:00,2022-07-09T03:00:00+00:00,2022-07-09T19:00:00+00:00,2022-07-16T11:00:00+00:00,0.00014999999999999999,0.62617365782195777,7.3561601266696706e-05,8.2920740632024702e-05,0.51858155678179452,1.8089563462252616,14.363975397774633,0.00065999999999999989,True,9,0.00025124232052148017,0.2984999229023893,1.3409202112549792,data/BTC-USDT/BTC-USDT_mexc_2021-01-01_2024-01-01_funding_history.csv,True
BTC-USDT:mexc,2022-07-18T03:00:00+00:00,2022-07,1689,2022-01-19T03:00:00+00:00,2022-07-17T19:00:00+00:00,2022-07-18T11:00:00+00:00,2022-07-25T03:00:00+00:00,0.00014999999999999999,0.62411413508582114,7.2606304947983493e-05,8.2449554300366006e-05,0.52859745902417121,1.8192942493484663,13.785296019022361,0.0016999999999999997,True,21,0.00024904480627004272,0.30124968163995441,1.3616307397935661,data/BTC-USDT/BTC-USDT_mexc_2021-01-01_2024-01-01_funding_history.csv,True
BTC-USDT:mexc,2022-07-26T03:00:00+00:00,2022-07,1713,2022-01-27T03:00:00+00:00,2022-07-25T19:00:00+00:00,2022-07-26T11:00:00+00:00,2022-08-02T03:00:00+00:00,0.00014999999999999999,0.61318822065016354,7.26998021661977e-05,8.1732286162740052e-05,0.50819954972611547,1.8352600550207254,13.875209053369318,0.002016,True,4,0.00023777726706882308,0.29467833396597676,1.2825932136289622,data/BTC-USDT/BTC-USDT_mexc_2021-01-01_2024-01-01_funding_history.csv,True
BTC-USDT:mexc,2022-08-06T19:00:00+00:00,2022-08,1748,2022-02-07T19:00:00+00:00,2022-08-06T11:00:00+00:00,2022-08-07T03:00:00+00:00,2022-08-13T19:00:00+00:00,0.00014999999999999999,0.64144286457228772,7.1723460405854992e-05,8.0245867351306705e-05,0.57510053483409707,1.869255139873037,15.890104488920965,0.001616,True,4,0.0002683194353402029,0.31510279020969234,1.528839400710361,data/BTC-USDT/BTC-USDT_mexc_2021-01-01_2024-01-01_funding_history.csv,True
BTC-USDT:mexc,2022-08-18T11:00:00+00:00,2022-08,1783,2022-02-19T11:00:00+00:00,2022-08-18T03:00:00+00:00,2022-08-18T19:00:00+00:00,2022-08-25T11:00:00+00:00,0.00014999999999999999,0.64589019651876944,7.1152557623566217e-05,7.9175969877265373e-05,0.59360311210259997,1.8945142097093661,16.193418560900643,0.000408,True,3,0.00027356920970313304,0.32030029534560867,1.5905600248332907,data/BTC-USDT/BTC-USDT_mexc_2021-01-01_2024-01-01_funding_history.csv,True
BTC-USDT:mexc,2022-09-15T11:00:00+00:00,2022-09,1867,2022-03-19T11:00:00+00:00,2022-09-15T03:00:00+00:00,2022-09-15T19:00:00+00:00,2022-09-22T11:00:00+00:00,0.00014999999999999999,0.64599697975392889,6.7792189284705698e-05,7.3598907153565356e-05,0.65415724529118502,2.0380737405111526,17.656716143705804,0.0010839999999999999,True,11,0.00027369687440583808,0.33624467131503216,1.7531463547574304,data/BTC-USDT/BTC-USDT_mexc_2021-01-01_2024-01-01_funding_history.csv,True
BTC-USDT:mexc,2022-10-01T11:00:00+00:00,2022-10,1915,2022-04-04T11:00:00+00:00,2022-10-01T03:00:00+00:00,2022-10-01T19:00:00+00:00,2022-10-08T11:00:00+00:00,0.00014999999999999999,0.64587205369365397,6.6154387108591903e-05,7.2145168741748542e-05,0.68664457452094807,2.0791413010196327,17.386794728142711,0.0020799999999999998,True,21,0.00027354752666395747,0.34448822851247368,1.8398055821458452,data/BTC-USDT/BTC-USDT_mexc_2021-01-01_2024-01-01_funding_history.csv,True
BTC-USDT:mexc,2022-10-10T19:00:00+00:00,2022-10,1943,2022-04-13T19:00:00+00:00,2022-10-10T11:00:00+00:00,2022-10-11T03:00:00+00:00,2022-10-17T19:00:00+00:00,0.00014999999999999999,0.65611508955300069,6.6135891873157714e-05,7.1937380768780193e-05,0.71268069955186242,2.0851468095860652,18.069316166260975,0.0021849999999999999,True,21,0.0002861514023667557,0.35128054579798795,1.9441711865833475,data/BTC-USDT/BTC-USDT_mexc_2021-01-01_2024-01-01_funding_history.csv,True
BTC-USDT:mexc,2022-10-18T19:00:00+00:00,2022-10,1967,2022-04-21T19:00:00+00:00,2022-10-18T11:00:00+00:00,2022-10-19T03:00:00+00:00,2022-10-25T19:00:00+00:00,0.00014999999999999999,0.68801644303826692,6.4124170689282856e-05,7.1257385319352528e-05,0.85434878584376239,2.1050449623958074,18.89216074881428,0.0015609999999999997,True,5,0.00033066600143301269,0.3846846922902129,2.4592245813083697,data/BTC-USDT/BTC-USDT_mexc_2021-01-01_2024-01-01_funding_history.csv,True
BTC-USDT:mexc,2022-11-09T19:00:00+00:00,2022-11,2033,2022-05-13T19:00:00+00:00,2022-11-09T11:00:00+00:00,2022-11-10T03:00:00+00:00,2022-11-16T19:00:00+00:00,-0.00027399999999999999,0.67029136811222367,6.0906685434309364e-05,6.6019142995087524e-05,2.9536963131591669,4.1503113728754144,-19.150064758354233,0.0034530000000000003,True,6,0.00055691163377896095,0.715554614629343,8.2555474144037753,data/BTC-USDT/BTC-USDT_mexc_2021-01-01_2024-01-01_funding_history.csv,True
BTC-USDT:mexc,2022-12-23T03:00:00+00:00,2022-12,2163,2022-06-26T03:00:00+00:00,2022-12-22T19:00:00+00:00,2022-12-23T11:00:00+00:00,2022-12-30T03:00:00+00:00,0.00015200000000000001,0.65691754494232901,7.8542841758434272e-05,9.8247422176899705e-05,0.52038207850467022,1.5471143835847003,9.0750859380295861,0.0021079999999999996,True,21,0.00029099935978907365,0.3001866286908732,1.4215635078935089,data/BTC-USDT/BTC-USDT_mexc_2021-01-01_2024-01-01_funding_history.csv,True
BTC-USDT:mexc,2022-12-30T19:00:00+00:00,2022-12,2186,2022-07-03T19:00:00+00:00,2022-12-30T11:00:00+00:00,2022-12-31T03:00:00+00:00,2023-01-06T19:00:00+00:00,0.00015200000000000001,0.67258346050257145,7.7635336364204337e-05,9.8308169409314384e-05,0.56426724762677627,1.5461583804610901,9.661736708050535,0.00148,True,7,0.00031216508186623085,0.31275961587312934,1.5832235152914125,data/BTC-USDT/BTC-USDT_mexc_2021-01-01_2024-01-01_funding_history.csv,True
BTC-USDT:mexc,2023-01-14T11:00:00+00:00,2023-01,2230,2022-07-18T11:00:00+00:00,2023-01-14T03:00:00+00:00,2023-01-14T19:00:00+00:00,2023-01-21T11:00:00+00:00,0.00051000000000000004,0.6803469511705692,7.7272656901241466e-05,9.8690236920007178e-05,6.6032410802478623,5.1676844226585219,9.6448264464541342,0.0024129999999999993,True,21,0.0010851464584848698,1.0698123237053365,18.769024357966398,data/BTC-USDT/BTC-USDT_mexc_2021-01-01_2024-01-01_funding_history.csv,True
BTC-USDT:mexc,2023-02-16T19:00:00+00:00,2023-02,2330,2022-08-20T19:00:00+00:00,2023-02-16T11:00:00+00:00,2023-02-17T03:00:00+00:00,2023-02-23T19:00:00+00:00,0.000231,0.70214125864797594,7.7239911653734922e-05,0.00010028041944064202,1.4767394087018473,2.3035404248257407,10.443262031172264,0.0019710000000000001,True,21,0.00054421111114477672,0.50513551670165002,4.3486385493116124,data/BTC-USDT/BTC-USDT_mexc_2021-01-01_2024-01-01_funding_history.csv,True
BTC-USDT:mexc,2023-03-14T03:00:00+00:00,2023-03,2406,2022-09-15T03:00:00+00:00,2023-03-13T19:00:00+00:00,2023-03-14T11:00:00+00:00,2023-03-21T03:00:00+00:00,0.00015200000000000001,0.71444603704162979,7.6594766868239434e-05,9.9994953421756629e-05,0.68380236909603431,1.5200767118606233,11.248571968337806,0.0024639999999999996,True,21,0.00037997248937488937,0.34313770330268112,2.0529837641328998,data/BTC-USDT/BTC-USDT_mexc_2021-01-01_2024-01-01_funding_history.csv,True
BTC-USDT:mexc,2023-06-23T03:00:00+00:00,2023-06,2709,2022-12-25T03:00:00+00:00,2023-06-22T19:00:00+00:00,2023-06-23T11:00:00+00:00,2023-06-30T03:00:00+00:00,0.0001,0.80643931418686321,4.7442083303379261e-05,5.1870117513931769e-05,1.2058114656605392,1.9278922970078303,28.911042109143665,0.0019950000000000002,True,21,0.00041208647040948343,0.43974174090364249,4.1313654768995383,data/BTC-USDT/BTC-USDT_mexc_2021-01-01_2024-01-01_funding_history.csv,True
BTC-USDT:mexc,2023-06-30T11:00:00+00:00,2023-06,2731,2023-01-01T11:00:00+00:00,2023-06-30T03:00:00+00:00,2023-06-30T19:00:00+00:00,2023-07-07T11:00:00+00:00,0.0001,0.80323077303535995,4.6825165060188628e-05,5.0796522927906326e-05,1.2152730759821633,1.9686386830438454,29.319609756039302,0.0018400000000000001,True,21,0.00040411194183726629,0.4423755634573206,4.1461002199849997,data/BTC-USDT/BTC-USDT_mexc_2021-01-01_2024-01-01_funding_history.csv,True
BTC-USDT:mexc,2023-07-14T03:00:00+00:00,2023-07,2772,2023-01-15T03:00:00+00:00,2023-07-13T19:00:00+00:00,2023-07-14T11:00:00+00:00,2023-07-21T03:00:00+00:00,0.0001,0.86514011565213245,3.8763101948371336e-05,4.4219701727727248e-05,2.6822803100559929,2.2614354256780667,34.690479067033237,0.0010990000000000002,True,2,0.00061088936705209996,0.61999513741628332,9.87918195747657,data/BTC-USDT/BTC-USDT_mexc_2021-01-01_2024-01-01_funding_history.csv,True
BTC-USDT:mexc,2023-07-23T11:00:00+00:00,2023-07,2800,2023-01-24T11:00:00+00:00,2023-07-23T03:00:00+00:00,2023-07-23T19:00:00+00:00,2023-07-30T11:00:00+00:00,0.0001,0.84596240697156677,3.9412673037683319e-05,4.3467392137176079e-05,2.2469031876435692,2.3005750997072965,33.548465285003246,0.0014899999999999998,True,21,0.00053282036493945142,0.58074024875825081,8.0940271318928279,data/BTC-USDT/BTC-USDT_mexc_2021-01-01_2024-01-01_funding_history.csv,True
BTC-USDT:mexc,2023-08-01T19:00:00+00:00,2023-08,2828,2023-02-02T19:00:00+00:00,2023-08-01T11:00:00+00:00,2023-08-02T03:00:00+00:00,2023-08-08T19:00:00+00:00,0.0001,0.83559433518315351,3.9748344065528448e-05,4.3009533898710081e-05,2.0574419369873316,2.3250658850548285,33.051136774714713,0.0019480000000000001,True,21,0.00049655698585596717,0.56145885053488154,7.3181182154831905,data/BTC-USDT/BTC-USDT_mexc_2021-01-01_2024-01-01_funding_history.csv,True
BTC-USDT:mexc,2023-08-10T03:00:00+00:00,2023-08,2853,2023-02-11T03:00:00+00:00,2023-08-09T19:00:00+00:00,2023-08-10T11:00:00+00:00,2023-08-17T03:00:00+00:00,0.0001,0.83304732440663209,3.9929161043052778e-05,4.2836075630086823e-05,2.0047756919816369,2.3344808909096915,32.99510288200262,0.001993,True,21,0.00048820402278609842,0.55551725897472881,7.108199580120071,data/BTC-USDT/BTC-USDT_mexc_2021-01-01_2024-01-01_funding_history.csv,True
BTC-USDT:mexc,2023-08-17T11:00:00+00:00,2023-08,2875,2023-02-18T11:00:00+00:00,2023-08-17T03:00:00+00:00,2023-08-17T19:00:00+00:00,2023-08-24T11:00:00+00:00,0.0001,0.84109517737120487,3.9122136525498937e-05,4.2339871946046482e-05,2.2043635230737286,2.3618399254355227,33.676538684325116,0.00011199999999999997,True,2,0.00051532916601179342,0.57809664985974329,7.8940314204768738,data/BTC-USDT/BTC-USDT_mexc_2021-01-01_2024-01-01_funding_history.csv,True
BTC-USDT:mexc,2023-08-29T19:00:00+00:00,2023-08,2912,2023-03-02T19:00:00+00:00,2023-08-29T11:00:00+00:00,2023-08-30T03:00:00+00:00,2023-09-05T19:00:00+00:00,-0.000108,0.83002806093937698,3.9172278064515976e-05,4.3796493293951177e-05,2.382253345693317,2.4659508530769996,-30.666029564372526,-0.00067999999999999994,False,0,0.00051685300404054476,0.60717819440416654,8.4146632917949287,data/BTC-USDT/BTC-USDT_mexc_2021-01-01_2024-01-01_funding_history.csv,True
BTC-USDT:mexc,2023-10-12T03:00:00+00:00,2023-10,3042,2023-04-15T03:00:00+00:00,2023-10-11T19:00:00+00:00,2023-10-12T11:00:00+00:00,2023-10-19T03:00:00+00:00,0.0001,0.83019211757176337,3.5244958078185848e-05,4.2604990910265687e-05,2.5256028695687438,2.3471428549443716,26.734999298994058,0.00031699999999999995,True,8,0.00047908397825194239,0.62509053316986973,8.9228492742044487,data/BTC-USDT/BTC-USDT_mexc_2021-01-01_2024-01-01_funding_history.csv,True
BTC-USDT:mexc,2023-10-19T19:00:00+00:00,2023-10,3065,2023-04-22T19:00:00+00:00,2023-10-19T11:00:00+00:00,2023-10-20T03:00:00+00:00,2023-10-26T19:00:00+00:00,-0.00011,0.82466931491554674,3.4942205268883812e-05,4.2646219783738387e-05,3.0015119220308288,2.5793610912717888,-25.549727977261416,-0.0012020000000000002,False,1,0.0005083558316665987,0.68461244050716585,10.530282250003868,data/BTC-USDT/BTC-USDT_mexc_2021-01-01_2024-01-01_funding_history.csv,True
BTC-USDT:mexc,2023-10-27T03:00:00+00:00,2023-10,3087,2023-04-30T03:00:00+00:00,2023-10-26T19:00:00+00:00,2023-10-27T11:00:00+00:00,2023-11-03T03:00:00+00:00,0.0001,0.82803173444652589,3.5330801784545734e-05,4.3983989570702022e-05,2.4786400200056522,2.2735545587390407,24.797094444720504,0.0020999999999999999,True,21,0.00047234917770816464,0.62039910928862108,8.733090525381515,data/BTC-USDT/BTC-USDT_mexc_2021-01-01_2024-01-01_funding_history.csv,True
BTC-USDT:mexc,2023-11-03T11:00:00+00:00,2023-11,3109,2023-05-07T11:00:00+00:00,2023-11-03T03:00:00+00:00,2023-11-03T19:00:00+00:00,2023-11-10T11:00:00+00:00,0.0001,0.84482144145228477,3.4688594889280419e-05,4.4456388018472749e-05,2.8773511514708243,2.2493955190072454,25.5248151698462,0.0022079999999999999,True,21,0.00052864293310970708,0.65797124504558291,10.350839133577354,data/BTC-USDT/BTC-USDT_mexc_2021-01-01_2024-01-01_funding_history.csv,True
BTC-USDT:mexc,2023-11-10T19:00:00+00:00,2023-11,3131,2023-05-14T19:00:00+00:00,2023-11-10T11:00:00+00:00,2023-11-11T03:00:00+00:00,2023-11-17T19:00:00+00:00,0.0001,0.85826675833323873,3.4873356558465001e-05,4.571130927659958e-05,3.1410557615822601,2.1876424364679434,26.267261266908111,0.0031639999999999993,True,21,0.00058110417207277707,0.67699188083553263,11.479921439909337,data/BTC-USDT/BTC-USDT_mexc_2021-01-01_2024-01-01_funding_history.csv,True
BTC-USDT:mexc,2023-11-18T03:00:00+00:00,2023-11,3153,2023-05-22T03:00:00+00:00,2023-11-17T19:00:00+00:00,2023-11-18T11:00:00+00:00,2023-11-25T03:00:00+00:00,0.0001,0.87304699985149947,3.6240729872839716e-05,5.0642774578955515e-05,3.2742855614119697,1.9746153490088352,25.57969767217514,0.0020999999999999999,True,21,0.00064795702577949584,0.67716534909148629,12.162065096122204,data/BTC-USDT/BTC-USDT_mexc_2021-01-01_2024-01-01_funding_history.csv,True
BTC-USDT:mexc,2023-11-25T11:00:00+00:00,2023-11,3175,2023-05-29T11:00:00+00:00,2023-11-25T03:00:00+00:00,2023-11-25T19:00:00+00:00,2023-12-02T11:00:00+00:00,0.0001,0.87732350696936001,3.5895884984680002e-05,5.0887098574656442e-05,3.4621048064882758,1.9651346372851273,25.901698778861167,0.0020690000000000001,True,21,0.00066936390011042269,0.69158904724522063,12.915635247888815,data/BTC-USDT/BTC-USDT_mexc_2021-01-01_2024-01-01_funding_history.csv,True
BTC-USDT:mexc,2023-12-03T03:00:00+00:00,2023-12,3198,2023-06-06T03:00:00+00:00,2023-12-02T19:00:00+00:00,2023-12-03T11:00:00+00:00,2023-12-10T03:00:00+00:00,0.0001,0.88840890231893166,3.4820768803682583e-05,5.1139435307853463e-05,4.0696268741190487,1.955438095825885,26.223246152906196,0.0027260000000000001,True,21,0.00072977679036113864,0.7350350677993216,15.337914882733216,data/BTC-USDT/BTC-USDT_mexc_2021-01-01_2024-01-01_funding_history.csv,True
BTC-USDT:mexc,2023-12-10T11:00:00+00:00,2023-12,3220,2023-06-13T11:00:00+00:00,2023-12-10T03:00:00+00:00,2023-12-10T19:00:00+00:00,2023-12-17T11:00:00+00:00,0.000203,0.8967952254033057,3.6180741284837193e-05,5.3526712651004942e-05,16.873290481697797,3.7924989214929634,26.491974422882596,0.0023339999999999993,True,21,0.0015848826487825092,1.4705223226094515,63.999140687159105,data/BTC-USDT/BTC-USDT_mexc_2021-01-01_2024-01-01_funding_history.csv,True
BTC-USDT:mexc,2023-12-18T03:00:00+00:00,2023-12,3243,2023-06-21T03:00:00+00:00,2023-12-17T19:00:00+00:00,2023-12-18T11:00:00+00:00,2023-12-25T03:00:00+00:00,0.000136,0.90398559869427042,3.556343263561164e-05,5.4447168199298452e-05,8.4586352961783078,2.497834221647405,27.338733098915569,0.0036519999999999999,True,21,0.0011267251834428344,1.0233330326853396,32.214990079821781,data/BTC-USDT/BTC-USDT_mexc_2021-01-01_2024-01-01_funding_history.csv,True
ETH-USDT:binance,2020-07-24T11:00:00+00:00,2020-07,616,2020-01-26T11:00:00+00:00,2020-07-24T03:00:00+00:00,2020-07-24T19:00:00+00:00,2020-07-31T11:00:00.001000+00:00,0.0009435,0.80176170088803722,0.00026163927199333165,0.00038184511293911093,3.4363478659777775,2.4708971465884666,13.645338520108178,0.015518160000000001,True,21,0.0037790637621295015,0.74456406324841917,11.700734508681149,data/ETH-USDT/ETH-USDT_binance_2020-01-01_2024-01-01_funding_history.csv,True
ETH-USDT:binance,2020-08-02T03:00:00+00:00,2020-08,642,2020-02-04T03:00:00+00:00,2020-08-01T19:00:00.001000+00:00,2020-08-02T11:00:00.001000+00:00,2020-08-09T03:00:00+00:00,0.00163562,0.81068647930702686,0.00026246989073459018,0.0003882955140666067,10.803103303208076,4.2123072267052564,14.066610387982847,0.010457569999999998,True,21,0.0069187599984399878,1.3124818224599792,37.221365810573907,data/ETH-USDT/ETH-USDT_binance_2020-01-01_2024-01-01_funding_history.csv,True
ETH-USDT:binance,2020-08-10T11:00:00+00:00,2020-08,667,2020-02-12T11:00:00.001000+00:00,2020-08-10T03:00:00.001000+00:00,2020-08-10T19:00:00.001000+00:00,2020-08-17T11:00:00+00:00,0.00108975,0.72669368472629248,0.00021823488753480169,0.00033412989838606537,4.5601094107682663,3.2614561141154295,15.213249660786007,0.01449773,True,21,0.0028939829069052634,0.88402957307444185,13.951231762083379,data/ETH-USDT/ETH-USDT_binance_2020-01-01_2024-01-01_funding_history.csv,True
ETH-USDT:binance,2020-08-17T19:00:00+00:00,2020-08,689,2020-02-19T19:00:00+00:00,2020-08-17T11:00:00+00:00,2020-08-18T03:00:00.001000+00:00,2020-08-24T19:00:00+00:00,0.00103523,0.78891142046110296,0.00020550968136471331,0.00027490380155384148,6.248509024345978,3.7657900478223993,17.330771432211872,0.0066086799999999996,True,21,0.0038423953697168198,1.0114823908367274,20.910358779939436,data/ETH-USDT/ETH-USDT_binance_2020-01-01_2024-01-01_funding_history.csv,True
ETH-USDT:binance,2020-10-22T03:00:00+00:00,2020-10,885,2020-04-25T03:00:00.003000+00:00,2020-10-21T19:00:00+00:00,2020-10-22T11:00:00+00:00,2020-10-29T03:00:00+00:00,0.00083557,0.89955919343188973,0.0001365893336805346,0.00024273827928111808,20.641469071583053,3.4422671301559178,18.875877774408291,0.0055109300000000007,True,21,0.006673007603703149,1.6161022063606643,78.428655245154758,data/ETH-USDT/ETH-USDT_binance_2020-01-01_2024-01-01_funding_history.csv,True
ETH-USDT:binance,2020-11-05T03:00:00.017000+00:00,2020-11,927,2020-05-09T03:00:00+00:00,2020-11-04T19:00:00.005000+00:00,2020-11-05T11:00:00.001000+00:00,2020-11-12T03:00:00.001000+00:00,0.00076234999999999996,0.90697283121678896,0.00013038887526276268,0.00024456920710507347,20.440365860258829,3.1171135934233698,18.786434550445637,0.0098545400000000019,True,21,0.0064762137126075604,1.5783318983533088,77.943794597335312,data/ETH-USDT/ETH-USDT_binance_2020-01-01_2024-01-01_funding_history.csv,True
ETH-USDT:binance,2020-11-18T03:00:00.005000+00:00,2020-11,966,2020-05-22T03:00:00.006000+00:00,2020-11-17T19:00:00.003000+00:00,2020-11-18T11:00:00.006000+00:00,2020-11-25T03:00:00.005000+00:00,0.00089818999999999999,0.902115837258046,0.00014310469347130248,0.00025410111693405696,22.3275201996953,3.5347739153507685,19.723812182573031,0.01328913,True,21,0.0073263213983691218,1.6704417078861589,84.956598285203043,data/ETH-USDT/ETH-USDT_binance_2020-01-01_2024-01-01_funding_history.csv,True
ETH-USDT:binance,2020-11-25T19:00:00.015000+00:00,2020-11,989,2020-05-29T19:00:00+00:00,2020-11-25T11:00:00.005000+00:00,2020-11-26T03:00:00.012000+00:00,2020-12-02T19:00:00.005000+00:00,0.00116534,0.89656429947412286,0.00016197273741447502,0.00027858245227712643,27.679517472432522,4.1831062598327282,19.918855349548632,0.0051938999999999996,True,21,0.0090810445660394739,1.884415814205185,104.97010214118355,data/ETH-USDT/ETH-USDT_binance_2020-01-01_2024-01-01_funding_history.csv,True
ETH-USDT:binance,2020-12-16T19:00:00+00:00,2020-12,1052,2020-06-19T19:00:00+00:00,2020-12-16T11:00:00+00:00,2020-12-17T03:00:00+00:00,2020-12-23T19:00:00+00:00,0.0010246000000000001,0.88345214113589832,0.00017442557183702513,0.00028385886445111676,16.25752867928264,3.6095402621341992,20.299032221532766,0.0094018900000000013,True,21,0.0071910967736312807,1.4829017471091668,61.006215391389802,data/ETH-USDT/ETH-USDT_binance_2020-01-01_2024-01-01_funding_history.csv,True
ETH-USDT:binance,2020-12-28T11:00:00.019000+00:00,2020-12,1087,2020-07-01T11:00:00+00:00,2020-12-28T03:00:00.015000+00:00,2020-12-28T19:00:00+00:00,2021-01-04T11:00:00+00:00,0.00096296000000000001,0.87522971339882816,0.00019074417111845349,0.00029377388402519739,11.165706973605916,3.2778951852554927,21.08801318850437,0.01969572,True,21,0.0063435808821408549,1.2462163719941122,41.567040034313465,data/ETH-USDT/ETH-USDT_binance_2020-01-01_2024-01-01_funding_history.csv,True
ETH-USDT:binance,2021-01-05T03:00:00.020000+00:00,2021-01,1110,2020-07-09T03:00:00.001000+00:00,2021-01-04T19:00:00+00:00,2021-01-05T11:00:00.003000+00:00,2021-01-12T03:00:00+00:00,0.00102541,0.85876694183955171,0.00023988672982392498,0.00036187461783117743,7.0065536224979024,2.8336057558985157,19.404244102458964,0.029036029999999997,True,21,0.0059801896480522537,1.0104756248046374,25.622177139434271,data/ETH-USDT/ETH-USDT_binance_2020-01-01_2024-01-01_funding_history.csv,True
ETH-USDT:binance,2021-01-16T19:00:00+00:00,2021-01,1145,2020-07-20T19:00:00.001000+00:00,2021-01-16T11:00:00.008000+00:00,2021-01-17T03:00:00.009000+00:00,2021-01-23T19:00:00+00:00,0.0015245600000000001,0.86016379826492428,0.00028863198683484477,0.0004434769388867529,10.813908392768219,3.4377435810463068,18.99851893686516,0.014984319999999999,True,21,0.0089813486473931236,1.2531274698646668,39.608131467115264,data/ETH-USDT/ETH-USDT_binance_2020-01-01_2024-01-01_funding_history.csv,True
ETH-USDT:binance,2021-01-29T19:00:00+00:00,2021-01,1184,2020-08-02T19:00:00.001000+00:00,2021-01-29T11:00:00+00:00,2021-01-30T03:00:00+00:00,2021-02-05T19:00:00+00:00,0.00241392,0.85536133608461984,0.00029817207780236067,0.00045464081585289427,24.493163826727102,5.30951009198668,18.650918617564901,0.023322809999999999,True,21,0.013738695413645695,1.8971941951523998,89.21827904549508,data/ETH-USDT/ETH-USDT_binance_2020-01-01_2024-01-01_funding_history.csv,True
ETH-USDT:binance,2021-02-07T03:00:00+00:00,2021-02,1209,2020-08-11T03:00:00.001000+00:00,2021-02-06T19:00:00+00:00,2021-02-07T11:00:00.005000+00:00,2021-02-14T03:00:00.013000+00:00,0.00171115,0.86496278404405758,0.00031779570409271024,0.00049494284081185347,11.668289491893256,3.4572679083370619,18.623781352524659,0.026969690000000001,True,21,0.010439613709428608,1.2934376503980196,42.967411990378224,data/ETH-USDT/ETH-USDT_binance_2020-01-01_2024-01-01_funding_history.csv,True
ETH-USDT:binance,2021-02-14T11:00:00+00:00,2021-02,1231,2020-08-18T11:00:00.008000+00:00,2021-02-14T03:00:00.013000+00:00,2021-02-14T19:00:00.008000+00:00,2021-02-21T11:00:00.012000+00:00,0.00176822,0.85362744333891249,0.0003507399824280865,0.00053777617317994099,9.3762848430579631,3.2880222073512173,18.127541437245537,0.026355920000000001,True,21,0.009940531201069705,1.1762437862407069,34.084945319807119,data/ETH-USDT/ETH-USDT_binance_2020-01-01_2024-01-01_funding_history.csv,True
ETH-USDT:binance,2021-04-10T11:00:00.005000+00:00,2021-04,1396,2020-10-12T11:00:00+00:00,2021-04-10T03:00:00.011000+00:00,2021-04-10T19:00:00+00:00,2021-04-17T11:00:00+00:00,0.0020966299999999999,0.85805583436639588,0.00040145849474876463,0.00055891126192979495,10.402257413319351,3.7512752789428645,23.579841448205581,0.023643319999999999,True,21,0.012165144430834966,1.2323202461489149,38.008958528028174,data/ETH-USDT/ETH-USDT_binance_2020-01-01_2024-01-01_funding_history.csv,True
ETH-USDT:binance,2021-05-19T19:00:00.018000+00:00,2021-05,1514,2020-11-20T19:00:00+00:00,2021-05-19T11:00:00.003000+00:00,2021-05-20T03:00:00.005000+00:00,2021-05-26T19:00:00.004000+00:00,-0.00356332,0.85678200591667641,0.00042235196751057503,0.00056530024597755844,26.886330819757813,6.303411373610933,-25.38633399396879,-0.0021182800000000002,False,0,0.020487213503786524,1.9843027915729821,98.096635085654867,data/ETH-USDT/ETH-USDT_binance_2020-01-01_2024-01-01_funding_history.csv,True
ETH-USDT:binance,2021-08-23T11:00:00.005000+00:00,2021-08,1801,2021-02-24T11:00:00.016000+00:00,2021-08-23T03:00:00.003000+00:00,2021-08-23T19:00:00.002000+00:00,2021-08-30T11:00:00.008000+00:00,0.00113675,0.71988619821192579,0.00031379113315055222,0.00038057261759333517,2.331309869390767,2.9869463735688049,16.274891992963152,0.0035267099999999997,True,21,0.0029184834819873866,0.63296921813218832,7.0584871909289815,data/ETH-USDT/ETH-USDT_binance_2020-01-01_2024-01-01_funding_history.csv,True
ETH-USDT:binance,2021-10-20T19:00:00.020000+00:00,2021-10,1976,2021-04-23T19:00:00.001000+00:00,2021-10-20T11:00:00.004000+00:00,2021-10-21T03:00:00+00:00,2021-10-27T19:00:00.002000+00:00,0.00072515000000000004,0.51373513596648035,0.00023149167791472748,0.0002415139857459103,0.86016319633335014,3.0025176296121785,13.976241348802949,0.0079121799999999996,True,21,0.00076611482254318767,0.36683094200051974,1.7591817005190891,data/ETH-USDT/ETH-USDT_binance_2020-01-01_2024-01-01_funding_history.csv,True
ETH-USDT:binance,2022-04-25T19:00:00+00:00,2022-04,2537,2021-10-27T19:00:00.002000+00:00,2022-04-25T11:00:00.018000+00:00,2022-04-26T03:00:00.014000+00:00,2022-05-02T19:00:00+00:00,-0.00024996000000000003,0.73207460197493657,7.90467816741951e-05,9.5985524292446341e-05,1.8719582460909787,2.6041426750811718,-17.140674886893915,0.00035874999999999991,True,0,0.00068200886329056567,0.56570312231363928,5.7739359708460274,data/ETH-USDT/ETH-USDT_binance_2020-01-01_2024-01-01_funding_history.csv,True
ETH-USDT:binance,2022-05-12T03:00:00.014000+00:00,2022-05,2586,2021-11-13T03:00:00+00:00,2022-05-11T19:00:00.008000+00:00,2022-05-12T11:00:00+00:00,2022-05-19T03:00:00+00:00,-0.00018602000000000001,0.63899780599520706,6.9891079399335697e-05,7.8179550697401984e-05,0.92350694044042236,2.3793945902810325,-15.583775253841788,0.00085662999999999993,True,5,0.0003292406228706065,0.39917205057810845,2.4443101228588167,data/ETH-USDT/ETH-USDT_binance_2020-01-01_2024-01-01_funding_history.csv,True
ETH-USDT:binance,2022-05-26T19:00:00+00:00,2022-05,2630,2021-11-27T19:00:00.007000+00:00,2022-05-26T11:00:00.001000+00:00,2022-05-27T03:00:00.007000+00:00,2022-06-02T19:00:00.021000+00:00,-0.00014343,0.57666201574800369,7.6409017708598266e-05,8.6166220984737563e-05,0.37371055082827709,1.6645734066184177,-11.47090209181223,-0.0012389600000000003,False,0,0.00019537543830124032,0.24982478776695752,0.87776370083835897,data/ETH-USDT/ETH-USDT_binance_2020-01-01_2024-01-01_funding_history.csv,True
ETH-USDT:binance,2022-06-11T03:00:00.018000+00:00,2022-06,2676,2021-12-13T03:00:00.006000+00:00,2022-06-10T19:00:00.006000+00:00,2022-06-11T11:00:00.014000+00:00,2022-06-18T03:00:00.020000+00:00,-0.00013495,0.53579169785723046,7.7612308557723427e-05,8.5893968939555407e-05,0.28287478667988103,1.571123114533989,-10.530449764395758,0.00134874,True,5,0.00015575969243159744,0.21319938498040084,0.60869722212489852,data/ETH-USDT/ETH-USDT_binance_2020-01-01_2024-01-01_funding_history.csv,True
ETH-USDT:binance,2022-06-18T11:00:00.025000+00:00,2022-06,2698,2021-12-20T11:00:00.007000+00:00,2022-06-18T03:00:00.020000+00:00,2022-06-18T19:00:00.014000+00:00,2022-06-25T11:00:00.010000+00:00,-0.00029164000000000002,0.53311106173310507,7.834743335702671e-05,8.8361303325260894e-05,1.286108069772693,3.3005398180520662,-8.7057219727928388,0.00017605,True,3,0.00033300473047520682,0.45391071353576379,2.7508241113639946,data/ETH-USDT/ETH-USDT_binance_2020-01-01_2024-01-01_funding_history.csv,True
ETH-USDT:binance,2022-06-30T19:00:00+00:00,2022-06,2735,2022-01-01T19:00:00+00:00,2022-06-30T11:00:00+00:00,2022-07-01T03:00:00.001000+00:00,2022-07-07T19:00:00.011000+00:00,-0.00021692,0.50172188712176091,8.0395188554785519e-05,9.0423418364438265e-05,0.61627431260923005,2.3989360712480026,-6.7296597612438713,-0.00032046,False,1,0.00021841909801084138,0.30796385502226453,1.2245424707700459,data/ETH-USDT/ETH-USDT_binance_2020-01-01_2024-01-01_funding_history.csv,True
ETH-USDT:binance,2022-07-13T03:00:00.012000+00:00,2022-07,2772,2022-01-14T03:00:00+00:00,2022-07-12T19:00:00+00:00,2022-07-13T11:00:00.022000+00:00,2022-07-20T03:00:00.004000+00:00,-0.00017917000000000001,0.50077135915461468,8.0316559876858655e-05,9.0579847093885286e-05,0.42010992728828461,1.9780338093780589,-6.2605069976733008,-0.00024673000000000007,False,3,0.00017972358332003836,0.25409731531870727,0.83282802902900654,data/ETH-USDT/ETH-USDT_binance_2020-01-01_2024-01-01_funding_history.csv,True
ETH-USDT:binance,2022-08-09T19:00:00+00:00,2022-08,2855,2022-02-10T19:00:00.006000+00:00,2022-08-09T11:00:00+00:00,2022-08-10T03:00:00+00:00,2022-08-16T19:00:00+00:00,-0.00014349,0.56580298431453724,7.5042674019189329e-05,8.7374752154484442e-05,0.37482357695642277,1.6422364179791895,-7.8659548332148335,-0.00047402000000000002,False,2,0.00018698090484371152,0.24908694649751775,0.86080184764092549,data/ETH-USDT/ETH-USDT_binance_2020-01-01_2024-01-01_funding_history.csv,True
ETH-USDT:binance,2022-08-27T03:00:00.010000+00:00,2022-08,2907,2022-02-28T03:00:00+00:00,2022-08-26T19:00:00+00:00,2022-08-27T11:00:00.007000+00:00,2022-09-03T03:00:00+00:00,-0.0002075,0.58346537406997845,7.2917857242387623e-05,8.6981478176705209e-05,0.87753803693531141,2.3855653450549346,-7.2945784702505483,0.0017382400000000001,True,4,0.00029065431944055674,0.38379831807972242,2.0898201166106536,data/ETH-USDT/ETH-USDT_binance_2020-01-01_2024-01-01_funding_history.csv,True
ETH-USDT:binance,2022-09-06T03:00:00.018000+00:00,2022-09,2937,2022-03-10T03:00:00+00:00,2022-09-05T19:00:00.007000+00:00,2022-09-06T11:00:00.020000+00:00,2022-09-13T03:00:00.004000+00:00,-0.00016568,0.57548602855338049,7.5904164134668947e-05,9.1271091055385062e-05,0.50343809235413928,1.8152516649490054,-5.0477369115097535,0.0033980400000000002,True,5,0.00022459956700916225,0.28982911962079871,1.1796196445065315,data/ETH-USDT/ETH-USDT_binance_2020-01-01_2024-01-01_funding_history.csv,True
ETH-USDT:binance,2022-09-13T11:00:00+00:00,2022-09,2959,2022-03-17T11:00:00+00:00,2022-09-13T03:00:00.004000+00:00,2022-09-13T19:00:00+00:00,2022-09-20T11:00:00.001000+00:00,-0.00047984999999999998,0.62969504332881754,7.8150658325549052e-05,9.9628666728865275e-05,4.7590101312985738,4.8163848393744857,-2.6700475664228414,0.01041274,True,9,0.0008159245003173264,0.90483735624593886,12.385410319687034,data/ETH-USDT/ETH-USDT_binance_2020-01-01_2024-01-01_funding_history.csv,True
ETH-USDT:binance,2022-09-22T03:00:00+00:00,2022-09,2985,2022-03-26T03:00:00.020000+00:00,2022-09-21T19:00:00+00:00,2022-09-22T11:00:00+00:00,2022-09-29T03:00:00.010000+00:00,-0.00024233999999999999,0.78331951446984505,0.00013942875370339593,0.00022383200540276215,0.7222290883659801,1.0826869891280053,1.361844767057347,0.00044234999999999999,True,5,0.00087088984297693252,0.34487593810222966,2.3984418978382878,data/ETH-USDT/ETH-USDT_binance_2020-01-01_2024-01-01_funding_history.csv,True
ETH-USDT:binance,2022-11-09T03:00:00+00:00,2022-11,3129,2022-05-13T03:00:00.014000+00:00,2022-11-08T19:00:00.005000+00:00,2022-11-09T11:00:00.013000+00:00,2022-11-16T03:00:00.011000+00:00,-0.00038496,0.7938339746228833,0.00013320771897240005,0.0002186269867562737,2.1119587620002274,1.7608073262664277,1.1933335420226556,0.0021733199999999999,True,7,0.0014706517562711435,0.58645849398933181,7.1150139685800955,data/ETH-USDT/ETH-USDT_binance_2020-01-01_2024-01-01_funding_history.csv,True
ETH-USDT:binance,2022-11-21T03:00:00.006000+00:00,2022-11,3165,2022-05-25T03:00:00.001000+00:00,2022-11-20T19:00:00+00:00,2022-11-21T11:00:00.015000+00:00,2022-11-28T03:00:00.015000+00:00,-0.00020458999999999999,0.79012263461175902,0.00013705778898252588,0.00022274856734150712,0.5522653441721681,0.91847953251404169,1.8881057727708734,0.00026046999999999995,True,1,0.00076474470526908807,0.30051145552737718,1.8511860054560432,data/ETH-USDT/ETH-USDT_binance_2020-01-01_2024-01-01_funding_history.csv,True
ETH-USDT:binance,2023-01-14T11:00:00.001000+00:00,2023-01,3328,2022-07-18T11:00:00.004000+00:00,2023-01-14T03:00:00+00:00,2023-01-14T19:00:00+00:00,2023-01-21T11:00:00.001000+00:00,0.00061642999999999995,0.79852937214744746,0.00013398776351079903,0.00022221853129521753,5.4927220314795244,2.7739810735274464,-0.69008607894357477,0.0028184999999999994,True,21,0.0024215413317701098,0.94319674862900527,18.621968079712047,data/ETH-USDT/ETH-USDT_binance_2020-01-01_2024-01-01_funding_history.csv,True
ETH-USDT:binance,2023-03-15T03:00:00.011000+00:00,2023-03,3507,2022-09-16T03:00:00+00:00,2023-03-14T19:00:00.010000+00:00,2023-03-15T11:00:00+00:00,2023-03-22T03:00:00+00:00,0.00031728000000000003,0.72019175251934242,6.5638274767401469e-05,8.5652477069145323e-05,4.1560771370885492,3.7042711531140773,11.798463762886692,0.0019431800000000001,True,21,0.00081581061567381524,0.8450825849945437,12.589241084420852,data/ETH-USDT/ETH-USDT_binance_2020-01-01_2024-01-01_funding_history.csv,True
ETH-USDT:binance,2023-03-23T19:00:00.013000+00:00,2023-03,3533,2022-09-24T19:00:00+00:00,2023-03-23T11:00:00.001000+00:00,2023-03-24T03:00:00.013000+00:00,2023-03-30T19:00:00.006000+00:00,0.0001,0.73065183372309761,6.4700089510206512e-05,8.3241243048024196e-05,0.44444003044502156,1.2013275671809371,13.794115187017679,0.00087169000000000005,True,5,0.0002708940188161498,0.2757368845547773,1.3679072418925973,data/ETH-USDT/ETH-USDT_binance_2020-01-01_2024-01-01_funding_history.csv,True
ETH-USDT:binance,2023-03-31T19:00:00.011000+00:00,2023-03,3557,2022-10-02T19:00:00.006000+00:00,2023-03-31T11:00:00.006000+00:00,2023-04-01T03:00:00+00:00,2023-04-07T19:00:00+00:00,0.0001,0.73742555412252764,6.422468409892997e-05,8.2811454076705819e-05,0.46470922479699645,1.2075624213453968,14.164604939723491,0.0010419399999999999,True,6,0.00028037604696617215,0.28147541191230641,1.4449158231331158,data/ETH-USDT/ETH-USDT_binance_2020-01-01_2024-01-01_funding_history.csv,True
ETH-USDT:binance,2023-04-13T03:00:00.027000+00:00,2023-04,3594,2022-10-15T03:00:00.001000+00:00,2023-04-12T19:00:00.014000+00:00,2023-04-13T11:00:00.010000+00:00,2023-04-20T03:00:00.010000+00:00,0.0001,0.75294546927931849,6.2439772624960744e-05,8.1854405001904632e-05,0.52774424078113524,1.2216813499245782,14.659182524543674,0.0019540400000000002,True,19,0.00030398188355670224,0.29855719701834316,1.6788438410880482,data/ETH-USDT/ETH-USDT_binance_2020-01-01_2024-01-01_funding_history.csv,True
ETH-USDT:binance,2023-05-03T19:00:00.011000+00:00,2023-05,3656,2022-11-04T19:00:00.020000+00:00,2023-05-03T11:00:00.003000+00:00,2023-05-04T03:00:00+00:00,2023-05-10T19:00:00+00:00,0.0001,0.76544359003512719,6.1713194616753902e-05,8.1128673471101329e-05,0.57351722503388725,1.232609824880482,15.75234709351971,0.00126913,True,21,0.00032514586419001397,0.30980301677276845,1.857519554364206,data/ETH-USDT/ETH-USDT_binance_2020-01-01_2024-01-01_funding_history.csv,True
ETH-USDT:binance,2023-05-19T19:00:00+00:00,2023-05,3704,2022-11-20T19:00:00+00:00,2023-05-19T11:00:00.002000+00:00,2023-05-20T03:00:00.005000+00:00,2023-05-26T19:00:00.012000+00:00,0.0001,0.79956290473920832,4.9955994614992382e-05,5.8261069973547976e-05,1.0458735064294806,1.7164120062573958,25.071060958474551,0.00095792000000000013,True,2,0.00039527233815490762,0.41131843327849166,3.5507395441783447,data/ETH-USDT/ETH-USDT_binance_2020-01-01_2024-01-01_funding_history.csv,True
ETH-USDT:binance,2023-05-29T03:00:00+00:00,2023-05,3732,2022-11-30T03:00:00.007000+00:00,2023-05-28T19:00:00+00:00,2023-05-29T11:00:00.020000+00:00,2023-06-05T03:00:00.005000+00:00,0.0001,0.81842666147035492,4.7379121999717296e-05,5.3968648436848828e-05,1.2980491831623249,1.8529276329203344,28.352354649201761,0.0014132900000000002,True,21,0.0004440350430646384,0.45242035792193086,4.5176387346332154,data/ETH-USDT/ETH-USDT_binance_2020-01-01_2024-01-01_funding_history.csv,True
ETH-USDT:binance,2023-06-07T03:00:00+00:00,2023-06,3759,2022-12-09T03:00:00.017000+00:00,2023-06-06T19:00:00.013000+00:00,2023-06-07T11:00:00.016000+00:00,2023-06-14T03:00:00+00:00,0.0001,0.82314237403345625,4.7269066861345945e-05,5.3138575731153979e-05,1.3425978590922185,1.8818720416206451,29.506751594351314,0.0011746999999999999,True,21,0.00045761343068396397,0.45843883534060664,4.7010956197019587,data/ETH-USDT/ETH-USDT_binance_2020-01-01_2024-01-01_funding_history.csv,True
ETH-USDT:binance,2023-06-17T11:00:00+00:00,2023-06,3790,2022-12-19T11:00:00+00:00,2023-06-17T03:00:00+00:00,2023-06-17T19:00:00+00:00,2023-06-24T11:00:00+00:00,0.0001,0.82646824449176459,4.6759469024058447e-05,5.3425250747097379e-05,1.4010486380605482,1.8717740881250438,28.966565583231421,0.0010417400000000002,True,0,0.00046756184948476087,0.46704629950957427,4.9265979631729842,data/ETH-USDT/ETH-USDT_binance_2020-01-01_2024-01-01_funding_history.csv,True
ETH-USDT:binance,2023-06-25T03:00:00+00:00,2023-06,3813,2022-12-27T03:00:00.005000+00:00,2023-06-24T19:00:00+00:00,2023-06-25T11:00:00+00:00,2023-07-02T03:00:00+00:00,0.0001,0.82573475828579246,4.6722207452654709e-05,5.3543915322713944e-05,1.3967772953890525,1.8676258431474633,28.928047740229665,0.0014881400000000002,True,21,0.00046534058373578493,0.46661653088698857,4.9070025684498848,data/ETH-USDT/ETH-USDT_binance_2020-01-01_2024-01-01_funding_history.csv,True
ETH-USDT:binance,2023-07-02T11:00:00+00:00,2023-07,3835,2023-01-03T11:00:00.018000+00:00,2023-07-02T03:00:00+00:00,2023-07-02T19:00:00.001000+00:00,2023-07-09T11:00:00+00:00,0.0001,0.82682669182613322,4.6657235676269479e-05,5.3479331601413823e-05,1.410403980004306,1.8698812607702135,28.818737451289682,0.0014699600000000004,True,18,0.00046865305362460571,0.46846334511560911,4.9617514896397772,data/ETH-USDT/ETH-USDT_binance_2020-01-01_2024-01-01_funding_history.csv,True
ETH-USDT:binance,2023-07-12T11:00:00+00:00,2023-07,3865,2023-01-13T11:00:00+00:00,2023-07-12T03:00:00+00:00,2023-07-12T19:00:00+00:00,2023-07-19T11:00:00+00:00,0.0001,0.8243977324379036,4.648443255763901e-05,5.3617824173757878e-05,1.3992613595852161,1.865051436550887,28.388631957417989,0.0011668300000000002,True,1,0.00046133144892041922,0.46754111277960364,4.9073651575689485,data/ETH-USDT/ETH-USDT_binance_2020-01-01_2024-01-01_funding_history.csv,True
ETH-USDT:binance,2023-07-20T19:00:00+00:00,2023-07,3890,2023-01-21T19:00:00.016000+00:00,2023-07-20T11:00:00+00:00,2023-07-21T03:00:00.001000+00:00,2023-07-27T19:00:00.001000+00:00,0.0001,0.83817565026926522,3.9721470519641249e-05,4.3447554986986481e-05,2.0962247721831329,2.3016254891662431,32.768966770647509,0.00117819,True,4,0.00050523866227091712,0.56534782680093054,7.4799166517108171,data/ETH-USDT/ETH-USDT_binance_2020-01-01_2024-01-01_funding_history.csv,True
ETH-USDT:binance,2023-07-29T03:00:00+00:00,2023-07,3915,2023-01-30T03:00:00.001000+00:00,2023-07-28T19:00:00+00:00,2023-07-29T11:00:00+00:00,2023-08-05T03:00:00+00:00,0.0001,0.82364254434714779,4.0285599604978724e-05,4.3228174593898123e-05,1.8542058528915175,2.313306100464291,31.911716047515917,0.0014428900000000003,True,21,0.00045908947441289572,0.53853466089523128,6.4966396207463495,data/ETH-USDT/ETH-USDT_binance_2020-01-01_2024-01-01_funding_history.csv,True
ETH-USDT:binance,2023-08-05T19:00:00.001000+00:00,2023-08,3938,2023-02-06T19:00:00.012000+00:00,2023-08-05T11:00:00+00:00,2023-08-06T03:00:00+00:00,2023-08-12T19:00:00+00:00,0.0001,0.81129820231432992,4.0837830280647216e-05,4.3115151108385885e-05,1.6740986150409667,2.319370277715437,31.331725102080799,0.0014484999999999999,True,21,0.00042461318233058949,0.5164472800906158,5.7726221271929541,data/ETH-USDT/ETH-USDT_binance_2020-01-01_2024-01-01_funding_history.csv,True
ETH-USDT:binance,2023-08-14T03:00:00.001000+00:00,2023-08,3963,2023-02-15T03:00:00.011000+00:00,2023-08-13T19:00:00+00:00,2023-08-14T11:00:00+00:00,2023-08-21T03:00:00+00:00,0.0001,0.8130728415839048,4.0704562745310666e-05,4.2808259971424624e-05,1.7028713341958521,2.33599777395185,31.500097376437537,0.00044702000000000018,True,11,0.00042932908671743553,0.52021922534723897,5.8854826093194408,data/ETH-USDT/ETH-USDT_binance_2020-01-01_2024-01-01_funding_history.csv,True
ETH-USDT:binance,2023-08-29T19:00:00+00:00,2023-08,4010,2023-03-02T19:00:00+00:00,2023-08-29T11:00:00+00:00,2023-08-30T03:00:00+00:00,2023-09-05T19:00:00+00:00,-0.0001273,0.7732434946149136,4.2905481663845815e-05,4.7294753742117317e-05,1.9986039941541929,2.6916304648529281,-25.500432725150024,-0.00031145000000000006,False,0,0.00043213527218391613,0.57643269852204782,6.5448065559826434,data/ETH-USDT/ETH-USDT_binance_2020-01-01_2024-01-01_funding_history.csv,True
ETH-USDT:binance,2023-09-16T03:00:00+00:00,2023-09,4062,2023-03-20T03:00:00.005000+00:00,2023-09-15T19:00:00+00:00,2023-09-16T11:00:00+00:00,2023-09-23T03:00:00+00:00,0.0001,0.75459441998958121,4.15396374796931e-05,4.6118830325299498e-05,1.2016605297457268,2.1683117133424523,23.697029902691437,0.00042414000000000004,True,3,0.00030665728821784109,0.45025816925864531,3.8318405283733186,data/ETH-USDT/ETH-USDT_binance_2020-01-01_2024-01-01_funding_history.csv,True
ETH-USDT:binance,2023-09-27T03:00:00+00:00,2023-09,4095,2023-03-31T03:00:00.003000+00:00,2023-09-26T19:00:00+00:00,2023-09-27T11:00:00.001000+00:00,2023-10-04T03:00:00+00:00,0.0001,0.74562224064283278,4.1465395495373867e-05,4.5762505205040725e-05,1.156825396883072,2.1851950532853484,23.174301007217423,0.00056015000000000004,True,5,0.00029249962511415927,0.44306766653644425,3.6408665639950293,data/ETH-USDT/ETH-USDT_binance_2020-01-01_2024-01-01_funding_history.csv,True
ETH-USDT:binance,2023-10-06T03:00:00+00:00,2023-10,4122,2023-04-09T03:00:00.013000+00:00,2023-10-05T19:00:00.001000+00:00,2023-10-06T11:00:00+00:00,2023-10-13T03:00:00+00:00,0.0001,0.73762024635325252,4.1505092340519437e-05,4.5656627574625017e-05,1.1136764461484561,2.1902625163576008,22.670370165311507,0.0012931700000000002,True,21,0.00028065556557149311,0.43571929743063592,3.4637495614001179,data/ETH-USDT/ETH-USDT_binance_2020-01-01_2024-01-01_funding_history.csv,True
ETH-USDT:binance,2023-10-24T03:00:00+00:00,2023-10,4176,2023-04-27T03:00:00.014000+00:00,2023-10-23T19:00:00.001000+00:00,2023-10-24T11:00:00+00:00,2023-10-31T03:00:00.001000+00:00,0.0001,0.73390467572263285,4.0559621681358379e-05,4.4006471792098314e-05,1.1471666045248763,2.2723930351070711,23.131892977484959,0.0020999999999999999,True,21,0.00027538923106887098,0.44264743315543337,3.5481181550433432,data/ETH-USDT/ETH-USDT_binance_2020-01-01_2024-01-01_funding_history.csv,True
ETH-USDT:binance,2023-10-31T11:00:00+00:00,2023-10,4198,2023-05-04T11:00:00+00:00,2023-10-31T03:00:00.001000+00:00,2023-10-31T19:00:00+00:00,2023-11-07T11:00:00+00:00,0.0001,0.75939504744698438,4.0049989034186684e-05,4.4682870622536816e-05,1.3224995676841726,2.2379940815521988,23.740935532274126,0.0023734199999999993,True,21,0.00031464408391140109,0.47154380934753537,4.2464757711446923,data/ETH-USDT/ETH-USDT_binance_2020-01-01_2024-01-01_funding_history.csv,True
ETH-USDT:binance,2023-11-07T19:00:00+00:00,2023-11,4220,2023-05-11T19:00:00.005000+00:00,2023-11-07T11:00:00+00:00,2023-11-08T03:00:00+00:00,2023-11-14T19:00:00.001000+00:00,0.0001,0.7806684582697061,4.0657754846270567e-05,4.6754690091745229e-05,1.4264461032289206,2.1388228604183497,23.872828315262833,0.0042885300000000005,True,21,0.0003539666703239631,0.48531043849834504,4.7197511599219597,data/ETH-USDT/ETH-USDT_binance_2020-01-01_2024-01-01_funding_history.csv,True
ETH-USDT:binance,2023-11-15T03:00:00+00:00,2023-11,4242,2023-05-19T03:00:00+00:00,2023-11-14T19:00:00.001000+00:00,2023-11-15T11:00:00+00:00,2023-11-22T03:00:00+00:00,0.0001,0.75964695625849643,5.2324900412140385e-05,6.1794795319414532e-05,0.77572391447027178,1.6182592641193239,20.742282951119211,0.0020999999999999999,True,21,0.00031507151590422352,0.36110818411571155,2.4917095484169831,data/ETH-USDT/ETH-USDT_binance_2020-01-01_2024-01-01_funding_history.csv,True
ETH-USDT:binance,2023-11-22T11:00:00+00:00,2023-11,4264,2023-05-26T11:00:00.024000+00:00,2023-11-22T03:00:00+00:00,2023-11-22T19:00:00+00:00,2023-11-29T11:00:00+00:00,0.0001,0.77418395069850598,5.1943176879342574e-05,6.1993522554982847e-05,0.84546593258674996,1.6130717513480337,21.487939342018446,0.0020999999999999999,True,21,0.00034125044364591073,0.37475857379198546,2.7722893000515034,data/ETH-USDT/ETH-USDT_binance_2020-01-01_2024-01-01_funding_history.csv,True
ETH-USDT:binance,2023-11-29T19:00:00+00:00,2023-11,4286,2023-06-02T19:00:00.012000+00:00,2023-11-29T11:00:00+00:00,2023-11-30T03:00:00+00:00,2023-12-06T19:00:00+00:00,0.0001,0.7845860780961138,5.1609092516385923e-05,6.2040362139902805e-05,0.9035655294603081,1.6118539052769731,22.112118456970059,0.0020999999999999999,True,21,0.00036198990589924397,0.38550335460458085,3.0058767337166779,data/ETH-USDT/ETH-USDT_binance_2020-01-01_2024-01-01_funding_history.csv,True
ETH-USDT:binance,2023-12-07T03:00:00+00:00,2023-12,4308,2023-06-10T03:00:00+00:00,2023-12-06T19:00:00+00:00,2023-12-07T11:00:00+00:00,2023-12-14T03:00:00+00:00,0.0001,0.79872975751566722,5.1006166375481005e-05,6.2049482630777277e-05,0.99859551850111572,1.6116169830946958,22.848517494329499,0.0033082299999999997,True,21,0.00039330431974709965,0.40211587235998897,3.3864472613739509,data/ETH-USDT/ETH-USDT_binance_2020-01-01_2024-01-01_funding_history.csv,True
ETH-USDT:binance,2023-12-18T03:00:00+00:00,2023-12,4341,2023-06-21T03:00:00+00:00,2023-12-17T19:00:00+00:00,2023-12-18T11:00:00.001000+00:00,2023-12-25T03:00:00+00:00,0.00015082999999999999,0.82512514233019552,5.169266044278765e-05,6.4760619835164921e-05,2.5859475870877198,2.3290388570076583,24.343903393209182,0.0044441700000000008,True,21,0.00069910650759923468,0.63521887104607999,9.0776178663764213,data/ETH-USDT/ETH-USDT_binance_2020-01-01_2024-01-01_funding_history.csv,True
ETH-USDT:bybit,2021-09-03T03:00:00+00:00,2021-09,735,2021-03-07T03:00:00+00:00,2021-09-02T19:00:00+00:00,2021-09-03T11:00:00+00:00,2021-09-10T03:00:00+00:00,0.0010097299999999999,0.79207995548464638,0.00025807902249427259,0.00035302571307870901,3.8342204529718691,2.8602165864753175,15.966126977402288,0.012910759999999997,True,21,0.0038178188818634162,0.79096957195639084,12.886503340752094,data/ETH-USDT/ETH-USDT_bybit_2021-01-01_2024-01-01_funding_history.csv,True
ETH-USDT:bybit,2021-10-17T03:00:00+00:00,2021-10,867,2021-04-20T03:00:00+00:00,2021-10-16T19:00:00+00:00,2021-10-17T11:00:00+00:00,2021-10-24T03:00:00+00:00,0.00088853999999999995,0.65698260404327158,0.00022485091549002766,0.00026514822784534414,2.1702781086020795,3.3511066893430952,13.332720874508565,0.01482993,True,21,0.0017015733249397815,0.61304130294841586,5.9293663919399364,data/ETH-USDT/ETH-USDT_bybit_2021-01-01_2024-01-01_funding_history.csv,True
ETH-USDT:bybit,2021-11-03T03:00:00+00:00,2021-11,918,2021-05-07T03:00:00+00:00,2021-11-02T19:00:00+00:00,2021-11-03T11:00:00+00:00,2021-11-10T03:00:00+00:00,0.00077680999999999996,0.70323033254053879,0.00023360251468628509,0.00029178175357998993,1.8337734045881309,2.6622980719973053,13.718430384827576,0.0052121800000000012,True,21,0.0018396093657894535,0.56282470716943023,5.409370462525243,data/ETH-USDT/ETH-USDT_bybit_2021-01-01_2024-01-01_funding_history.csv,True
ETH-USDT:bybit,2022-04-27T19:00:00+00:00,2022-04,1445,2021-10-29T19:00:00+00:00,2022-04-27T11:00:00+00:00,2022-04-28T03:00:00+00:00,2022-05-04T19:00:00+00:00,-0.00024776000000000003,0.69721206961547821,8.6790261553324518e-05,9.6155482257943801e-05,1.3192183714421846,2.5766601568838947,-19.586359436977258,-0.0005209800000000001,False,0,0.00057020943506854522,0.47768301938707119,3.854299000837182,data/ETH-USDT/ETH-USDT_bybit_2021-01-01_2024-01-01_funding_history.csv,True
ETH-USDT:bybit,2022-05-12T19:00:00+00:00,2022-05,1490,2021-11-13T19:00:00+00:00,2022-05-12T11:00:00+00:00,2022-05-13T03:00:00+00:00,2022-05-19T19:00:00+00:00,-0.00046213999999999999,0.63843636505365498,7.6288250689387108e-05,7.8959509516517737e-05,4.7746838661068915,5.8528732362923783,-19.946037183640964,-0.0012189600000000001,False,1,0.00081596463310710176,0.90756697255714014,12.624748016471857,data/ETH-USDT/ETH-USDT_bybit_2021-01-01_2024-01-01_funding_history.csv,True
ETH-USDT:bybit,2022-06-12T19:00:00+00:00,2022-06,1583,2021-12-14T19:00:00+00:00,2022-06-12T11:00:00+00:00,2022-06-13T03:00:00+00:00,2022-06-19T19:00:00+00:00,-0.00018474999999999999,0.55109666408901248,7.7646012072374846e-05,7.8664092912512297e-05,0.55475130693801455,2.3485937885977162,-17.40252903399783,2.5200000000000016e-05,True,0,0.00022680770206302042,0.30097695720978868,1.2347085512542544,data/ETH-USDT/ETH-USDT_bybit_2021-01-01_2024-01-01_funding_history.csv,True
ETH-USDT:bybit,2022-06-26T11:00:00+00:00,2022-06,1624,2021-12-28T11:00:00+00:00,2022-06-26T03:00:00+00:00,2022-06-26T19:00:00+00:00,2022-07-03T11:00:00+00:00,-0.00020625,0.4858770575128587,8.1605624066262441e-05,8.3436171950351234e-05,0.51669249141843243,2.4719494576372614,-14.36985244049351,0.00031964999999999994,True,0,0.00019491858590658947,0.27866838410276629,0.98700797550164143,data/ETH-USDT/ETH-USDT_bybit_2021-01-01_2024-01-01_funding_history.csv,True
ETH-USDT:bybit,2022-07-04T03:00:00+00:00,2022-07,1647,2022-01-05T03:00:00+00:00,2022-07-03T19:00:00+00:00,2022-07-04T11:00:00+00:00,2022-07-11T03:00:00+00:00,-0.00027052000000000001,0.45797518708329099,8.3817364167258713e-05,8.6737440530073066e-05,0.77877863008331349,3.1188377054566994,-12.470524995768114,-0.0010936000000000003,False,0,0.0002285715253422051,0.3340799517120388,1.3823415419940497,data/ETH-USDT/ETH-USDT_bybit_2021-01-01_2024-01-01_funding_history.csv,True
ETH-USDT:bybit,2022-08-23T19:00:00+00:00,2022-08,1799,2022-02-24T19:00:00+00:00,2022-08-23T11:00:00+00:00,2022-08-24T03:00:00+00:00,2022-08-30T19:00:00+00:00,-0.00022282000000000001,0.49956221760265213,8.031771804111086e-05,8.4710694889717999e-05,0.64745972855973266,2.6303644456001911,-12.588918886126914,0.0023654500000000003,True,2,0.00022243005050998603,0.31517244664017624,1.2797354818964668,data/ETH-USDT/ETH-USDT_bybit_2021-01-01_2024-01-01_funding_history.csv,True
ETH-USDT:bybit,2022-09-06T11:00:00+00:00,2022-09,1840,2022-03-10T11:00:00+00:00,2022-09-06T03:00:00+00:00,2022-09-06T19:00:00+00:00,2022-09-13T11:00:00+00:00,-0.00016443999999999999,0.54162705351339291,7.9892668807451939e-05,8.9616202810447937e-05,0.40338140895146601,1.8349360365983804,-9.7331497242778884,0.0033348099999999997,True,21,0.00019430667895017949,0.25540576510691748,0.87937371369345285,data/ETH-USDT/ETH-USDT_bybit_2021-01-01_2024-01-01_funding_history.csv,True
ETH-USDT:bybit,2022-09-13T19:00:00+00:00,2022-09,1862,2022-03-17T19:00:00+00:00,2022-09-13T11:00:00+00:00,2022-09-14T03:00:00+00:00,2022-09-20T19:00:00+00:00,-0.00038075000000000001,0.58800581763462501,8.3575232487584236e-05,9.946307481739385e-05,2.2820025422401762,3.8280537847741605,-6.4165995858693776,0.0095728299999999992,True,5,0.00054340573416576524,0.61989506500410796,5.4842180613848459,data/ETH-USDT/ETH-USDT_bybit_2021-01-01_2024-01-01_funding_history.csv,True
ETH-USDT:bybit,2022-09-22T11:00:00+00:00,2022-09,1888,2022-03-26T11:00:00+00:00,2022-09-22T03:00:00+00:00,2022-09-22T19:00:00+00:00,2022-09-29T11:00:00+00:00,-0.00020464999999999999,0.69668427413798761,0.00017223189787422697,0.000239857605299724,0.22807710145512311,0.85321455512853595,-0.64210920841455199,-4.197000000000002e-05,False,0,0.00046982186004436194,0.19862956380767627,0.66579766825879805,data/ETH-USDT/ETH-USDT_bybit_2021-01-01_2024-01-01_funding_history.csv,True
ETH-USDT:bybit,2022-11-09T03:00:00+00:00,2022-11,2031,2022-05-13T03:00:00+00:00,2022-11-08T19:00:00+00:00,2022-11-09T11:00:00+00:00,2022-11-16T03:00:00+00:00,-0.00021881,0.71010282697646243,0.00016579452487217107,0.00023555811699648192,0.29705060128343846,0.92890027645817852,0.20180033362047547,0.0010841,True,4,0.00053557039591509484,0.22631601784409985,0.88580881604142814,data/ETH-USDT/ETH-USDT_bybit_2021-01-01_2024-01-01_funding_history.csv,True
ETH-USDT:bybit,2022-11-23T11:00:00+00:00,2022-11,2074,2022-05-27T11:00:00+00:00,2022-11-23T03:00:00+00:00,2022-11-23T19:00:00+00:00,2022-11-30T11:00:00+00:00,-0.00025719000000000002,0.70057121326845384,0.00017038384217359147,0.0002385306070879122,0.37383000831572055,1.0782264093480078,0.73933730139137344,0.0028240800000000001,True,16,0.00060140354182691062,0.25419649795354154,1.0980886647783008,data/ETH-USDT/ETH-USDT_bybit_2021-01-01_2024-01-01_funding_history.csv,True
ETH-USDT:bybit,2023-01-09T03:00:00+00:00,2023-01,2214,2022-07-13T03:00:00+00:00,2023-01-08T19:00:00+00:00,2023-01-09T11:00:00+00:00,2023-01-16T03:00:00+00:00,-0.00037607,0.71334640340119737,0.00016889864468530957,0.00024052701676446523,0.85692289088418649,1.5635249838410648,1.2616814312057829,0.00092134999999999982,True,2,0.00093508472800841915,0.38419564154636404,2.568343664074054,data/ETH-USDT/ETH-USDT_bybit_2021-01-01_2024-01-01_funding_history.csv,True
ETH-USDT:bybit,2023-05-29T11:00:00+00:00,2023-05,2635,2022-11-30T11:00:00+00:00,2023-05-29T03:00:00+00:00,2023-05-29T19:00:00+00:00,2023-06-05T11:00:00+00:00,0.0001,0.80954844005211302,5.3022301863295836e-05,6.6927055741173116e-05,0.98294287850544426,1.49416404012646,22.305667011372961,0.0017912200000000003,True,21,0.00042003801287971207,0.39620613058477605,3.3816056942357959,data/ETH-USDT/ETH-USDT_bybit_2021-01-01_2024-01-01_funding_history.csv,True
ETH-USDT:bybit,2023-06-05T19:00:00+00:00,2023-06,2657,2022-12-07T19:00:00+00:00,2023-06-05T11:00:00+00:00,2023-06-06T03:00:00+00:00,2023-06-12T19:00:00+00:00,0.0001,0.83443085798456951,5.0052922409958326e-05,6.4048214379663402e-05,1.2875102390325472,1.5613237772285502,24.385384753679904,0.0015514299999999999,True,21,0.00049271546338041988,0.44462619843359863,4.5729260508340612,data/ETH-USDT/ETH-USDT_bybit_2021-01-01_2024-01-01_funding_history.csv,True
ETH-USDT:bybit,2023-06-13T03:00:00+00:00,2023-06,2679,2022-12-15T03:00:00+00:00,2023-06-12T19:00:00+00:00,2023-06-13T11:00:00+00:00,2023-06-20T03:00:00+00:00,0.0001,0.85069627176781848,4.7381502412222888e-05,5.9116751920983235e-05,1.608322306292896,1.6915679016611438,27.927325253578328,0.0014729000000000003,True,5,0.00055067846991354414,0.48879973616577016,5.8264959588029832,data/ETH-USDT/ETH-USDT_bybit_2021-01-01_2024-01-01_funding_history.csv,True
ETH-USDT:bybit,2023-06-21T03:00:00+00:00,2023-06,2703,2022-12-23T03:00:00+00:00,2023-06-20T19:00:00+00:00,2023-06-21T11:00:00+00:00,2023-06-28T03:00:00+00:00,0.0001,0.86291519249346216,4.5404312876860231e-05,5.7888020506178602e-05,1.9208563936344185,1.7274731304610189,28.735759666244689,0.00091250000000000012,True,0,0.00060101056773065905,0.52624829772041559,7.0573333784217542,data/ETH-USDT/ETH-USDT_bybit_2021-01-01_2024-01-01_funding_history.csv,True
ETH-USDT:bybit,2023-06-28T11:00:00+00:00,2023-06,2725,2022-12-30T11:00:00+00:00,2023-06-28T03:00:00+00:00,2023-06-28T19:00:00+00:00,2023-07-05T11:00:00+00:00,0.0001,0.85290535302276971,4.6516433126766379e-05,5.8499611994932803e-05,1.6958983583663922,1.7094130471952864,27.80574055776,0.00203674,True,21,0.00055931230144122632,0.50066528105221975,6.159768662067111,data/ETH-USDT/ETH-USDT_bybit_2021-01-01_2024-01-01_funding_history.csv,True
ETH-USDT:bybit,2023-07-05T19:00:00+00:00,2023-07,2747,2023-01-06T19:00:00+00:00,2023-07-05T11:00:00+00:00,2023-07-06T03:00:00+00:00,2023-07-12T19:00:00+00:00,0.0001,0.85435304832054892,4.6329390682861248e-05,5.8435000390561178e-05,1.7280387625449036,1.7113031459165129,27.872673429995221,0.00156077,True,21,0.00056507779870432998,0.50453080716443244,6.2871405464638865,data/ETH-USDT/ETH-USDT_bybit_2021-01-01_2024-01-01_funding_history.csv,True
ETH-USDT:bybit,2023-07-14T03:00:00+00:00,2023-07,2772,2023-01-15T03:00:00+00:00,2023-07-13T19:00:00+00:00,2023-07-14T11:00:00+00:00,2023-07-21T03:00:00+00:00,0.0001,0.88973211359086735,3.8550487318055357e-05,3.8323587270690552e-05,3.3625512232557755,2.6093590689637471,47.074295407174297,0.00162842,True,21,0.00073749907408449968,0.66638727424376154,12.686923517690259,data/ETH-USDT/ETH-USDT_bybit_2021-01-01_2024-01-01_funding_history.csv,True
ETH-USDT:bybit,2023-07-29T03:00:00+00:00,2023-07,2817,2023-01-30T03:00:00+00:00,2023-07-28T19:00:00+00:00,2023-07-29T11:00:00+00:00,2023-08-05T03:00:00+00:00,0.0001,0.87364095778514583,3.9846348179053972e-05,3.9681668102083505e-05,2.7221644943131107,2.5200553500609884,43.539744599452419,0.0012746500000000002,True,4,0.00065087101950792069,0.61687055140507707,10.117463753220898,data/ETH-USDT/ETH-USDT_bybit_2021-01-01_2024-01-01_funding_history.csv,True
ETH-USDT:bybit,2023-08-05T11:00:00+00:00,2023-08,2839,2023-02-06T11:00:00+00:00,2023-08-05T03:00:00+00:00,2023-08-05T19:00:00+00:00,2023-08-12T11:00:00+00:00,0.0001,0.86779141486529365,4.0420282483571896e-05,4.1043630687656485e-05,2.5200794159463142,2.4364316295749666,41.229595363544071,0.0018328200000000002,True,21,0.000622970412955205,0.59872932900967635,9.308663337807392,data/ETH-USDT/ETH-USDT_bybit_2021-01-01_2024-01-01_funding_history.csv,True
ETH-USDT:bybit,2023-08-12T19:00:00+00:00,2023-08,2861,2023-02-13T19:00:00+00:00,2023-08-12T11:00:00+00:00,2023-08-13T03:00:00+00:00,2023-08-19T19:00:00+00:00,0.0001,0.86399879823205561,4.0789037573406191e-05,4.1170577496248834e-05,2.4005713747945041,2.428919050482381,40.88454441934779,0.0014066,True,15,0.00060579276298920075,0.58744761811716351,8.8304706318006598,data/ETH-USDT/ETH-USDT_bybit_2021-01-01_2024-01-01_funding_history.csv,True
ETH-USDT:bybit,2023-08-21T11:00:00+00:00,2023-08,2887,2023-02-22T11:00:00+00:00,2023-08-21T03:00:00+00:00,2023-08-21T19:00:00+00:00,2023-08-28T11:00:00+00:00,0.0001,0.85681219479070547,4.1297584978450291e-05,4.234515114165874e-05,2.21523920066105,2.3615454734230714,38.976013260953003,-0.00015033000000000003,False,2,0.00057507157699165804,0.56955602921926174,8.0827345015523395,data/ETH-USDT/ETH-USDT_bybit_2021-01-01_2024-01-01_funding_history.csv,True
ETH-USDT:bybit,2023-09-07T03:00:00+00:00,2023-09,2937,2023-03-11T03:00:00+00:00,2023-09-06T19:00:00+00:00,2023-09-07T11:00:00+00:00,2023-09-14T03:00:00+00:00,0.0001,0.82457263499097333,4.3269556094676162e-05,4.7529407940304121e-05,1.6166886628794284,2.1039605653324731,30.886062045491901,0.00019431,True,4,0.00046185299784852279,0.50248375679333146,5.6711717502002346,data/ETH-USDT/ETH-USDT_bybit_2021-01-01_2024-01-01_funding_history.csv,True
ETH-USDT:bybit,2023-09-24T03:00:00+00:00,2023-09,2988,2023-03-28T03:00:00+00:00,2023-09-23T19:00:00+00:00,2023-09-24T11:00:00+00:00,2023-10-01T03:00:00+00:00,0.0001,0.8142953393335326,4.2664749723455196e-05,4.9952442939502675e-05,1.5613284100027207,2.001904093481671,26.597923185466357,0.00057025999999999995,True,2,0.00043262293332253831,0.49769587774862573,5.404891320630238,data/ETH-USDT/ETH-USDT_bybit_2021-01-01_2024-01-01_funding_history.csv,True
ETH-USDT:bybit,2023-10-06T11:00:00+00:00,2023-10,3025,2023-04-09T11:00:00+00:00,2023-10-06T03:00:00+00:00,2023-10-06T19:00:00+00:00,2023-10-13T11:00:00+00:00,0.0001,0.81142525284930411,4.2542890710624601e-05,5.0177488910197467e-05,1.5437525477841405,1.9929255562981594,25.699442147437761,0.00083917999999999992,True,3,0.00042494825254737112,0.49589077749675353,5.3240493370475388,data/ETH-USDT/ETH-USDT_bybit_2021-01-01_2024-01-01_funding_history.csv,True
ETH-USDT:bybit,2023-10-14T19:00:00+00:00,2023-10,3050,2023-04-17T19:00:00+00:00,2023-10-14T11:00:00+00:00,2023-10-15T03:00:00+00:00,2023-10-21T19:00:00+00:00,0.0001,0.79831420250577623,4.2455406152363829e-05,4.9810198589813464e-05,1.4380184616476028,2.0076209858848206,24.835237141394384,0.00042057000000000005,True,8,0.00039232812795021846,0.48266576624926016,4.873904445217855,data/ETH-USDT/ETH-USDT_bybit_2021-01-01_2024-01-01_funding_history.csv,True
ETH-USDT:bybit,2023-10-22T11:00:00+00:00,2023-10,3073,2023-04-25T11:00:00+00:00,2023-10-22T03:00:00+00:00,2023-10-22T19:00:00+00:00,2023-10-29T11:00:00+00:00,0.0001,0.7801246330806253,4.3404854094976133e-05,5.1074619359774235e-05,1.248087379936567,1.9579196331467683,22.838298020929461,0.0019713,True,21,0.00035287366707776322,0.45407589776902268,4.126497203635318,data/ETH-USDT/ETH-USDT_bybit_2021-01-01_2024-01-01_funding_history.csv,True
ETH-USDT:bybit,2023-10-29T19:00:00+00:00,2023-10,3095,2023-05-02T19:00:00+00:00,2023-10-29T11:00:00+00:00,2023-10-30T03:00:00+00:00,2023-11-05T19:00:00+00:00,0.0001,0.7875955892104457,4.3244775161954287e-05,5.1388822279417743e-05,1.3075342445166334,1.9459484682538057,23.042245890546425,0.0023351899999999996,True,21,0.00036833676581727752,0.46301979268603893,4.3677452140956508,data/ETH-USDT/ETH-USDT_bybit_2021-01-01_2024-01-01_funding_history.csv,True
ETH-USDT:bybit,2023-11-06T03:00:00+00:00,2023-11,3117,2023-05-10T03:00:00+00:00,2023-11-05T19:00:00+00:00,2023-11-06T11:00:00+00:00,2023-11-13T03:00:00+00:00,0.0001,0.79246900415224419,4.3674610296415701e-05,5.2287680566078654e-05,1.3159208831151914,1.9124963838016265,23.023121887628221,0.0053877700000000018,True,21,0.00037896819716524396,0.46327860303180124,4.4250383382773579,data/ETH-USDT/ETH-USDT_bybit_2021-01-01_2024-01-01_funding_history.csv,True
ETH-USDT:bybit,2023-11-13T11:00:00+00:00,2023-11,3139,2023-05-17T11:00:00+00:00,2023-11-13T03:00:00+00:00,2023-11-13T19:00:00+00:00,2023-11-20T11:00:00+00:00,0.00025579999999999998,0.83087624215764144,5.5201413090113157e-05,7.48320529718635e-05,6.7668462723957825,3.4183212920294941,18.648800014889179,0.0025553999999999993,True,21,0.0012310277584856352,1.0225733844628069,23.927562847399493,data/ETH-USDT/ETH-USDT_bybit_2021-01-01_2024-01-01_funding_history.csv,True
ETH-USDT:bybit,2023-11-20T19:00:00+00:00,2023-11,3161,2023-05-24T19:00:00+00:00,2023-11-20T11:00:00+00:00,2023-11-21T03:00:00+00:00,2023-11-27T19:00:00+00:00,0.00015755000000000001,0.81611136108285476,5.6045912496887041e-05,7.6683779158451284e-05,2.2704752614711072,2.0545414131775548,18.846568710289382,0.0020999999999999999,True,21,0.00068941572071524765,0.59938077934887479,7.8783457226517921,data/ETH-USDT/ETH-USDT_bybit_2021-01-01_2024-01-01_funding_history.csv,True
ETH-USDT:bybit,2023-12-03T11:00:00+00:00,2023-12,3199,2023-06-06T11:00:00+00:00,2023-12-03T03:00:00+00:00,2023-12-03T19:00:00+00:00,2023-12-10T11:00:00+00:00,0.00020892999999999999,0.82699015127944531,5.5405723211269451e-05,7.6582510252739874e-05,4.3704441901118036,2.7281686028635388,19.640273992242381,0.0033700799999999997,True,21,0.00098019909174421158,0.82453180373938761,15.378256718647952,data/ETH-USDT/ETH-USDT_bybit_2021-01-01_2024-01-01_funding_history.csv,True
ETH-USDT:bybit,2023-12-11T03:00:00+00:00,2023-12,3222,2023-06-14T03:00:00+00:00,2023-12-10T19:00:00+00:00,2023-12-11T11:00:00+00:00,2023-12-18T03:00:00+00:00,0.00021249999999999999,0.83076150786021363,5.7828911331988683e-05,8.0743991179589545e-05,4.2519668244653044,2.6317747846692487,19.714342036976145,0.0027598299999999991,True,21,0.0010218754516867284,0.81066208535247453,15.032783375788883,data/ETH-USDT/ETH-USDT_bybit_2021-01-01_2024-01-01_funding_history.csv,True
ETH-USDT:bybit,2023-12-19T03:00:00+00:00,2023-12,3246,2023-06-22T03:00:00+00:00,2023-12-18T19:00:00+00:00,2023-12-19T11:00:00+00:00,2023-12-26T03:00:00+00:00,0.00018221000000000001,0.83568162599397788,5.8581115351312581e-05,8.1879611325319596e-05,3.1466429508009885,2.2253403142823087,20.29819331673173,0.0051846000000000001,True,21,0.00090530487124708219,0.69429281346483551,11.193511857566605,data/ETH-USDT/ETH-USDT_bybit_2021-01-01_2024-01-01_funding_history.csv,True
ETH-USDT:gate,2020-07-26T16:00:00+00:00,2020-07,623,2020-01-28T16:00:00+00:00,2020-07-26T08:00:00+00:00,2020-07-27T00:00:00+00:00,2020-08-02T16:00:00+00:00,0.001291,0.54806599973219194,0.0003268939738129698,0.00035326289428195726,1.5142776815815104,3.6545021311227401,12.993770087591061,0.014934999999999999,True,21,0.0015656066737849748,0.49651129824942286,3.3481884427923632,data/ETH-USDT/ETH-USDT_gate_2020-01-01_2024-01-01_funding_history.csv,True
ETH-USDT:gate,2020-08-10T16:00:00+00:00,2020-08,668,2020-02-12T16:00:00+00:00,2020-08-10T08:00:00+00:00,2020-08-11T00:00:00+00:00,2020-08-17T16:00:00+00:00,0.0013879999999999999,0.59054867020981783,0.00029789896104825866,0.00033897545344697077,2.4064456896586379,4.0946917715891136,13.637925621069362,0.011110999999999999,True,21,0.0020018708248851626,0.63711629827316185,5.8126356650544784,data/ETH-USDT/ETH-USDT_gate_2020-01-01_2024-01-01_funding_history.csv,True
ETH-USDT:gate,2020-08-18T08:00:00+00:00,2020-08,691,2020-02-20T08:00:00+00:00,2020-08-18T00:00:00+00:00,2020-08-18T16:00:00+00:00,2020-08-25T08:00:00+00:00,0.001671,0.61327825324227137,0.00025650425216652671,0.00028170223461389737,5.0677171444621925,5.9317953309468123,15.12548933360158,0.0065270000000000007,True,21,0.0026498441588634039,0.9305647709148317,12.792075712959418,data/ETH-USDT/ETH-USDT_gate_2020-01-01_2024-01-01_funding_history.csv,True
ETH-USDT:gate,2020-09-02T08:00:00+00:00,2020-09,736,2020-03-06T08:00:00+00:00,2020-09-02T00:00:00+00:00,2020-09-02T16:00:00+00:00,2020-09-09T08:00:00+00:00,0.00084199999999999998,0.59633456367546656,0.00025028626249773021,0.00027408952579567272,1.2782029928696912,3.0719889698656018,14.533545050491284,0.003932999999999999,True,21,0.0012438618038824649,0.46519113703585802,3.1228753021937798,data/ETH-USDT/ETH-USDT_gate_2020-01-01_2024-01-01_funding_history.csv,True
ETH-USDT:gate,2020-10-22T08:00:00+00:00,2020-10,886,2020-04-25T08:00:00+00:00,2020-10-22T00:00:00+00:00,2020-10-22T16:00:00+00:00,2020-10-29T08:00:00+00:00,0.00097799999999999992,0.64654254694907143,0.00022780946769358236,0.00025633090761578909,2.46736254166618,3.8153807088527567,15.596837876599409,0.0077730000000000004,True,21,0.0017887641222426871,0.65306506855587976,6.6189376317180342,data/ETH-USDT/ETH-USDT_gate_2020-01-01_2024-01-01_funding_history.csv,True
ETH-USDT:gate,2020-11-02T08:00:00+00:00,2020-11,919,2020-05-06T08:00:00+00:00,2020-11-02T00:00:00+00:00,2020-11-02T16:00:00+00:00,2020-11-09T08:00:00+00:00,0.00068999999999999997,0.64714880982612799,0.00023470226926452386,0.00026259541806149115,1.1595694100200422,2.6276162969394417,15.916479269274406,0.01035,True,21,0.0012653626356844236,0.44773004307696257,3.1139920077116581,data/ETH-USDT/ETH-USDT_gate_2020-01-01_2024-01-01_funding_history.csv,True
ETH-USDT:gate,2020-11-11T16:00:00+00:00,2020-11,947,2020-05-15T16:00:00+00:00,2020-11-11T08:00:00+00:00,2020-11-12T00:00:00+00:00,2020-11-18T16:00:00+00:00,-0.0012639999999999999,0.62911833954930596,0.00025406836523517867,0.00027854418639998229,3.1182029230969257,4.5378796676263367,-16.169708863115851,-0.00095900000000000043,False,1,0.0021439679419003803,0.73235317953076484,8.1066171680237957,data/ETH-USDT/ETH-USDT_gate_2020-01-01_2024-01-01_funding_history.csv,True
ETH-USDT:gate,2020-11-20T00:00:00+00:00,2020-11,972,2020-05-24T00:00:00+00:00,2020-11-19T16:00:00+00:00,2020-11-20T08:00:00+00:00,2020-11-27T00:00:00+00:00,0.00088699999999999998,0.59936827420394745,0.00027164038956874854,0.00029652961400808425,1.2161643763066459,2.9912695329506542,14.868971257281915,0.017142999999999999,True,21,0.0013269749188643848,0.45417593470975337,2.9889747208024899,data/ETH-USDT/ETH-USDT_gate_2020-01-01_2024-01-01_funding_history.csv,True
ETH-USDT:gate,2021-08-31T08:00:00+00:00,2021-08,1732,2021-03-04T08:00:00+00:00,2021-08-31T00:00:00+00:00,2021-08-31T16:00:00+00:00,2021-09-07T08:00:00+00:00,-0.0012949999999999999,0.45515334007734692,0.00023153714818911354,0.00023646819066167272,2.3203730717337137,5.4764236846249794,-13.423780770130008,-2.8999999999999892e-05,False,0,0.0010818154532197162,0.57515329046345987,4.0869619675882669,data/ETH-USDT/ETH-USDT_gate_2020-01-01_2024-01-01_funding_history.csv,True
ETH-USDT:gate,2021-09-07T16:00:00+00:00,2021-09,1754,2021-03-11T16:00:00+00:00,2021-09-07T08:00:00+00:00,2021-09-08T00:00:00+00:00,2021-09-14T16:00:00+00:00,0.00072199999999999999,0.32729341478969459,0.00026334051705415419,0.00026713641399940909,0.3929402492670272,2.7027389833929458,10.310760889124703,0.0020999999999999999,True,21,0.00035127624830504236,0.19991831263878232,0.45091112184555449,data/ETH-USDT/ETH-USDT_gate_2020-01-01_2024-01-01_funding_history.csv,True
ETH-USDT:gate,2021-10-22T00:00:00+00:00,2021-10,1887,2021-04-25T00:00:00+00:00,2021-10-21T16:00:00+00:00,2021-10-22T08:00:00+00:00,2021-10-29T00:00:00+00:00,0.00065700000000000003,0.33719201688420336,0.0002313337484939237,0.00023549345409354752,0.43319481538665094,2.7898864642709476,9.6400586321682624,0.0035819999999999992,True,21,0.00033423730659449375,0.21354469145979238,0.51736353514936018,data/ETH-USDT/ETH-USDT_gate_2020-01-01_2024-01-01_funding_history.csv,True
ETH-USDT:gate,2021-11-03T00:00:00+00:00,2021-11,1923,2021-05-07T00:00:00+00:00,2021-11-02T16:00:00+00:00,2021-11-03T08:00:00+00:00,2021-11-10T00:00:00+00:00,-0.00084500000000000005,0.34114101351374515,0.0002246716286527134,0.00022908234202039229,0.76793424517423203,3.6886300032884267,-10.27502654491882,-0.0021449999999999998,False,2,0.00043752026197841894,0.28621074824554921,0.93151082935956686,data/ETH-USDT/ETH-USDT_gate_2020-01-01_2024-01-01_funding_history.csv,True
ETH-USDT:gate,2021-11-15T08:00:00+00:00,2021-11,1960,2021-05-19T08:00:00+00:00,2021-11-15T00:00:00+00:00,2021-11-15T16:00:00+00:00,2021-11-22T08:00:00+00:00,0.00088099999999999995,0.23204810291196648,0.00020133766629616912,0.00020154058930897553,0.76525986131645729,4.3713278948954875,8.7133649925713428,0.0031179999999999988,True,21,0.00026620727084680616,0.22451989989069424,0.54483641033534524,data/ETH-USDT/ETH-USDT_gate_2020-01-01_2024-01-01_funding_history.csv,True
ETH-USDT:gate,2021-12-04T16:00:00+00:00,2021-12,2018,2021-06-07T16:00:00+00:00,2021-12-04T08:00:00+00:00,2021-12-05T00:00:00+00:00,2021-12-11T16:00:00+00:00,0.00042999999999999999,0.24837729900732278,0.00019967787081458393,0.00019985205381413805,0.19439603135998887,2.1515915988529146,9.1741379740821412,0.0018180000000000004,True,8,0.00014209554665136191,0.11840876325423612,0.1524491791103541,data/ETH-USDT/ETH-USDT_gate_2020-01-01_2024-01-01_funding_history.csv,True
ETH-USDT:gate,2022-02-06T00:00:00+00:00,2022-02,2208,2021-08-10T00:00:00+00:00,2022-02-05T16:00:00+00:00,2022-02-06T08:00:00+00:00,2022-02-13T00:00:00+00:00,-0.00040499999999999998,0.28042758588232575,0.00019321312837047727,0.00019212171430976912,0.20176325898112304,2.1080386538035714,-10.841067001596388,-0.00036999999999999999,False,0,0.00015783424997095678,0.13044509514599578,0.18750753511659007,data/ETH-USDT/ETH-USDT_gate_2020-01-01_2024-01-01_funding_history.csv,True
ETH-USDT:gate,2022-04-06T16:00:00+00:00,2022-04,2387,2021-10-08T16:00:00+00:00,2022-04-06T08:00:00+00:00,2022-04-07T00:00:00+00:00,2022-04-13T16:00:00+00:00,-0.00035199999999999999,0.48377764747688484,0.00011615347920504831,0.00011490112640156065,0.73842715205860687,3.0635034748903816,-16.58126977482906,-0.00043199999999999998,False,0,0.00032987663253747671,0.33258734938195006,1.4030619658724732,data/ETH-USDT/ETH-USDT_gate_2020-01-01_2024-01-01_funding_history.csv,True
ETH-USDT:gate,2022-04-18T00:00:00+00:00,2022-04,2421,2021-10-20T00:00:00+00:00,2022-04-17T16:00:00+00:00,2022-04-18T08:00:00+00:00,2022-04-25T00:00:00+00:00,-0.000241,0.42137334323697889,0.00011815585730228105,0.0001168780413413522,0.28105562979276627,2.0619784284041782,-14.839468464934129,-0.000368,False,0,0.00017550344976437118,0.19334888067418743,0.44907728723310159,data/ETH-USDT/ETH-USDT_gate_2020-01-01_2024-01-01_funding_history.csv,True
ETH-USDT:gate,2022-04-27T16:00:00+00:00,2022-04,2450,2021-10-29T16:00:00+00:00,2022-04-27T08:00:00+00:00,2022-04-28T00:00:00+00:00,2022-05-04T16:00:00+00:00,-0.000223,0.35692377987712187,0.00011549312065753972,0.00011389160116132214,0.21128229924672481,1.9580021505196938,-13.467459311335974,-0.00085700000000000023,False,0,0.00012377071393714897,0.15396405693760226,0.2721451263064002,data/ETH-USDT/ETH-USDT_gate_2020-01-01_2024-01-01_funding_history.csv,True
ETH-USDT:gate,2022-05-12T08:00:00+00:00,2022-05,2494,2021-11-13T08:00:00+00:00,2022-05-12T00:00:00+00:00,2022-05-12T16:00:00+00:00,2022-05-19T08:00:00+00:00,-0.00027,0.33721800583386008,0.0001033621831026337,9.9746442285297474e-05,0.36649282257930577,2.7068634611321643,-14.995052463916084,0.00076099999999999996,True,2,0.00013737377050894496,0.19642601431024986,0.43774659863225401,data/ETH-USDT/ETH-USDT_gate_2020-01-01_2024-01-01_funding_history.csv,True
ETH-USDT:gate,2022-05-19T16:00:00+00:00,2022-05,2516,2021-11-20T16:00:00+00:00,2022-05-19T08:00:00+00:00,2022-05-20T00:00:00+00:00,2022-05-26T16:00:00+00:00,-0.00020699999999999999,0.33062371915269434,9.8768294459839921e-05,9.7170066217469895e-05,0.23171149710742669,2.1302856739515539,-13.131810677937555,-0.0012450000000000002,False,0,0.00010224310573488568,0.15442313541209676,0.26953677041273572,data/ETH-USDT/ETH-USDT_gate_2020-01-01_2024-01-01_funding_history.csv,True
ETH-USDT:gate,2022-06-12T00:00:00+00:00,2022-06,2586,2021-12-14T00:00:00+00:00,2022-06-11T16:00:00+00:00,2022-06-12T08:00:00+00:00,2022-06-19T00:00:00+00:00,-0.00022599999999999999,0.26991196689725228,9.8141016835817579e-05,9.6502775129933267e-05,0.23640599567149892,2.3419015639261054,-12.0529483592217,0.001201,True,0,8.355171123606806e-05,0.13782033198770766,0.20834410180603996,data/ETH-USDT/ETH-USDT_gate_2020-01-01_2024-01-01_funding_history.csv,True
ETH-USDT:gate,2022-06-19T16:00:00+00:00,2022-06,2609,2021-12-21T16:00:00+00:00,2022-06-19T08:00:00+00:00,2022-06-20T00:00:00+00:00,2022-06-26T16:00:00+00:00,-0.00032299999999999999,0.17657380408069492,0.00010436300068199567,0.00010324947706663258,0.32252236192136746,3.1283451420441608,-9.7390863826978862,-2.0000000000000351e-06,False,0,6.9263449475748359e-05,0.12039647830957448,0.1541312238252204,data/ETH-USDT/ETH-USDT_gate_2020-01-01_2024-01-01_funding_history.csv,True
ETH-USDT:gate,2022-07-01T00:00:00+00:00,2022-07,2643,2022-01-02T00:00:00+00:00,2022-06-30T16:00:00+00:00,2022-07-01T08:00:00+00:00,2022-07-08T00:00:00+00:00,-0.00029,0.1095087143634475,0.00010691569684689331,0.00010628568609804795,0.1942128132226498,2.7284953472707194,-7.9162504969224523,5.1999999999999936e-05,True,0,3.566292863011955e-05,0.065181872508450214,0.044649852401056803,data/ETH-USDT/ETH-USDT_gate_2020-01-01_2024-01-01_funding_history.csv,True
ETH-USDT:gate,2022-08-28T08:00:00+00:00,2022-08,2818,2022-03-01T08:00:00+00:00,2022-08-28T00:00:00+00:00,2022-08-28T16:00:00+00:00,2022-09-04T08:00:00+00:00,-0.00021499999999999999,0.066152366038759361,0.00010067443740444597,0.00010030210004077604,0.098048885205079456,2.1435244118776731,-6.8529819153915703,0.00076300000000000001,True,9,1.5230277596787892e-05,0.030929947500770164,0.010023143950792643,data/ETH-USDT/ETH-USDT_gate_2020-01-01_2024-01-01_funding_history.csv,True
ETH-USDT:gate,2022-09-11T16:00:00+00:00,2022-09,2861,2022-03-15T16:00:00+00:00,2022-09-11T08:00:00+00:00,2022-09-12T00:00:00+00:00,2022-09-18T16:00:00+00:00,-0.00025399999999999999,0.068796365330129186,0.00010261942635626608,0.00010262294438552438,0.13363652470285972,2.4750800273844833,-4.0817837372980721,0.010241,True,11,1.8765258363760332e-05,0.037285822987652054,0.0145669835506636,data/ETH-USDT/ETH-USDT_gate_2020-01-01_2024-01-01_funding_history.csv,True
ETH-USDT:gate,2022-11-09T00:00:00+00:00,2022-11,3036,2022-05-13T00:00:00+00:00,2022-11-08T16:00:00+00:00,2022-11-09T08:00:00+00:00,2022-11-16T00:00:00+00:00,-0.000359,0.66742852372096839,0.00015049274548808094,0.00020298450373771015,0.821732442312055,1.7686079153307579,0.16684568073694533,0.0014139999999999999,True,8,0.00072031924935098851,0.37739996868694431,2.2856254020613886,data/ETH-USDT/ETH-USDT_gate_2020-01-01_2024-01-01_funding_history.csv,True
ETH-USDT:gate,2022-11-16T16:00:00+00:00,2022-11,3059,2022-05-20T16:00:00+00:00,2022-11-16T08:00:00+00:00,2022-11-17T00:00:00+00:00,2022-11-23T16:00:00+00:00,0.00068599999999999998,0.67639782023492911,0.00015164320400435442,0.00020570222209397018,3.0560162925008685,3.3349177904680931,-0.5064760650246436,0.00084600000000000007,True,4,0.0014334971054458915,0.72784662608899287,8.6295504659170419,data/ETH-USDT/ETH-USDT_gate_2020-01-01_2024-01-01_funding_history.csv,True
ETH-USDT:gate,2022-12-13T16:00:00+00:00,2022-12,3140,2022-06-16T16:00:00+00:00,2022-12-13T08:00:00+00:00,2022-12-14T00:00:00+00:00,2022-12-20T16:00:00+00:00,-0.00026499999999999999,0.68958822052114543,0.00014945886635141763,0.00020629911566801177,0.49385891179316754,1.2845425882796948,0.87255662109449406,-0.001315,False,0,0.00058846467563079699,0.29244689111662819,1.4252101758228961,data/ETH-USDT/ETH-USDT_gate_2020-01-01_2024-01-01_funding_history.csv,True
ETH-USDT:gate,2023-01-04T08:00:00+00:00,2023-01,3205,2022-07-08T08:00:00+00:00,2023-01-04T00:00:00+00:00,2023-01-04T16:00:00+00:00,2023-01-11T08:00:00+00:00,-0.00025799999999999998,0.72127091874215177,0.00014253193472112962,0.00020566341805853587,0.58548156445064314,1.2544768653342526,-0.30821148472251259,-0.00024400000000000002,False,0,0.0006669307997758555,0.31711986559922278,1.776437403544872,data/ETH-USDT/ETH-USDT_gate_2020-01-01_2024-01-01_funding_history.csv,True
ETH-USDT:gate,2023-03-13T08:00:00+00:00,2023-03,3409,2022-09-14T08:00:00+00:00,2023-03-13T00:00:00+00:00,2023-03-13T16:00:00+00:00,2023-03-20T08:00:00+00:00,-0.00014999999999999999,0.67874819538764086,0.00012996346191363259,0.00019869509058575622,0.20070753498289606,0.75492554726841843,-3.1447244687631084,0.00015900000000000002,True,1,0.00031683079894626704,0.18652089478895142,0.56897892920334814,data/ETH-USDT/ETH-USDT_gate_2020-01-01_2024-01-01_funding_history.csv,True
ETH-USDT:gate,2023-03-24T16:00:00+00:00,2023-03,3443,2022-09-25T16:00:00+00:00,2023-03-24T08:00:00+00:00,2023-03-25T00:00:00+00:00,2023-03-31T16:00:00+00:00,-0.00022800000000000001,0.54546233469284278,7.692353539012108e-05,8.504670062395047e-05,0.8462381545073524,2.6808800144775007,-11.145537104389197,0.00023800000000000004,True,0,0.00027360778441191149,0.37067570814291817,1.8604690863329907,data/ETH-USDT/ETH-USDT_gate_2020-01-01_2024-01-01_funding_history.csv,True
ETH-USDT:gate,2023-04-04T16:00:00+00:00,2023-04,3476,2022-10-06T16:00:00+00:00,2023-04-04T08:00:00+00:00,2023-04-05T00:00:00+00:00,2023-04-11T16:00:00+00:00,-0.00020000000000000001,0.52514496293532786,7.8537873230094079e-05,8.739201362375194e-05,0.58784436731695011,2.2885386399386358,-9.371152021460242,6.6000000000000019e-05,True,2,0.00022118087427103466,0.30544284739486527,1.2346900745259259,data/ETH-USDT/ETH-USDT_gate_2020-01-01_2024-01-01_funding_history.csv,True
ETH-USDT:gate,2023-05-17T16:00:00+00:00,2023-05,3605,2022-11-18T16:00:00+00:00,2023-05-17T08:00:00+00:00,2023-05-18T00:00:00+00:00,2023-05-24T16:00:00+00:00,0.0001,0.5620021489704804,6.5034049508791666e-05,7.3078769008266849e-05,0.23955699208082837,1.3683864870341174,10.780844965054726,0.00042499999999999998,True,0,0.00012831090998925525,0.19879993628740431,0.54577137711821821,data/ETH-USDT/ETH-USDT_gate_2020-01-01_2024-01-01_funding_history.csv,True
ETH-USDT:gate,2023-05-27T00:00:00+00:00,2023-05,3633,2022-11-28T00:00:00+00:00,2023-05-26T16:00:00+00:00,2023-05-27T08:00:00+00:00,2023-06-03T00:00:00+00:00,-0.00010399999999999999,0.5809355951943409,6.2596029398456673e-05,7.0819263544983323e-05,0.29674409973514554,1.4685269910204697,-11.386098814317657,-0.00043499999999999995,False,1,0.00014417027183547543,0.22297741064499621,0.70307901355235503,data/ETH-USDT/ETH-USDT_gate_2020-01-01_2024-01-01_funding_history.csv,True
ETH-USDT:gate,2023-06-10T00:00:00+00:00,2023-06,3675,2022-12-12T00:00:00+00:00,2023-06-09T16:00:00+00:00,2023-06-10T08:00:00+00:00,2023-06-17T00:00:00+00:00,0.0001,0.57656688619106011,6.1032087794951811e-05,6.8637333047989497e-05,0.28464136129908518,1.4569330648392547,11.623915643122409,0.00088999999999999984,True,9,0.00013616351402124396,0.21802226943273359,0.66842967843940582,data/ETH-USDT/ETH-USDT_gate_2020-01-01_2024-01-01_funding_history.csv,True
ETH-USDT:gate,2023-06-21T00:00:00+00:00,2023-06,3708,2022-12-23T00:00:00+00:00,2023-06-20T16:00:00+00:00,2023-06-21T08:00:00+00:00,2023-06-28T00:00:00+00:00,-0.00014100000000000001,0.6555605568909274,5.3702879474939755e-05,6.4361689806003824e-05,0.95314614416899257,2.190744221057527,-12.354655642532537,-0.00025700000000000007,False,2,0.00026832297424145442,0.40622758167263506,2.5976507320933639,data/ETH-USDT/ETH-USDT_gate_2020-01-01_2024-01-01_funding_history.csv,True
ETH-USDT:gate,2023-06-28T08:00:00+00:00,2023-06,3730,2022-12-30T08:00:00+00:00,2023-06-28T00:00:00+00:00,2023-06-28T16:00:00+00:00,2023-07-05T08:00:00+00:00,0.0001,0.64479072207718713,5.4281602291970621e-05,6.5459520244402663e-05,0.45154389763335112,1.5276616697866929,11.146232458670903,0.00082000000000000009,True,6,0.00018150611757976085,0.279322434637579,1.2075560375701568,data/ETH-USDT/ETH-USDT_gate_2020-01-01_2024-01-01_funding_history.csv,True
ETH-USDT:gate,2023-07-05T16:00:00+00:00,2023-07,3752,2023-01-06T16:00:00+00:00,2023-07-05T08:00:00+00:00,2023-07-06T00:00:00+00:00,2023-07-12T16:00:00+00:00,0.0001,0.65388719877574353,5.262606999446579e-05,6.3830532713426137e-05,0.49624234852042282,1.5666483695030478,11.359901255439333,0.00060300000000000002,True,5,0.00018889792194554174,0.29307734387101519,1.3484977959851456,data/ETH-USDT/ETH-USDT_gate_2020-01-01_2024-01-01_funding_history.csv,True
ETH-USDT:gate,2023-07-13T08:00:00+00:00,2023-07,3775,2023-01-14T08:00:00+00:00,2023-07-13T00:00:00+00:00,2023-07-13T16:00:00+00:00,2023-07-20T08:00:00+00:00,0.0001,0.68905346400062606,4.9437476312134423e-05,6.1893872141305449e-05,0.64141094206518545,1.6156688302146809,12.046998105712367,0.00053600000000000002,True,0,0.00022150979913837797,0.33329471771671537,1.8494136978908535,data/ETH-USDT/ETH-USDT_gate_2020-01-01_2024-01-01_funding_history.csv,True
ETH-USDT:gate,2023-07-22T16:00:00+00:00,2023-07,3803,2023-01-23T16:00:00+00:00,2023-07-22T08:00:00+00:00,2023-07-23T00:00:00+00:00,2023-07-29T16:00:00+00:00,0.0001,0.64076239693750081,5.0421543643665611e-05,6.0785620176851675e-05,0.51595825839742682,1.6451259312491462,10.884723279159099,-0.000263,False,2,0.00017835173752429889,0.29843491226479973,1.3699486118087769,data/ETH-USDT/ETH-USDT_gate_2020-01-01_2024-01-01_funding_history.csv,True
ETH-USDT:gate,2023-08-01T00:00:00+00:00,2023-08,3831,2023-02-02T00:00:00+00:00,2023-07-31T16:00:00+00:00,2023-08-01T08:00:00+00:00,2023-08-08T00:00:00+00:00,0.0001,0.58670799064180779,5.1269359409988458e-05,6.038116018190671e-05,0.41655497227616078,1.6561457199354233,8.6777334522065228,-9.0000000000000006e-05,False,2,0.00014195772887895045,0.26472975510599378,0.99849112880941915,data/ETH-USDT/ETH-USDT_gate_2020-01-01_2024-01-01_funding_history.csv,True
ETH-USDT:gate,2023-08-10T00:00:00+00:00,2023-08,3858,2023-02-11T00:00:00+00:00,2023-08-09T16:00:00+00:00,2023-08-10T08:00:00+00:00,2023-08-17T00:00:00+00:00,0.0001,0.52474798432869041,5.2364096988819132e-05,5.9619882611978681e-05,0.33020511176790762,1.6772928026515144,7.0454107265542527,0.0015510000000000003,True,6,0.00011041453311446665,0.22886859927948949,0.69291871260624882,data/ETH-USDT/ETH-USDT_gate_2020-01-01_2024-01-01_funding_history.csv,True
ETH-USDT:gate,2023-08-17T16:00:00+00:00,2023-08,3881,2023-02-18T16:00:00+00:00,2023-08-17T08:00:00+00:00,2023-08-18T00:00:00+00:00,2023-08-24T16:00:00+00:00,0.0001,0.53443409920757512,5.2563769146416369e-05,6.0141952146782173e-05,0.33726753399210013,1.662732858353857,7.507301904156094,-0.00074099999999999991,False,0,0.00011479214141700527,0.23261889355872126,0.72352896374660269,data/ETH-USDT/ETH-USDT_gate_2020-01-01_2024-01-01_funding_history.csv,True
ETH-USDT:gate,2023-09-07T00:00:00+00:00,2023-09,3942,2023-03-11T00:00:00+00:00,2023-09-06T16:00:00+00:00,2023-09-07T08:00:00+00:00,2023-09-14T00:00:00+00:00,0.0001,0.46819357069398759,5.3877849633073294e-05,5.9885141786842311e-05,0.26503987427209186,1.6698632918987519,5.4656316431187451,0.00015100000000000004,True,0,8.8038332886209035e-05,0.19668691104019198,0.48357460571363498,data/ETH-USDT/ETH-USDT_gate_2020-01-01_2024-01-01_funding_history.csv,True
ETH-USDT:gate,2023-09-20T08:00:00+00:00,2023-09,3982,2023-03-24T08:00:00+00:00,2023-09-20T00:00:00+00:00,2023-09-20T16:00:00+00:00,2023-09-27T08:00:00+00:00,0.0001,0.46059662179515637,5.4419395006566724e-05,5.9950728068292619e-05,0.25430893923378045,1.6680364563060088,6.1501841001652879,0.00098999999999999999,True,11,8.5390007038658021e-05,0.19136662333359275,0.45463213351621118,data/ETH-USDT/ETH-USDT_gate_2020-01-01_2024-01-01_funding_history.csv,True
ETH-USDT:gate,2023-09-28T16:00:00+00:00,2023-09,4007,2023-04-01T16:00:00+00:00,2023-09-28T08:00:00+00:00,2023-09-29T00:00:00+00:00,2023-10-05T16:00:00+00:00,-0.000107,0.48897127580095473,5.3105335832864753e-05,5.888678755347446e-05,0.3312928821110836,1.8170459698253101,-7.5343175831982965,0.00057700000000000004,True,12,0.00010238154611561727,0.22367726663739462,0.63781731367664563,data/ETH-USDT/ETH-USDT_gate_2020-01-01_2024-01-01_funding_history.csv,True
ETH-USDT:gate,2023-10-06T00:00:00+00:00,2023-10,4029,2023-04-09T00:00:00+00:00,2023-10-05T16:00:00+00:00,2023-10-06T08:00:00+00:00,2023-10-13T00:00:00+00:00,0.0001,0.50318240404857217,5.3193657029571297e-05,5.9409002673905998e-05,0.30043428715466974,1.6832465703707671,7.6629408891338446,0.0010840000000000001,True,2,0.00010128106049724569,0.21524638075389296,0.59909065576513221,data/ETH-USDT/ETH-USDT_gate_2020-01-01_2024-01-01_funding_history.csv,True
ETH-USDT:gate,2023-10-24T08:00:00+00:00,2023-10,4084,2023-04-27T08:00:00+00:00,2023-10-24T00:00:00+00:00,2023-10-24T16:00:00+00:00,2023-10-31T08:00:00+00:00,0.0001,0.48927914492175867,5.19833805443954e-05,5.7422095385063441e-05,0.30225540510420035,1.7414899148039775,7.8673895080196132,0.0018710000000000003,True,21,9.5801648211848509e-05,0.21370055403470817,0.58236420853230397,data/ETH-USDT/ETH-USDT_gate_2020-01-01_2024-01-01_funding_history.csv,True
ETH-USDT:gate,2023-10-31T16:00:00+00:00,2023-10,4106,2023-05-04T16:00:00+00:00,2023-10-31T08:00:00+00:00,2023-11-01T00:00:00+00:00,2023-11-07T16:00:00+00:00,0.0001,0.52770012168260827,5.1940357929744662e-05,5.8374956319651663e-05,0.33856029674200883,1.7130633803375619,8.5793602494621712,0.00141,True,9,0.0001117297219726772,0.23215710579602367,0.71528409773210289,data/ETH-USDT/ETH-USDT_gate_2020-01-01_2024-01-01_funding_history.csv,True
ETH-USDT:gate,2023-11-08T00:00:00+00:00,2023-11,4128,2023-05-12T00:00:00+00:00,2023-11-07T16:00:00+00:00,2023-11-08T08:00:00+00:00,2023-11-15T00:00:00+00:00,0.0001,0.545958065645054,5.2715809434559282e-05,6.000255737924634e-05,0.34714506986078353,1.6665956313820045,8.7453974160826817,0.0025419999999999991,True,21,0.00012024361061348899,0.23747311258908432,0.76403480626649167,data/ETH-USDT/ETH-USDT_gate_2020-01-01_2024-01-01_funding_history.csv,True
ETH-USDT:gate,2023-11-15T08:00:00+00:00,2023-11,4150,2023-05-19T08:00:00+00:00,2023-11-15T00:00:00+00:00,2023-11-15T16:00:00+00:00,2023-11-22T08:00:00+00:00,0.0001,0.60826513712746066,5.3330643109585428e-05,6.3037349877334461e-05,0.41291901590090774,1.5863611048781689,9.7559101616130857,0.0020999999999999999,True,21,0.00015527016106166023,0.26529588757312539,1.0324103310528598,data/ETH-USDT/ETH-USDT_gate_2020-01-01_2024-01-01_funding_history.csv,True
ETH-USDT:gate,2023-11-22T16:00:00+00:00,2023-11,4172,2023-05-26T16:00:00+00:00,2023-11-22T08:00:00+00:00,2023-11-23T00:00:00+00:00,2023-11-29T16:00:00+00:00,0.0001,0.64036343082324143,5.3354113803367376e-05,6.4179088823205271e-05,0.46015455458599785,1.5581399149413127,10.804034945495996,0.0020150000000000003,True,21,0.00017804315697350008,0.28181982735713129,1.2209090140851868,data/ETH-USDT/ETH-USDT_gate_2020-01-01_2024-01-01_funding_history.csv,True
ETH-USDT:gate,2023-11-30T00:00:00+00:00,2023-11,4194,2023-06-03T00:00:00+00:00,2023-11-29T16:00:00+00:00,2023-11-30T08:00:00+00:00,2023-12-07T00:00:00+00:00,0.0001,0.67018807296431215,5.2786815098224301e-05,6.4491968283375981e-05,0.5235720416499704,1.5505806794514734,11.950025301765248,0.0020999999999999999,True,21,0.00020315759877001285,0.30126418058921811,1.4631225965770716,data/ETH-USDT/ETH-USDT_gate_2020-01-01_2024-01-01_funding_history.csv,True
ETH-USDT:gate,2023-12-07T08:00:00+00:00,2023-12,4216,2023-06-10T08:00:00+00:00,2023-12-07T00:00:00+00:00,2023-12-07T16:00:00+00:00,2023-12-14T08:00:00+00:00,0.0001,0.69539737645953814,5.2470546175157053e-05,6.5091050802114621e-05,0.58376518801116228,1.5363095044204031,13.067083193375149,0.0029679999999999997,True,21,0.00022818556341662648,0.31781377365447139,1.7005902362251615,data/ETH-USDT/ETH-USDT_gate_2020-01-01_2024-01-01_funding_history.csv,True
ETH-USDT:gate,2023-12-17T08:00:00+00:00,2023-12,4246,2023-06-20T08:00:00+00:00,2023-12-17T00:00:00+00:00,2023-12-17T16:00:00+00:00,2023-12-24T08:00:00+00:00,0.00025300000000000002,0.73554204906617138,5.3636994688232388e-05,6.9014845458777153e-05,4.229277418338202,3.6658779472471319,14.071306702663321,0.0043670000000000002,True,21,0.00070256176497797385,0.84956603173015832,13.113068547729631,data/ETH-USDT/ETH-USDT_gate_2020-01-01_2024-01-01_funding_history.csv,True
ETH-USDT:gate,2023-12-24T16:00:00+00:00,2023-12,4268,2023-06-27T16:00:00+00:00,2023-12-24T08:00:00+00:00,2023-12-25T00:00:00+00:00,2023-12-31T16:00:00+00:00,0.00023000000000000001,0.79882412015026472,5.5271676136563005e-05,7.7747260762270947e-05,4.5010489321479596,2.9583035819522276,14.932336692216964,0.0077680000000000006,True,21,0.00090511092688567508,0.85366743068227646,15.265934706553278,data/ETH-USDT/ETH-USDT_gate_2020-01-01_2024-01-01_funding_history.csv,True
ETH-USDT:htx,2022-05-12T19:00:00+00:00,2022-05,1489,2021-11-13T19:00:00+00:00,2022-05-12T11:00:00+00:00,2022-05-13T03:00:00+00:00,2022-05-19T19:00:00+00:00,-0.000696724058113,0.67299220207091082,6.9128326066329149e-05,7.4867911599012531e-05,14.97586152732571,9.3060437139559458,-19.361696540753591,-0.000232839992432918,False,2,0.0014335292170480816,1.611256556735464,42.048213608052187,data/ETH-USDT/ETH-USDT_htx_2021-01-01_2024-01-01_funding_history.csv,True
ETH-USDT:htx,2022-05-26T11:00:00+00:00,2022-05,1530,2021-11-27T11:00:00+00:00,2022-05-26T03:00:00+00:00,2022-05-26T19:00:00+00:00,2022-06-02T11:00:00+00:00,0.0001,0.52982464537408047,7.3710057787799567e-05,7.5497888886568788e-05,0.16917290783645708,1.3245403477472624,15.914266957075871,0.001101473281332381,True,3,0.00011268642374445903,0.16431340800874697,0.3591528353230225,data/ETH-USDT/ETH-USDT_htx_2021-01-01_2024-01-01_funding_history.csv,True
ETH-USDT:htx,2022-06-06T03:00:00+00:00,2022-06,1562,2021-12-08T03:00:00+00:00,2022-06-05T19:00:00+00:00,2022-06-06T11:00:00+00:00,2022-06-13T03:00:00+00:00,0.0001,0.4855249965893621,7.3830935016228739e-05,7.4905617880244692e-05,0.14824217148489488,1.335013351867345,14.9490338168858,0.00091142339987042493,True,2,9.4372878846203044e-05,0.14922357850741877,0.28292557840338234,data/ETH-USDT/ETH-USDT_htx_2021-01-01_2024-01-01_funding_history.csv,True
ETH-USDT:htx,2022-06-16T11:00:00+00:00,2022-06,1593,2021-12-18T11:00:00+00:00,2022-06-16T03:00:00+00:00,2022-06-16T19:00:00+00:00,2022-06-23T11:00:00+00:00,0.0001,0.43868574820785128,7.4365116069632567e-05,7.5116440305303682e-05,0.12812979609901048,1.3312664923092661,13.74061387022005,0.00038631597616643504,True,1,7.8153322029292686e-05,0.13299160805259258,0.2154599350153277,data/ETH-USDT/ETH-USDT_htx_2021-01-01_2024-01-01_funding_history.csv,True
ETH-USDT:htx,2022-06-27T11:00:00+00:00,2022-06,1626,2021-12-29T11:00:00+00:00,2022-06-27T03:00:00+00:00,2022-06-27T19:00:00+00:00,2022-07-04T11:00:00+00:00,-0.00014957992861189999,0.38073513382270252,7.4853007461159752e-05,7.5473615189557472e-05,0.24143980830243775,1.9818837117609793,-12.128132756228164,0.00048551530707260996,True,2,9.1964419683552887e-05,0.17038271872950597,0.33849887671772139,data/ETH-USDT/ETH-USDT_htx_2021-01-01_2024-01-01_funding_history.csv,True
ETH-USDT:htx,2022-07-04T19:00:00+00:00,2022-07,1648,2022-01-05T19:00:00+00:00,2022-07-04T11:00:00+00:00,2022-07-05T03:00:00+00:00,2022-07-11T19:00:00+00:00,-0.0001714998365668,0.32948575598377905,7.6181891359626756e-05,7.70263862108718e-05,0.26651098655183525,2.2265076294413233,-10.299729611391104,0.00053019112844696287,True,0,8.4273755259264035e-05,0.16528357310643704,0.30858550038194532,data/ETH-USDT/ETH-USDT_htx_2021-01-01_2024-01-01_funding_history.csv,True
ETH-USDT:htx,2022-07-13T11:00:00+00:00,2022-07,1674,2022-01-14T11:00:00+00:00,2022-07-13T03:00:00+00:00,2022-07-13T19:00:00+00:00,2022-07-20T11:00:00+00:00,-0.00015521811617629999,0.30618821577596395,7.6617532869129506e-05,7.7798774120399079e-05,0.20246083741999868,1.9951229043286598,-8.9595501075416646,0.00024242935920367701,True,5,6.849978499647083e-05,0.13794415292588794,0.21228925113938693,data/ETH-USDT/ETH-USDT_htx_2021-01-01_2024-01-01_funding_history.csv,True
ETH-USDT:htx,2022-08-03T03:00:00+00:00,2022-08,1736,2022-02-04T03:00:00+00:00,2022-08-02T19:00:00+00:00,2022-08-03T11:00:00+00:00,2022-08-10T03:00:00+00:00,-0.000106347554124,0.3057812112618436,7.5625034288635674e-05,7.7065553462411719e-05,0.097442534421732979,1.3799622444270176,-8.3299899379168707,0.00017871274599521496,True,7,4.684270210169833e-05,0.09562212824160253,0.10198790290680204,data/ETH-USDT/ETH-USDT_htx_2021-01-01_2024-01-01_funding_history.csv,True
ETH-USDT:htx,2022-08-11T03:00:00+00:00,2022-08,1760,2022-02-12T03:00:00+00:00,2022-08-10T19:00:00+00:00,2022-08-11T11:00:00+00:00,2022-08-18T03:00:00+00:00,0.0001,0.29199894334703996,7.5642860589570003e-05,7.7313978087697785e-05,0.082890612330046479,1.2934271715597057,7.3550132084861426,0.00055873204880658111,True,2,4.1242727055481977e-05,0.085744065290241089,0.081451785955939882,data/ETH-USDT/ETH-USDT_htx_2021-01-01_2024-01-01_funding_history.csv,True
ETH-USDT:htx,2022-08-20T11:00:00+00:00,2022-08,1788,2022-02-21T11:00:00+00:00,2022-08-20T03:00:00+00:00,2022-08-20T19:00:00+00:00,2022-08-27T11:00:00+00:00,-0.00010989400428129999,0.2798950941063611,7.5131996009332108e-05,7.6730370851724213e-05,0.098096770116948159,1.4322099979636753,-6.9459739680770189,0.0019055514838952179,True,21,4.271432178592529e-05,0.090847873688068861,0.090926102611121565,data/ETH-USDT/ETH-USDT_htx_2021-01-01_2024-01-01_funding_history.csv,True
ETH-USDT:htx,2022-08-27T19:00:00+00:00,2022-08,1810,2022-02-28T19:00:00+00:00,2022-08-27T11:00:00+00:00,2022-08-28T03:00:00+00:00,2022-09-03T19:00:00+00:00,-0.00012826156906099999,0.32051112362715206,7.5997268650543351e-05,7.9241994761617977e-05,0.14615634341773323,1.6186060112046217,-5.4834985311411426,0.0025647451914214687,True,16,6.050026872498916e-05,0.12044170204107764,0.16305305163574049,data/ETH-USDT/ETH-USDT_htx_2021-01-01_2024-01-01_funding_history.csv,True
ETH-USDT:htx,2022-09-04T03:00:00+00:00,2022-09,1832,2022-03-08T03:00:00+00:00,2022-09-03T19:00:00+00:00,2022-09-04T11:00:00+00:00,2022-09-11T03:00:00+00:00,-0.0002155200211874,0.3700935068871532,7.8644709869256667e-05,8.4085414984826144e-05,0.44111425965563456,2.5631082539854533,-3.4533821195828307,0.0020504813259702142,True,21,0.0001266260329892275,0.22687798250880628,0.59594043741407809,data/ETH-USDT/ETH-USDT_htx_2021-01-01_2024-01-01_funding_history.csv,True
ETH-USDT:htx,2022-09-11T19:00:00+00:00,2022-09,1855,2022-03-15T19:00:00+00:00,2022-09-11T11:00:00+00:00,2022-09-12T03:00:00+00:00,2022-09-18T19:00:00+00:00,-0.00021806734087150001,0.4149623471689014,7.8982941107835796e-05,8.6568890227428695e-05,0.50599540041025226,2.5190035392460999,-1.9874620819250581,0.010412082433897983,True,12,0.00015467335189532104,0.25754278303292216,0.79281770184478617,data/ETH-USDT/ETH-USDT_htx_2021-01-01_2024-01-01_funding_history.csv,True
ETH-USDT:htx,2022-09-20T19:00:00+00:00,2022-09,1882,2022-03-24T19:00:00+00:00,2022-09-20T11:00:00+00:00,2022-09-21T03:00:00+00:00,2022-09-27T19:00:00+00:00,-0.0002191647446192,0.65532053251854772,0.00013890946505389244,0.00018327086828163024,0.34388849969311408,1.1958515102488196,1.7755520810393512,0.0035020613866317547,True,9,0.0004166278852136529,0.24400065349198613,0.9368234243724417,data/ETH-USDT/ETH-USDT_htx_2021-01-01_2024-01-01_funding_history.csv,True
ETH-USDT:htx,2023-10-29T19:00:00+00:00,2023-10,3094,2023-05-02T19:00:00+00:00,2023-10-29T11:00:00+00:00,2023-10-30T03:00:00+00:00,2023-11-05T19:00:00+00:00,0.00016047338028010001,0.58291622968393797,8.5284980253384247e-05,8.5277549641476962e-05,0.38300114804539975,1.881777571644127,19.396016745202882,0.0027376048087825993,True,21,0.00022427489557614577,0.25350364341594683,0.91109145032588501,data/ETH-USDT/ETH-USDT_htx_2021-01-01_2024-01-01_funding_history.csv,True
ETH-USDT:htx,2023-11-08T03:00:00+00:00,2023-11,3122,2023-05-12T03:00:00+00:00,2023-11-07T19:00:00+00:00,2023-11-08T11:00:00+00:00,2023-11-15T03:00:00+00:00,0.00037632280535439998,0.58904003853419507,8.679428630393951e-05,8.6848525245230575e-05,2.0738144555076348,4.3330937893509756,19.600702029693114,0.0065893769421369007,True,21,0.0005393856306807332,0.59114926557703795,4.9941787947372358,data/ETH-USDT/ETH-USDT_htx_2021-01-01_2024-01-01_funding_history.csv,True
ETH-USDT:htx,2023-11-17T03:00:00+00:00,2023-11,3149,2023-05-21T03:00:00+00:00,2023-11-16T19:00:00+00:00,2023-11-17T11:00:00+00:00,2023-11-24T03:00:00+00:00,0.00027885506900859999,0.63618744800592641,9.9483024659177975e-05,0.00010501813510913525,1.0143085458958936,2.6553039503016573,18.745951573627053,0.0029306640370193996,True,21,0.00048758840649801061,0.41816830037389929,2.6710903844643594,data/ETH-USDT/ETH-USDT_htx_2021-01-01_2024-01-01_funding_history.csv,True
ETH-USDT:htx,2023-11-25T03:00:00+00:00,2023-11,3173,2023-05-29T03:00:00+00:00,2023-11-24T19:00:00+00:00,2023-11-25T11:00:00+00:00,2023-12-02T03:00:00+00:00,0.00056201017619320005,0.64521177682238251,0.00010054351553904817,0.00010501968649096918,4.1632457972277157,5.3514745184611483,19.768562413376255,0.0034742442028686993,True,21,0.0010219589739285861,0.84818885391098531,11.142016371594547,data/ETH-USDT/ETH-USDT_htx_2021-01-01_2024-01-01_funding_history.csv,True
ETH-USDT:htx,2023-12-08T11:00:00+00:00,2023-12,3213,2023-06-11T11:00:00+00:00,2023-12-08T03:00:00+00:00,2023-12-08T19:00:00+00:00,2023-12-15T11:00:00+00:00,0.00035599554519600001,0.62329905407264619,0.00011056780533388239,0.00011462335018273828,1.2803264716223834,3.1057855544132509,19.102808067448873,0.0036014362517431992,True,21,0.00058901060780915018,0.46876424568422825,3.2930584606346915,data/ETH-USDT/ETH-USDT_htx_2021-01-01_2024-01-01_funding_history.csv,True
ETH-USDT:htx,2023-12-17T19:00:00+00:00,2023-12,3241,2023-06-20T19:00:00+00:00,2023-12-17T11:00:00+00:00,2023-12-18T03:00:00+00:00,2023-12-24T19:00:00+00:00,0.00092790514747910003,0.61120425776680676,0.00011740525874712392,0.00011991910949563217,7.4076777480500207,7.737758822441033,19.329835279681998,0.0045706098320749001,True,21,0.0014586611084040936,1.1245075479958959,18.625275804635866,data/ETH-USDT/ETH-USDT_htx_2021-01-01_2024-01-01_funding_history.csv,True
ETH-USDT:kucoin,2021-08-12T23:00:00+00:00,2021-08,671,2021-02-13T23:00:00+00:00,2021-08-12T15:00:00+00:00,2021-08-13T07:00:00+00:00,2021-08-19T23:00:00+00:00,0.0017179999999999999,0.72983325885105088,0.00049166556260215254,0.00059646162681266856,2.2635032790787073,2.8803194082753194,17.023320443701731,0.020676,True,21,0.0046348084088008107,0.62238930201400966,6.9580434205684556,data/ETH-USDT/ETH-USDT_kucoin_2021-01-01_2024-01-01_funding_history.csv,True
ETH-USDT:kucoin,2021-08-21T15:00:00+00:00,2021-08,697,2021-02-22T15:00:00+00:00,2021-08-21T07:00:00+00:00,2021-08-21T23:00:00+00:00,2021-08-28T15:00:00+00:00,0.00172,0.66210289355947238,0.00051764732165625207,0.00058520871041191586,1.5632936647945705,2.9391223496815844,16.549425956093305,0.015718999999999997,True,21,0.0033697220506359697,0.52044651233920081,4.3089111195161953,data/ETH-USDT/ETH-USDT_kucoin_2021-01-01_2024-01-01_funding_history.csv,True
ETH-USDT:kucoin,2021-09-03T23:00:00+00:00,2021-09,737,2021-03-07T23:00:00+00:00,2021-09-03T15:00:00+00:00,2021-09-04T07:00:00+00:00,2021-09-10T23:00:00+00:00,0.0019580000000000001,0.63138781445639924,0.00056918650642452152,0.00061568268043450192,1.5025026402447867,3.1802096473108401,17.04676435348259,0.023112000000000001,True,21,0.0033536010511959536,0.50856346162339716,3.9223981524226583,data/ETH-USDT/ETH-USDT_kucoin_2021-01-01_2024-01-01_funding_history.csv,True
ETH-USDT:kucoin,2021-10-16T07:00:00+00:00,2021-10,864,2021-04-19T07:00:00+00:00,2021-10-15T23:00:00+00:00,2021-10-16T15:00:00+00:00,2021-10-23T07:00:00+00:00,0.0023909999999999999,0.6357775078439567,0.00051006118278874217,0.00057008813557185751,2.8327420886843098,4.1940883361860859,15.334341009740815,0.024343999999999998,True,21,0.0041733597390946229,0.69878418986278645,7.4542496260841142,data/ETH-USDT/ETH-USDT_kucoin_2021-01-01_2024-01-01_funding_history.csv,True
ETH-USDT:kucoin,2021-12-04T15:00:00+00:00,2021-12,1012,2021-06-07T15:00:00+00:00,2021-12-04T07:00:00+00:00,2021-12-04T23:00:00+00:00,2021-12-11T15:00:00+00:00,0.0027339999999999999,0.67036531186771253,0.00049554247993040907,0.00055083878039203398,4.4437504109098995,4.9633397235652179,17.710393733575192,0.0014720000000000004,True,0,0.0055587779797449631,0.87767778850182276,12.421782494336089,data/ETH-USDT/ETH-USDT_kucoin_2021-01-01_2024-01-01_funding_history.csv,True
ETH-USDT:kucoin,2022-05-11T23:00:00+00:00,2022-05,1487,2021-11-12T23:00:00+00:00,2022-05-11T15:00:00+00:00,2022-05-12T07:00:00+00:00,2022-05-18T23:00:00+00:00,-0.00365,0.35574644575299158,0.00017780414450340842,0.00017877480884780157,23.805483875739682,20.41674676384298,-12.28374738365663,0.00095900000000000011,True,0,0.002015471265857762,1.631311923701859,30.529368097252988,data/ETH-USDT/ETH-USDT_kucoin_2021-01-01_2024-01-01_funding_history.csv,True
ETH-USDT:kucoin,2022-06-12T15:00:00+00:00,2022-06,1582,2021-12-14T15:00:00+00:00,2022-06-12T07:00:00+00:00,2022-06-12T23:00:00+00:00,2022-06-19T15:00:00+00:00,-0.00013799999999999999,0.1001833849236749,0.00018748631736376621,0.00018703025317203144,0.013748335442378433,0.73784854406985612,-6.2884958770001296,0.0018889999999999998,True,9,1.5364583058176173e-05,0.016173516676926535,0.0027463844547552167,data/ETH-USDT/ETH-USDT_kucoin_2021-01-01_2024-01-01_funding_history.csv,True
ETH-USDT:kucoin,2022-06-19T23:00:00+00:00,2022-06,1604,2021-12-21T23:00:00+00:00,2022-06-19T15:00:00+00:00,2022-06-20T07:00:00+00:00,2022-06-26T23:00:00+00:00,-0.00016799999999999999,0.089844371668768921,0.0001921796108265961,0.00019200508314865883,0.018515963810668491,0.87497683522225789,-5.211355593602268,0.00097100000000000007,True,0,1.6583817064371436e-05,0.017216679134675457,0.0031093925623862173,data/ETH-USDT/ETH-USDT_kucoin_2021-01-01_2024-01-01_funding_history.csv,True
ETH-USDT:kucoin,2022-06-30T15:00:00+00:00,2022-06,1636,2022-01-01T15:00:00+00:00,2022-06-30T07:00:00+00:00,2022-06-30T23:00:00+00:00,2022-07-07T15:00:00+00:00,-0.00018000000000000001,0.070263240951813258,0.00019393376528811725,0.00019384521013337213,0.018940518704805946,0.92857594921305442,-4.1597887929528126,0.0016920000000000004,True,5,1.3603187405727704e-05,0.014280864438368892,0.002137046146546025,data/ETH-USDT/ETH-USDT_kucoin_2021-01-01_2024-01-01_funding_history.csv,True
ETH-USDT:kucoin,2022-07-07T23:00:00+00:00,2022-07,1658,2022-01-08T23:00:00+00:00,2022-07-07T15:00:00+00:00,2022-07-08T07:00:00+00:00,2022-07-14T23:00:00+00:00,-0.00019900000000000001,0.068171471678434861,0.00019569430392781247,0.00019575461407283517,0.022479604408964026,1.0165788476687314,-3.22999307493845,0.00048399999999999995,True,0,1.4558604347995445e-05,0.015178804631465655,0.002414060497086225,data/ETH-USDT/ETH-USDT_kucoin_2021-01-01_2024-01-01_funding_history.csv,True
ETH-USDT:kucoin,2022-07-15T23:00:00+00:00,2022-07,1682,2022-01-16T23:00:00+00:00,2022-07-15T15:00:00+00:00,2022-07-16T07:00:00+00:00,2022-07-22T23:00:00+00:00,-0.000195,0.070103117902800841,0.00019592147220169693,0.00019606588388921566,0.021761353357299222,0.994563644280828,-2.7830457268162574,3.8999999999999972e-05,True,2,1.4700670853112151e-05,0.015278950789337265,0.0024461855879821929,data/ETH-USDT/ETH-USDT_kucoin_2021-01-01_2024-01-01_funding_history.csv,True
ETH-USDT:kucoin,2022-07-24T23:00:00+00:00,2022-07,1709,2022-01-25T23:00:00+00:00,2022-07-24T15:00:00+00:00,2022-07-25T07:00:00+00:00,2022-07-31T23:00:00+00:00,-0.00021599999999999999,0.072137179759001135,0.00019583684795551018,0.00019656010036033739,0.027014597864546623,1.0989005378203667,-2.4141548836059847,-0.00075300000000000009,False,0,1.6793032857914431e-05,0.017424815116773316,0.0031817999807703034,data/ETH-USDT/ETH-USDT_kucoin_2021-01-01_2024-01-01_funding_history.csv,True
ETH-USDT:kucoin,2022-08-05T15:00:00+00:00,2022-08,1744,2022-02-06T15:00:00+00:00,2022-08-05T07:00:00+00:00,2022-08-05T23:00:00+00:00,2022-08-12T15:00:00+00:00,-0.000222,0.06409729597089335,0.00019286391154436428,0.000192866070945784,0.02815727447689104,1.1510578242785159,-3.2897478301598944,0.00042899999999999997,True,1,1.5204144238796622e-05,0.016151398467565723,0.0027330110501026321,data/ETH-USDT/ETH-USDT_kucoin_2021-01-01_2024-01-01_funding_history.csv,True
ETH-USDT:kucoin,2022-08-23T23:00:00+00:00,2022-08,1799,2022-02-24T23:00:00+00:00,2022-08-23T15:00:00+00:00,2022-08-24T07:00:00+00:00,2022-08-30T23:00:00+00:00,-0.000193,0.063379026649115461,0.00019375098258999515,0.00019387267602484869,0.021000790269631687,0.99549871574095961,-2.6078788906201016,0.0028179999999999998,True,1,1.3059874262175822e-05,0.013820103241038198,0.0020009487096682549,data/ETH-USDT/ETH-USDT_kucoin_2021-01-01_2024-01-01_funding_history.csv,True
ETH-USDT:kucoin,2022-08-31T15:00:00+00:00,2022-08,1822,2022-03-04T15:00:00+00:00,2022-08-31T07:00:00+00:00,2022-08-31T23:00:00+00:00,2022-09-07T15:00:00+00:00,-0.00027700000000000001,0.075922465201262113,0.0001965740722313123,0.00019693419271216096,0.044969499835437646,1.4065612283229212,-1.5409704001633087,0.0013110000000000001,True,2,2.2758396421064396e-05,0.023434710239106281,0.0057560994357444741,data/ETH-USDT/ETH-USDT_kucoin_2021-01-01_2024-01-01_funding_history.csv,True
ETH-USDT:kucoin,2022-09-07T23:00:00+00:00,2022-09,1844,2022-03-11T23:00:00+00:00,2022-09-07T15:00:00+00:00,2022-09-08T07:00:00+00:00,2022-09-14T23:00:00+00:00,-0.000241,0.076874502886462623,0.00019779987338309446,0.00019822468856303666,0.033782938265341206,1.2157920476356836,-0.80020397938926391,0.010344000000000001,True,0,2.0069595362242325e-05,0.020517801787866566,0.0044125625111934453,data/ETH-USDT/ETH-USDT_kucoin_2021-01-01_2024-01-01_funding_history.csv,True
ETH-USDT:kucoin,2022-09-15T07:00:00+00:00,2022-09,1866,2022-03-19T07:00:00+00:00,2022-09-14T23:00:00+00:00,2022-09-15T15:00:00+00:00,2022-09-22T07:00:00+00:00,-0.0030000000000000001,0.39865829376458034,0.00023492863429712012,0.00025202925384060465,10.352585189597342,11.903380081017673,1.480202622717337,0.0011640000000000001,True,1,0.0019888440532077716,1.1422547897389161,15.406687106430377,data/ETH-USDT/ETH-USDT_kucoin_2021-01-01_2024-01-01_funding_history.csv,True
ETH-USDT:kucoin,2022-09-23T15:00:00+00:00,2022-09,1891,2022-03-27T15:00:00+00:00,2022-09-23T07:00:00+00:00,2022-09-23T23:00:00+00:00,2022-09-30T15:00:00+00:00,-0.00033799999999999998,0.44777355273702624,0.00025429767957840717,0.00028326241621612363,0.12837525058459712,1.1932398392807348,2.3228525907592537,0.0024030000000000002,True,11,0.00027406773880496975,0.13433300761555975,0.22152239952104327,data/ETH-USDT/ETH-USDT_kucoin_2021-01-01_2024-01-01_funding_history.csv,True
ETH-USDT:kucoin,2022-10-05T07:00:00+00:00,2022-10,1926,2022-04-08T07:00:00+00:00,2022-10-04T23:00:00+00:00,2022-10-05T15:00:00+00:00,2022-10-12T07:00:00+00:00,-0.00028699999999999998,0.44406403281378953,0.0002549745935222043,0.00028261458873980662,0.091123257082335693,1.015517285500894,3.3043671072726011,0.00069000000000000008,True,7,0.00022924649583521781,0.11276397372050065,0.15560371285564328,data/ETH-USDT/ETH-USDT_kucoin_2021-01-01_2024-01-01_funding_history.csv,True
ETH-USDT:kucoin,2022-11-09T15:00:00+00:00,2022-11,2032,2022-05-13T15:00:00+00:00,2022-11-09T07:00:00+00:00,2022-11-09T23:00:00+00:00,2022-11-16T15:00:00+00:00,-0.00048500000000000003,0.70197852767729552,0.0001640356350987926,0.00022647819276837438,1.4424007271044847,2.1414865337433313,4.5967247916238572,0.0047360000000000006,True,5,0.001141722470272405,0.49923735479654208,4.2464199696368246,data/ETH-USDT/ETH-USDT_kucoin_2021-01-01_2024-01-01_funding_history.csv,True
ETH-USDT:kucoin,2022-11-23T15:00:00+00:00,2022-11,2074,2022-05-27T15:00:00+00:00,2022-11-23T07:00:00+00:00,2022-11-23T23:00:00+00:00,2022-11-30T15:00:00+00:00,-0.000386,0.68219920166408243,0.00017745147839971887,0.00023688747684337292,0.72237121888182854,1.6294656228502042,5.6481949341477824,0.0024589999999999994,True,0,0.00082832787601815993,0.35382165345522626,2.0595641858682763,data/ETH-USDT/ETH-USDT_kucoin_2021-01-01_2024-01-01_funding_history.csv,True
ETH-USDT:kucoin,2022-12-07T15:00:00+00:00,2022-12,2116,2022-06-10T15:00:00+00:00,2022-12-07T07:00:00+00:00,2022-12-07T23:00:00+00:00,2022-12-14T15:00:00+00:00,0.0030000000000000001,0.66659461799784669,0.00018296169743109265,0.00023740947345815737,38.703834977878962,12.636395491306038,-6.7354884118989897,-0.0021160000000000007,False,0,0.0059968553078292176,2.5900265549972441,107.50116219805093,data/ETH-USDT/ETH-USDT_kucoin_2021-01-01_2024-01-01_funding_history.csv,True
ETH-USDT:kucoin,2023-01-11T07:00:00+00:00,2023-01,2220,2022-07-15T07:00:00+00:00,2023-01-10T23:00:00+00:00,2023-01-11T15:00:00+00:00,2023-01-18T07:00:00+00:00,-0.00034200000000000002,0.40570021972893178,0.00025810423558030786,0.00027967765148676616,0.11362888030777657,1.2228363552894852,4.0683961264645001,-0.0016290000000000002,False,2,0.00023346714727478824,0.12071356297000838,0.17295939474135311,data/ETH-USDT/ETH-USDT_kucoin_2021-01-01_2024-01-01_funding_history.csv,True
ETH-USDT:kucoin,2023-03-15T07:00:00+00:00,2023-03,2409,2022-09-16T07:00:00+00:00,2023-03-14T23:00:00+00:00,2023-03-15T15:00:00+00:00,2023-03-22T07:00:00+00:00,0.00027399999999999999,0.011280313934712743,0.00019687967584846488,0.00019670378200939426,0.025215490021753169,1.3929574571520653,1.3977300366258592,0.0018879999999999999,True,21,3.1260690584724528e-06,0.0034276460848770233,0.00012324434383505263,data/ETH-USDT/ETH-USDT_kucoin_2021-01-01_2024-01-01_funding_history.csv,True
ETH-USDT:kucoin,2023-05-28T15:00:00+00:00,2023-05,2632,2022-11-29T15:00:00+00:00,2023-05-28T07:00:00+00:00,2023-05-28T23:00:00+00:00,2023-06-04T15:00:00+00:00,-0.00014100000000000001,-0.092023946368961662,0.00016313288928909394,0.00016583344452624285,,0.85025068617981348,-7.3621666224043674,-0.0010450000000000001,False,0,,,,data/ETH-USDT/ETH-USDT_kucoin_2021-01-01_2024-01-01_funding_history.csv,False
ETH-USDT:kucoin,2023-07-09T07:00:00+00:00,2023-07,2757,2023-01-10T07:00:00+00:00,2023-07-08T23:00:00+00:00,2023-07-09T15:00:00+00:00,2023-07-16T07:00:00+00:00,0.0001,0.72474687738793697,6.2566735171328759e-05,7.0324982553623546e-05,0.46328564805823769,1.4219697804226108,20.689571814171391,0.0017180000000000003,True,21,0.0002629969163203431,0.28189345445120373,1.4131801169852478,data/ETH-USDT/ETH-USDT_kucoin_2021-01-01_2024-01-01_funding_history.csv,True
ETH-USDT:kucoin,2023-07-16T15:00:00+00:00,2023-07,2779,2023-01-17T15:00:00+00:00,2023-07-16T07:00:00+00:00,2023-07-16T23:00:00+00:00,2023-07-23T15:00:00+00:00,0.0001,0.73970121847300474,5.7714642989549066e-05,6.2010779319989737e-05,0.58133821902024996,1.612622855197114,24.063145687900093,0.0020999999999999999,True,21,0.00028366835382693026,0.31462712880127608,1.8136875345163046,data/ETH-USDT/ETH-USDT_kucoin_2021-01-01_2024-01-01_funding_history.csv,True
ETH-USDT:kucoin,2023-07-24T07:00:00+00:00,2023-07,2802,2023-01-25T07:00:00+00:00,2023-07-23T23:00:00+00:00,2023-07-24T15:00:00+00:00,2023-07-31T07:00:00+00:00,0.0001,0.75254910661162799,5.6457323536199918e-05,6.0951077727770604e-05,0.64431822962353624,1.6406600790003403,24.795692288442101,0.001573,True,9,0.00030334384246219514,0.32993171577285618,2.0485051820335132,data/ETH-USDT/ETH-USDT_kucoin_2021-01-01_2024-01-01_funding_history.csv,True
ETH-USDT:kucoin,2023-07-31T15:00:00+00:00,2023-07,2824,2023-02-01T15:00:00+00:00,2023-07-31T07:00:00+00:00,2023-07-31T23:00:00+00:00,2023-08-07T15:00:00+00:00,0.0001,0.74255643610687661,5.6860894548790173e-05,6.0980135810874335e-05,0.60667832914571374,1.6398782762659478,24.411977425799588,0.0020990000000000002,True,21,0.00028787827429792599,0.32115165642524029,1.9007765032645827,data/ETH-USDT/ETH-USDT_kucoin_2021-01-01_2024-01-01_funding_history.csv,True
ETH-USDT:kucoin,2023-08-07T23:00:00+00:00,2023-08,2846,2023-02-08T23:00:00+00:00,2023-08-07T15:00:00+00:00,2023-08-08T07:00:00+00:00,2023-08-14T23:00:00+00:00,0.0001,0.74501790195274631,5.6761596097680806e-05,6.0958831813896261e-05,0.61564765367266283,1.640451383735406,24.481219622881664,0.0018230000000000002,True,3,0.000291580227308045,0.32328204022385287,1.9358994186236453,data/ETH-USDT/ETH-USDT_kucoin_2021-01-01_2024-01-01_funding_history.csv,True
ETH-USDT:kucoin,2023-08-15T07:00:00+00:00,2023-08,2868,2023-02-16T07:00:00+00:00,2023-08-14T23:00:00+00:00,2023-08-15T15:00:00+00:00,2023-08-22T07:00:00+00:00,0.0001,0.75771905680025931,5.5768084917325584e-05,6.0636179168432301e-05,0.67663814919215726,1.6491804294301715,24.840718481030549,0.00089399999999999983,True,10,0.00031182169983376298,0.33749607108774282,2.167416965151912,data/ETH-USDT/ETH-USDT_kucoin_2021-01-01_2024-01-01_funding_history.csv,True
ETH-USDT:kucoin,2023-08-28T15:00:00+00:00,2023-08,2908,2023-03-01T15:00:00+00:00,2023-08-28T07:00:00+00:00,2023-08-28T23:00:00+00:00,2023-09-04T15:00:00+00:00,0.0001,0.73982326929545117,5.6106652430669665e-05,6.2011767989650363e-05,0.61547426731775445,1.6125971447337188,22.646407397531249,0.00076999999999999996,True,1,0.00028384649627346046,0.32372184981558438,1.9205352893049381,data/ETH-USDT/ETH-USDT_kucoin_2021-01-01_2024-01-01_funding_history.csv,True
ETH-USDT:kucoin,2023-09-06T15:00:00+00:00,2023-09,2935,2023-03-10T15:00:00+00:00,2023-09-06T07:00:00+00:00,2023-09-06T23:00:00+00:00,2023-09-13T15:00:00+00:00,0.0001,0.73748388804001763,5.5937809687440206e-05,6.2082298950014625e-05,0.61275538062690471,1.6107650923255066,22.23597365723635,0.00046700000000000008,True,7,0.00028045975474724842,0.32321137579055698,1.9054001821084336,data/ETH-USDT/ETH-USDT_kucoin_2021-01-01_2024-01-01_funding_history.csv,True
ETH-USDT:kucoin,2023-09-28T23:00:00+00:00,2023-09,3002,2023-04-01T23:00:00+00:00,2023-09-28T15:00:00+00:00,2023-09-29T07:00:00+00:00,2023-10-05T23:00:00+00:00,-0.000106,0.76280374384624983,5.1169311599244634e-05,5.8753191731614246e-05,0.92537548467895703,1.8041573040697112,-22.786187505429812,-0.00028699999999999998,False,9,0.00033973046544470649,0.39393356283311076,2.9858736223056872,data/ETH-USDT/ETH-USDT_kucoin_2021-01-01_2024-01-01_funding_history.csv,True
ETH-USDT:kucoin,2023-10-11T07:00:00+00:00,2023-10,3039,2023-04-14T07:00:00+00:00,2023-10-10T23:00:00+00:00,2023-10-11T15:00:00+00:00,2023-10-18T07:00:00+00:00,0.0001,0.80801994316761605,4.583402689703278e-05,5.3081548005679994e-05,1.3037728963957769,1.883893815404545,26.376896782521335,-0.0016019999999999999,False,3,0.00041610081062981634,0.45677782920440102,4.4763354723441973,data/ETH-USDT/ETH-USDT_kucoin_2021-01-01_2024-01-01_funding_history.csv,True
ETH-USDT:kucoin,2023-10-20T07:00:00+00:00,2023-10,3066,2023-04-23T07:00:00+00:00,2023-10-19T23:00:00+00:00,2023-10-20T15:00:00+00:00,2023-10-27T07:00:00+00:00,-0.000113,0.77445494946253335,5.0206034161343113e-05,6.2587755721227325e-05,1.1571574252480563,1.8054649619218541,-19.438149224572889,-0.0011280000000000001,False,9,0.00038619821351952989,0.43837622196238762,3.7957678484432757,data/ETH-USDT/ETH-USDT_kucoin_2021-01-01_2024-01-01_funding_history.csv,True
ETH-USDT:kucoin,2023-10-27T15:00:00+00:00,2023-10,3088,2023-04-30T15:00:00+00:00,2023-10-27T07:00:00+00:00,2023-10-27T23:00:00+00:00,2023-11-03T15:00:00+00:00,0.00014200000000000001,0.77772818954538459,5.1198000092711138e-05,6.553412774474653e-05,1.7866693739193,2.1668099490556396,18.098655983056958,0.0049259999999999998,True,21,0.00049432455013146727,0.54390318292047157,5.8875600307510343,data/ETH-USDT/ETH-USDT_kucoin_2021-01-01_2024-01-01_funding_history.csv,True
ETH-USDT:kucoin,2023-11-03T23:00:00+00:00,2023-11,3110,2023-05-07T23:00:00+00:00,2023-11-03T15:00:00+00:00,2023-11-04T07:00:00+00:00,2023-11-10T23:00:00+00:00,0.00025500000000000002,0.82937245289325623,5.2360963783953903e-05,7.4591022873586032e-05,7.4015899624716877,3.4186419514874347,17.692444852011263,0.005862,True,21,0.0012151060658743104,1.0708544686614903,26.122516694289974,data/ETH-USDT/ETH-USDT_kucoin_2021-01-01_2024-01-01_funding_history.csv,True
ETH-USDT:kucoin,2023-11-11T07:00:00+00:00,2023-11,3132,2023-05-15T07:00:00+00:00,2023-11-10T23:00:00+00:00,2023-11-11T15:00:00+00:00,2023-11-18T07:00:00+00:00,0.000571,0.87626303148046791,5.6616582437099087e-05,9.126472397348816e-05,44.959290876108369,6.2565247024235999,16.889377094812989,0.0073730000000000002,True,21,0.003791223835510065,2.4965444167132929,167.54646690879562,data/ETH-USDT/ETH-USDT_kucoin_2021-01-01_2024-01-01_funding_history.csv,True
ETH-USDT:kucoin,2023-12-03T07:00:00+00:00,2023-12,3198,2023-06-06T07:00:00+00:00,2023-12-02T23:00:00+00:00,2023-12-03T15:00:00+00:00,2023-12-10T07:00:00+00:00,0.00049299999999999995,0.92048283932287533,5.5294044990294648e-05,0.00011230421492548508,56.015653924003615,4.389861950658843,17.914989062459536,0.006038,True,21,0.0047052340928653066,2.5062464686248282,213.73575192777824,data/ETH-USDT/ETH-USDT_kucoin_2021-01-01_2024-01-01_funding_history.csv,True
ETH-USDT:kucoin,2023-12-10T15:00:00+00:00,2023-12,3220,2023-06-13T15:00:00+00:00,2023-12-10T07:00:00+00:00,2023-12-10T23:00:00+00:00,2023-12-17T15:00:00+00:00,0.00035799999999999997,0.90478525488072437,6.6287430469652597e-05,0.00012334343415267056,17.01980063659304,2.9024649950712336,17.900788863974988,0.0054169999999999999,True,21,0.002985838689047646,1.4486003587914271,64.843829852510524,data/ETH-USDT/ETH-USDT_kucoin_2021-01-01_2024-01-01_funding_history.csv,True
ETH-USDT:kucoin,2023-12-20T23:00:00+00:00,2023-12,3251,2023-06-23T23:00:00+00:00,2023-12-20T15:00:00+00:00,2023-12-21T07:00:00+00:00,2023-12-27T23:00:00+00:00,0.000386,0.90704834693832326,7.0410566869275612e-05,0.00012981258788846646,17.985823729397946,2.9735174860826818,18.886007367821747,0.010869,True,21,0.0032811846608430725,1.4802342677314486,68.585914713157067,data/ETH-USDT/ETH-USDT_kucoin_2021-01-01_2024-01-01_funding_history.csv,True
ETH-USDT:mexc,2021-08-23T11:00:00+00:00,2021-08,703,2021-02-24T11:00:00+00:00,2021-08-23T03:00:00+00:00,2021-08-23T19:00:00+00:00,2021-08-30T11:00:00+00:00,0.0010894100000000001,0.63997978143698087,0.00025070212588042501,0.00027507859314429719,2.4701463806965576,3.9603590651946203,16.72408448524434,0.0024741800000000007,True,21,0.0019363943074236583,0.65291850526882278,6.5494345308045068,data/ETH-USDT/ETH-USDT_mexc_2021-01-01_2024-01-01_funding_history.csv,True
ETH-USDT:mexc,2021-09-06T03:00:00+00:00,2021-09,744,2021-03-10T03:00:00+00:00,2021-09-05T19:00:00+00:00,2021-09-06T11:00:00+00:00,2021-09-13T03:00:00+00:00,0.00080615999999999999,0.65391890565507338,0.00025706089679527013,0.00028272517165698106,1.3518102305567261,2.8513909648557259,17.211241236521012,0.0047602099999999991,True,21,0.001523032644382379,0.48372025561740351,3.6736362449201736,data/ETH-USDT/ETH-USDT_mexc_2021-01-01_2024-01-01_funding_history.csv,True
ETH-USDT:mexc,2021-10-16T19:00:00+00:00,2021-10,866,2021-04-19T19:00:00+00:00,2021-10-16T11:00:00+00:00,2021-10-17T03:00:00+00:00,2021-10-23T19:00:00+00:00,0.00057764999999999997,0.64326244737273008,0.0001731930871462343,0.00018834790900022609,1.4720806121773398,3.0669307828594294,17.724235679758923,0.0084810200000000006,True,21,0.0010415090234648274,0.50424768865192315,3.9260794775302723,data/ETH-USDT/ETH-USDT_mexc_2021-01-01_2024-01-01_funding_history.csv,True
ETH-USDT:mexc,2021-10-27T11:00:00+00:00,2021-10,898,2021-04-30T11:00:00+00:00,2021-10-27T03:00:00+00:00,2021-10-27T19:00:00+00:00,2021-11-03T11:00:00+00:00,0.00064827000000000005,0.75233450453165451,0.00015674109779072358,0.0001840793093412988,3.5095512704155425,3.5216885717343276,20.376496590646695,0.0055839599999999998,True,21,0.0019642529099442967,0.7700713241613294,11.154567301810786,data/ETH-USDT/ETH-USDT_mexc_2021-01-01_2024-01-01_funding_history.csv,True
ETH-USDT:mexc,2022-05-10T19:00:00+00:00,2022-05,1484,2021-11-11T19:00:00+00:00,2022-05-10T11:00:00+00:00,2022-05-11T03:00:00+00:00,2022-05-17T19:00:00+00:00,0.00014999999999999999,0.6590755863644211,8.0719645647791128e-05,8.8546823996427584e-05,0.48358793019650193,1.694018974707119,17.902042997254849,-0.00037700000000000027,False,3,0.00028993451468502652,0.2894181850960259,1.3259898287890883,data/ETH-USDT/ETH-USDT_mexc_2021-01-01_2024-01-01_funding_history.csv,True
ETH-USDT:mexc,2022-05-20T11:00:00+00:00,2022-05,1513,2021-11-21T11:00:00+00:00,2022-05-20T03:00:00+00:00,2022-05-20T19:00:00+00:00,2022-05-27T11:00:00+00:00,0.00014999999999999999,0.61459944413492451,8.6312137761022258e-05,9.6332341915623891e-05,0.36224557348379965,1.5571094506493242,14.403893914637601,0.0013759999999999998,True,2,0.00023919676462879155,0.24887292196579094,0.91667622222697731,data/ETH-USDT/ETH-USDT_mexc_2021-01-01_2024-01-01_funding_history.csv,True
ETH-USDT:mexc,2022-05-31T11:00:00+00:00,2022-05,1546,2021-12-02T11:00:00+00:00,2022-05-31T03:00:00+00:00,2022-05-31T19:00:00+00:00,2022-06-07T11:00:00+00:00,0.00014999999999999999,0.56932756808719986,8.7038905518344256e-05,9.5036764179602629e-05,0.30783467343974774,1.5783365658002264,13.436543777728353,0.002062,True,4,0.00019829110595163203,0.22607158862141472,0.71217943825648211,data/ETH-USDT/ETH-USDT_mexc_2021-01-01_2024-01-01_funding_history.csv,True
ETH-USDT:mexc,2022-06-08T03:00:00+00:00,2022-06,1569,2021-12-10T03:00:00+00:00,2022-06-07T19:00:00+00:00,2022-06-08T11:00:00+00:00,2022-06-15T03:00:00+00:00,0.00014999999999999999,0.56300037745127962,8.689384254586734e-05,9.4526084113792221e-05,0.30285481354451554,1.5868635774589717,13.266486029867135,-0.00049600000000000002,False,7,0.00019324861060889464,0.2236259384378084,0.69143561285128163,data/ETH-USDT/ETH-USDT_mexc_2021-01-01_2024-01-01_funding_history.csv,True
ETH-USDT:mexc,2022-06-16T19:00:00+00:00,2022-06,1595,2021-12-18T19:00:00+00:00,2022-06-16T11:00:00+00:00,2022-06-17T03:00:00+00:00,2022-06-23T19:00:00+00:00,-0.000155,0.55275862041379931,8.7226062237989442e-05,9.650227313664025e-05,0.3109846447955999,1.606179781698315,-11.496491844543149,0.0016369999999999998,True,8,0.00019156825430207032,0.22553142668516016,0.69464991632466433,data/ETH-USDT/ETH-USDT_mexc_2021-01-01_2024-01-01_funding_history.csv,True
ETH-USDT:mexc,2022-06-27T03:00:00+00:00,2022-06,1626,2021-12-29T03:00:00+00:00,2022-06-26T19:00:00+00:00,2022-06-27T11:00:00+00:00,2022-07-04T03:00:00+00:00,-0.00015300000000000001,0.54778010662607568,8.9936384481712785e-05,0.00010166316553680351,0.28073865940490239,1.5049698599500312,-9.3170680062540416,0.0014499999999999999,True,4,0.00018533037993174111,0.21375415706534939,0.6203483130159817,data/ETH-USDT/ETH-USDT_mexc_2021-01-01_2024-01-01_funding_history.csv,True
ETH-USDT:mexc,2022-07-04T11:00:00+00:00,2022-07,1648,2022-01-05T11:00:00+00:00,2022-07-04T03:00:00+00:00,2022-07-04T19:00:00+00:00,2022-07-11T11:00:00+00:00,-0.00019000000000000001,0.54350016429768544,9.0260729880702352e-05,0.00010378993147851175,0.42430330235238295,1.8306207287489813,-7.6186012321859096,-0.0003340000000000001,False,0,0.00022620982364649492,0.26220546797040972,0.92882004183383149,data/ETH-USDT/ETH-USDT_mexc_2021-01-01_2024-01-01_funding_history.csv,True
ETH-USDT:mexc,2022-07-12T19:00:00+00:00,2022-07,1673,2022-01-13T19:00:00+00:00,2022-07-12T11:00:00+00:00,2022-07-13T03:00:00+00:00,2022-07-19T19:00:00+00:00,-0.000156,0.54141476866804761,8.8475409280410814e-05,0.00010191996764545813,0.29582935895525042,1.5306127307915394,-6.9810665199745152,0.00083900000000000001,True,6,0.00018417620969395871,0.21869767202537094,0.64460646499654617,data/ETH-USDT/ETH-USDT_mexc_2021-01-01_2024-01-01_funding_history.csv,True
ETH-USDT:mexc,2022-07-26T19:00:00+00:00,2022-07,1715,2022-01-27T19:00:00+00:00,2022-07-26T11:00:00+00:00,2022-07-27T03:00:00+00:00,2022-08-02T19:00:00+00:00,0.00014999999999999999,0.5573124211919751,8.6273431896577007e-05,0.00010170439999843725,0.30189010730107702,1.474862444518672,6.2740208178960017,0.001611,True,2,0.00018883853511980904,0.22269209304654278,0.68096177650928968,data/ETH-USDT/ETH-USDT_mexc_2021-01-01_2024-01-01_funding_history.csv,True
ETH-USDT:mexc,2022-08-07T03:00:00+00:00,2022-08,1749,2022-02-08T03:00:00+00:00,2022-08-06T19:00:00+00:00,2022-08-07T11:00:00+00:00,2022-08-14T03:00:00+00:00,0.00014999999999999999,0.58953115326166461,8.2572891487182044e-05,9.8086906772251831e-05,0.36460534699625796,1.5292560947842433,7.8378166823755633,0.000145,True,3,0.00021543250669267945,0.2479107072283481,0.87890474993340018,data/ETH-USDT/ETH-USDT_mexc_2021-01-01_2024-01-01_funding_history.csv,True
ETH-USDT:mexc,2022-08-19T11:00:00+00:00,2022-08,1786,2022-02-20T11:00:00+00:00,2022-08-19T03:00:00+00:00,2022-08-19T19:00:00+00:00,2022-08-26T11:00:00+00:00,0.00014999999999999999,0.59982613812848407,8.0591409688426916e-05,9.688623651593346e-05,0.39571918267689343,1.54820752042868,7.6178160374810489,0.00034600000000000001,True,6,0.00022483217299829367,0.25910749188782473,0.97342900876756611,data/ETH-USDT/ETH-USDT_mexc_2021-01-01_2024-01-01_funding_history.csv,True
ETH-USDT:mexc,2022-08-27T03:00:00+00:00,2022-08,1809,2022-02-28T03:00:00+00:00,2022-08-26T19:00:00+00:00,2022-08-27T11:00:00+00:00,2022-09-03T03:00:00+00:00,-0.00015699999999999999,0.60150506194949038,7.9775720738159233e-05,9.6593513929654518e-05,0.44485803671365148,1.6253679322023349,-7.0425847503860473,0.0012829999999999999,True,4,0.00023697694036958549,0.27485794518993434,1.0978810374849344,data/ETH-USDT/ETH-USDT_mexc_2021-01-01_2024-01-01_funding_history.csv,True
ETH-USDT:mexc,2022-09-06T03:00:00+00:00,2022-09,1839,2022-03-10T03:00:00+00:00,2022-09-05T19:00:00+00:00,2022-09-06T11:00:00+00:00,2022-09-13T03:00:00+00:00,-0.00021499999999999999,0.57179889808024964,8.1807049652477182e-05,9.8147431634380928e-05,0.72145568110981606,2.1905820297052556,-5.0759836449212843,0.0041379999999999993,True,21,0.00028709823785987699,0.34644499989227157,1.6776730623268175,data/ETH-USDT/ETH-USDT_mexc_2021-01-01_2024-01-01_funding_history.csv,True
ETH-USDT:mexc,2022-09-13T11:00:00+00:00,2022-09,1861,2022-03-17T11:00:00+00:00,2022-09-13T03:00:00+00:00,2022-09-13T19:00:00+00:00,2022-09-20T11:00:00+00:00,-0.00052999999999999998,0.63744277722792519,8.4066818386653683e-05,0.00010799129366761573,5.1535982644743683,4.9078030459684694,-2.1773340634921277,0.0094200000000000013,True,7,0.00093176532612690682,0.94275910684528685,13.602296398359876,data/ETH-USDT/ETH-USDT_mexc_2021-01-01_2024-01-01_funding_history.csv,True
ETH-USDT:mexc,2022-11-09T03:00:00+00:00,2022-11,2031,2022-05-13T03:00:00+00:00,2022-11-08T19:00:00+00:00,2022-11-09T11:00:00+00:00,2022-11-16T03:00:00+00:00,-0.00033500000000000001,0.77855593818199664,0.0001384915913525456,0.00022037798381733024,1.3647653641378383,1.5201155496443746,1.0316099570582302,0.0020250000000000003,True,7,0.0011716575586577537,0.47518162910700296,4.502451882226298,data/ETH-USDT/ETH-USDT_mexc_2021-01-01_2024-01-01_funding_history.csv,True
ETH-USDT:mexc,2023-01-14T11:00:00+00:00,2023-01,2230,2022-07-18T11:00:00+00:00,2023-01-14T03:00:00+00:00,2023-01-14T19:00:00+00:00,2023-01-21T11:00:00+00:00,0.000669,0.77736554155218485,0.00014021198909677321,0.00022270939166573809,5.277769282550695,3.0039146306146542,-0.037292534266654409,0.003079999999999999,True,21,0.002324133604330324,0.9349710192493329,17.382902859314438,data/ETH-USDT/ETH-USDT_mexc_2021-01-01_2024-01-01_funding_history.csv,True
ETH-USDT:mexc,2023-03-15T03:00:00+00:00,2023-03,2409,2022-09-16T03:00:00+00:00,2023-03-14T19:00:00+00:00,2023-03-15T11:00:00+00:00,2023-03-22T03:00:00+00:00,0.00031799999999999998,0.67340762918839558,7.4610512399238212e-05,9.0362460531714732e-05,2.6823394486004264,3.5191604802349392,12.792440827707781,0.0019380000000000001,True,21,0.00065552845842243505,0.68190819662530966,7.5365477840659674,data/ETH-USDT/ETH-USDT_mexc_2021-01-01_2024-01-01_funding_history.csv,True
ETH-USDT:mexc,2023-06-28T03:00:00+00:00,2023-06,2724,2022-12-30T03:00:00+00:00,2023-06-27T19:00:00+00:00,2023-06-28T11:00:00+00:00,2023-07-05T03:00:00+00:00,0.0001,0.81227020521958038,4.9379178253272043e-05,5.8098405633610927e-05,1.1516286156308821,1.7212176291142194,26.313899831160018,0.0017260000000000003,True,21,0.00042718662587134029,0.42805278129402974,3.9760986882541829,data/ETH-USDT/ETH-USDT_mexc_2021-01-01_2024-01-01_funding_history.csv,True
ETH-USDT:mexc,2023-07-05T11:00:00+00:00,2023-07,2746,2023-01-06T11:00:00+00:00,2023-07-05T03:00:00+00:00,2023-07-05T19:00:00+00:00,2023-07-12T11:00:00+00:00,0.0001,0.81350653170435916,4.8936839322197668e-05,5.6810170888568656e-05,1.1811818835077132,1.7602481815473998,26.67198779340605,0.0011170000000000002,True,9,0.00043049334556147353,0.43313191932630996,4.0847254212663442,data/ETH-USDT/ETH-USDT_mexc_2021-01-01_2024-01-01_funding_history.csv,True
ETH-USDT:mexc,2023-07-14T03:00:00+00:00,2023-07,2772,2023-01-15T03:00:00+00:00,2023-07-13T19:00:00+00:00,2023-07-14T11:00:00+00:00,2023-07-21T03:00:00+00:00,0.0001,0.85076684834654515,3.9689904139999285e-05,4.6513323910198197e-05,2.2932611378893881,2.149921605109685,31.713284132809811,0.0012900000000000001,True,2,0.00055095129127211433,0.58362868609657637,8.3085289600883172,data/ETH-USDT/ETH-USDT_mexc_2021-01-01_2024-01-01_funding_history.csv,True
ETH-USDT:mexc,2023-07-24T03:00:00+00:00,2023-07,2802,2023-01-25T03:00:00+00:00,2023-07-23T19:00:00+00:00,2023-07-24T11:00:00+00:00,2023-07-31T03:00:00+00:00,0.0001,0.83175661545313417,3.970652331456455e-05,4.3402824574701632e-05,2.010256173872198,2.3039975158272852,32.072481331892611,0.001371,True,0,0.00048404987698122198,0.55691696683214131,7.1161237717773087,data/ETH-USDT/ETH-USDT_mexc_2021-01-01_2024-01-01_funding_history.csv,True
ETH-USDT:mexc,2023-08-01T19:00:00+00:00,2023-08,2828,2023-02-02T19:00:00+00:00,2023-08-01T11:00:00+00:00,2023-08-02T03:00:00+00:00,2023-08-08T19:00:00+00:00,0.0001,0.81471015257065216,4.0439627933451706e-05,4.3145880172749539e-05,1.7421933624985064,2.3177183916428459,31.292025775861386,0.0018360000000000002,True,21,0.00043374908277935367,0.52557584510753874,6.0342547547192433,data/ETH-USDT/ETH-USDT_mexc_2021-01-01_2024-01-01_funding_history.csv,True
ETH-USDT:mexc,2023-08-09T03:00:00+00:00,2023-08,2850,2023-02-10T03:00:00+00:00,2023-08-08T19:00:00+00:00,2023-08-09T11:00:00+00:00,2023-08-16T03:00:00+00:00,0.0001,0.80834564718627733,4.0718155476278064e-05,4.2905088620825796e-05,1.6550976540477154,2.3307258699253866,31.202854635037543,0.0014330000000000002,True,21,0.00041693518994608561,0.51454252271337597,5.6850037277652836,data/ETH-USDT/ETH-USDT_mexc_2021-01-01_2024-01-01_funding_history.csv,True
ETH-USDT:mexc,2023-08-16T19:00:00+00:00,2023-08,2873,2023-02-17T19:00:00+00:00,2023-08-16T11:00:00+00:00,2023-08-17T03:00:00+00:00,2023-08-23T19:00:00+00:00,0.0001,0.81339445514582986,4.0402206255594158e-05,4.2620777210625721e-05,1.7317637267578012,2.3462734972150896,31.599809534531744,-0.00041100000000000007,False,3,0.00043019202449116336,0.52449425059440646,5.9878542008625981,data/ETH-USDT/ETH-USDT_mexc_2021-01-01_2024-01-01_funding_history.csv,True
ETH-USDT:mexc,2023-08-29T19:00:00+00:00,2023-08,2912,2023-03-02T19:00:00+00:00,2023-08-29T11:00:00+00:00,2023-08-30T03:00:00+00:00,2023-09-05T19:00:00+00:00,-0.000126,0.77364113971962412,4.2767020239057323e-05,4.7245519275336942e-05,1.9746391151323306,2.6669195710538922,-25.425211106261234,-0.00031100000000000002,False,0,0.00042867288534431327,0.57286531391579432,6.4699350988039761,data/ETH-USDT/ETH-USDT_mexc_2021-01-01_2024-01-01_funding_history.csv,True
ETH-USDT:mexc,2023-09-16T03:00:00+00:00,2023-09,2964,2023-03-20T03:00:00+00:00,2023-09-15T19:00:00+00:00,2023-09-16T11:00:00+00:00,2023-09-23T03:00:00+00:00,0.0001,0.75523444094652736,4.1376269183475299e-05,4.6034974671566289e-05,1.2148262064947071,2.172261431953507,23.643706279726405,0.00041999999999999991,True,3,0.0003077049352795597,0.45261725438934941,3.877414146301942,data/ETH-USDT/ETH-USDT_mexc_2021-01-01_2024-01-01_funding_history.csv,True
ETH-USDT:mexc,2023-09-27T03:00:00+00:00,2023-09,2997,2023-03-31T03:00:00+00:00,2023-09-26T19:00:00+00:00,2023-09-27T11:00:00+00:00,2023-10-04T03:00:00+00:00,0.0001,0.74643268265751106,4.1298669954396887e-05,4.5681107037412528e-05,1.170516562992463,2.1890888046583603,23.119394293520873,0.00055500000000000005,True,5,0.00029373915787152981,0.44557150758688308,3.6883491889681559,data/ETH-USDT/ETH-USDT_mexc_2021-01-01_2024-01-01_funding_history.csv,True
ETH-USDT:mexc,2023-10-06T03:00:00+00:00,2023-10,3024,2023-04-09T03:00:00+00:00,2023-10-05T19:00:00+00:00,2023-10-06T11:00:00+00:00,2023-10-13T03:00:00+00:00,0.0001,0.73830443062777706,4.1347896315664283e-05,4.5579788618296146e-05,1.1255895674905754,2.1939548872734149,22.613750504690202,0.001286,True,21,0.00028164102299565856,0.43796309118343296,3.5043755364261595,data/ETH-USDT/ETH-USDT_mexc_2021-01-01_2024-01-01_funding_history.csv,True
ETH-USDT:mexc,2023-10-24T03:00:00+00:00,2023-10,3078,2023-04-27T03:00:00+00:00,2023-10-23T19:00:00+00:00,2023-10-24T11:00:00+00:00,2023-10-31T03:00:00+00:00,0.0001,0.73435888051532938,4.0401439202334354e-05,4.3922270065847422e-05,1.1584838793797869,2.2767493540311539,23.063478031896455,0.0020999999999999999,True,21,0.00027602537797284167,0.44477473249377486,3.5855662430075359,data/ETH-USDT/ETH-USDT_mexc_2021-01-01_2024-01-01_funding_history.csv,True
ETH-USDT:mexc,2023-10-31T11:00:00+00:00,2023-10,3100,2023-05-04T11:00:00+00:00,2023-10-31T03:00:00+00:00,2023-10-31T19:00:00+00:00,2023-11-07T11:00:00+00:00,0.0001,0.75987118267832943,3.9905712389605753e-05,4.4619804957374446e-05,1.3351201934018104,2.2411572640339994,23.670263900071301,0.0023719999999999991,True,21,0.0003154526895164843,0.47370473412408159,4.2899319273626997,data/ETH-USDT/ETH-USDT_mexc_2021-01-01_2024-01-01_funding_history.csv,True
ETH-USDT:mexc,2023-11-07T19:00:00+00:00,2023-11,3122,2023-05-11T19:00:00+00:00,2023-11-07T11:00:00+00:00,2023-11-08T03:00:00+00:00,2023-11-14T19:00:00+00:00,0.0001,0.78124442777986047,4.0504380057445669e-05,4.6689205029448368e-05,1.4415632374912886,2.1418227176266296,23.805506077130957,0.0042719999999999998,True,21,0.00035512972276648445,0.48773872444815181,4.7735734242293102,data/ETH-USDT/ETH-USDT_mexc_2021-01-01_2024-01-01_funding_history.csv,True
ETH-USDT:mexc,2023-11-15T03:00:00+00:00,2023-11,3144,2023-05-19T03:00:00+00:00,2023-11-14T19:00:00+00:00,2023-11-15T11:00:00+00:00,2023-11-22T03:00:00+00:00,0.0001,0.76147704917943237,5.1954652264582343e-05,6.1532686357856556e-05,0.79376742481706497,1.6251525151758941,20.749841838112591,0.0020999999999999999,True,21,0.00031820234029362722,0.36503266187368549,2.5563654805262073,data/ETH-USDT/ETH-USDT_mexc_2021-01-01_2024-01-01_funding_history.csv,True
ETH-USDT:mexc,2023-11-22T11:00:00+00:00,2023-11,3166,2023-05-26T11:00:00+00:00,2023-11-22T03:00:00+00:00,2023-11-22T19:00:00+00:00,2023-11-29T11:00:00+00:00,0.0001,0.77610711684566402,5.1562190456139018e-05,6.1735091713073108e-05,0.86640476547961098,1.6198242721460778,21.500161238320459,0.0020999999999999999,True,21,0.0003449507946090074,0.37904059199034518,2.8485958405600571,data/ETH-USDT/ETH-USDT_mexc_2021-01-01_2024-01-01_funding_history.csv,True
ETH-USDT:mexc,2023-11-29T19:00:00+00:00,2023-11,3188,2023-06-02T19:00:00+00:00,2023-11-29T11:00:00+00:00,2023-11-30T03:00:00+00:00,2023-12-06T19:00:00+00:00,0.0001,0.78659297175170073,5.1221808193514801e-05,6.1790161989902601e-05,0.92704278938452223,1.6183806091387403,22.125902848978324,0.0020999999999999999,True,21,0.00036620420333975629,0.39007720226116799,3.0924864802284322,data/ETH-USDT/ETH-USDT_mexc_2021-01-01_2024-01-01_funding_history.csv,True
ETH-USDT:mexc,2023-12-07T03:00:00+00:00,2023-12,3210,2023-06-10T03:00:00+00:00,2023-12-06T19:00:00+00:00,2023-12-07T11:00:00+00:00,2023-12-14T03:00:00+00:00,0.0001,0.80042327927290435,5.0657215480442456e-05,6.1803862048559425e-05,1.0220327926806363,1.6180218627992826,22.874379380232302,0.0033039999999999992,True,21,0.00039731999330217931,0.40639078059365602,3.4737976680844245,data/ETH-USDT/ETH-USDT_mexc_2021-01-01_2024-01-01_funding_history.csv,True
ETH-USDT:mexc,2023-12-18T03:00:00+00:00,2023-12,3243,2023-06-21T03:00:00+00:00,2023-12-17T19:00:00+00:00,2023-12-18T11:00:00+00:00,2023-12-25T03:00:00+00:00,0.00015300000000000001,0.82646411556177368,5.1364595919923038e-05,6.4532312022666004e-05,2.7179163125018451,2.3709052907675314,24.366572175624487,0.0044430000000000008,True,21,0.00071535043179067235,0.6505083230194344,9.557134855080724,data/ETH-USDT/ETH-USDT_mexc_2021-01-01_2024-01-01_funding_history.csv,True
