signal,next_signal,next_return
0.5522302909059693,0.5840091118191412,0.40998684134922025
0.5840091118191412,-0.1577960561688987,0.7245110089595396
-0.1577960561688987,-0.5208742535402432,0.27650189537201086
-0.5208742535402432,0.3978371925069774,-0.41150021414048976
0.3978371925069774,0.4900601832516006,-0.1349781114543775
0.4900601832516006,-0.20649195122847647,0.6015320978129644
-0.20649195122847647,-0.05748694990039743,-0.38070978292549973
-0.05748694990039743,0.03300901368174433,0.4851660927891567
0.03300901368174433,0.7775815365384915,-0.32783739386284433
0.7775815365384915,0.4039111520297788,0.3606587195844816
0.4039111520297788,0.35282708715163236,-0.08266885882443181
0.35282708715163236,0.19607935122738682,-0.2434458032388514
0.19607935122738682,-0.15731331992870795,0.026144811239452392
-0.15731331992870795,-0.051880578292168286,-0.13847608901814967
-0.051880578292168286,-0.3859193179998992,-0.055316118360166124
-0.3859193179998992,-0.5905713910057528,-0.6647037626542625
-0.5905713910057528,-0.5471323592783279,-0.3431104619270127
-0.5471323592783279,-0.03541418886500508,-0.14935859220047365
-0.03541418886500508,-0.5051339516665514,-0.22260337074452816
-0.5051339516665514,-0.46951139117616325,-0.6674467824185917
-0.46951139117616325,0.15696507893669676,-0.48791620290304605
0.15696507893669676,0.542662487181527,0.003223797754501434
0.542662487181527,0.539296810016601,0.5127876906235171
0.539296810016601,0.41077875220953675,0.7192509749136845
0.41077875220953675,0.23543683343714597,0.22362666034373407
0.23543683343714597,-0.36147188145707954,0.5809153189404909
-0.36147188145707954,0.07594981826445157,-0.19574117438477678
0.07594981826445157,0.08311787275349843,-0.11569396478560255
0.08311787275349843,-0.5244825012257205,0.13510750940869307
-0.5244825012257205,-0.2838196741587081,0.03710752859188465
-0.2838196741587081,-0.3828242103134335,0.1952038483932195
-0.3828242103134335,-0.3195661407709793,0.27697580507468167
-0.3195661407709793,0.3719388154899055,-0.08097238496978104
0.3719388154899055,0.07210745230008236,-0.39126450817697206
0.07210745230008236,0.3616198256646048,0.2834669899493461
0.3616198256646048,0.5345619877486996,0.695196649383381
0.5345619877486996,0.1380123042009295,0.1943326380078981
0.1380123042009295,0.11977058109749883,0.2157656926061434
0.11977058109749883,-0.5910002105233273,0.2327354815056446
-0.5910002105233273,0.1038915265139464,-1.0042852506701778
0.1038915265139464,-0.11073240818762373,0.436631973891467
-0.11073240818762373,-1.115699992371362,0.04364442382319807
-1.115699992371362,-1.0074643057727979,-0.9978895974981326
-1.0074643057727979,0.2512524144252948,-0.8675101878073264
0.2512524144252948,0.031967533172173546,-0.19277455038601238
0.031967533172173546,0.15000537475995948,-0.35641687518913917
0.15000537475995948,0.47540957914684684,-0.19178803089609966
0.47540957914684684,0.40680323774836646,0.5969982561004166
0.40680323774836646,-0.5005387289790624,0.4999902308078178
-0.5005387289790624,-0.3735381906518268,-0.32703238989659467
-0.3735381906518268,-0.1893944511987,-0.16287953519911857
-0.1893944511987,0.027707536321543658,-0.16837431987128473
0.027707536321543658,-0.06367087782219497,0.6596908205113469
-0.06367087782219497,-0.06314207104227562,0.048106133998848354
-0.06314207104227562,-0.07570855211888547,0.19021072038804335
-0.07570855211888547,0.3188833505681831,-0.01092807990715517
0.3188833505681831,-0.10219619786012793,0.22596079539564415
-0.10219619786012793,0.40285656575357653,-0.23568863921870054
0.40285656575357653,-0.023990640983905187,-0.20714170404249366
-0.023990640983905187,0.37338239240535387,-0.3420536853975132
0.37338239240535387,-0.6941272065690106,0.270138969696304
-0.6941272065690106,-0.44182449488834297,-0.5543421127154253
-0.44182449488834297,-0.3194542460813947,-0.6934323909623445
-0.3194542460813947,0.3483373558186723,-0.43250586715638584
0.3483373558186723,0.30490104093572895,0.2839384961134958
0.30490104093572895,-0.024583149923800618,0.2447523181653702
-0.024583149923800618,0.39103162134054176,-0.4139203355520449
0.39103162134054176,-0.13887674616578438,0.4622943172031995
-0.13887674616578438,-0.43027415174362527,0.1586222822072213
-0.43027415174362527,-0.12107503763750235,-0.1536305871780398
-0.12107503763750235,0.5015992433506575,0.007007184976030242
0.5015992433506575,0.4897589382945647,0.7358398165474519
0.4897589382945647,0.28547137819160157,0.48227537937534626
0.28547137819160157,-1.1532778271859272,0.7330079104188126
-1.1532778271859272,-1.4475183495256636,-0.9144240190029966
-1.4475183495256636,-1.2044763532481881,-1.8638915799207147
-1.2044763532481881,-0.8761793777995319,-0.7525007280553587
-0.8761793777995319,-0.44818445284323605,-0.8006367260639173
-0.44818445284323605,0.6241495843932188,-0.7229603560640148
0.6241495843932188,0.6041085207846483,0.6835001817150864
0.6041085207846483,0.5234121965269857,0.5485575005616158
0.5234121965269857,0.471635249095956,0.7416630181176628
0.471635249095956,0.11789379408920775,0.38730884104706625
0.11789379408920775,0.0503763521311741,0.12558291656703208
0.0503763521311741,-0.503838073939239,0.12113936909050524
-0.503838073939239,0.18340102217360998,-0.5300262384805239
0.18340102217360998,-0.14685574597686912,-0.05349280907259091
-0.14685574597686912,0.23209398908304105,-0.4936317243226106
0.23209398908304105,-0.10159599599938202,-0.8974643356790143
-0.10159599599938202,0.0757418289983188,0.21518414658830048
0.0757418289983188,0.2800524918051688,-0.06853808626680868
0.2800524918051688,0.17048914899989986,0.3612991724238148
0.17048914899989986,-0.09984430314841859,0.28840397426596165
-0.09984430314841859,0.03893298924543909,-0.06686984822042533
0.03893298924543909,0.04654095156393026,-0.02783095389402
0.04654095156393026,-0.6871587621620894,0.22176704010778145
-0.6871587621620894,-1.030605000742867,-0.40030818676797264
-1.030605000742867,0.12036609793865982,-0.9141719791909535
0.12036609793865982,-0.6653056864416318,0.13971384298800824
-0.6653056864416318,0.07375696253626107,-0.5372228423175834
0.07375696253626107,0.23389381456698846,0.5361692597332313
0.23389381456698846,0.5074119698795374,0.2926154550275154
0.5074119698795374,0.3513237347260633,0.4009262978023868
0.3513237347260633,0.10575994347515992,0.9238827993194105
0.10575994347515992,0.025667469739086166,0.10042700942608106
0.025667469739086166,0.6364894405471169,0.28645477428299043
0.6364894405471169,0.894967009870046,0.24719394147912638
0.894967009870046,0.7519626253519006,0.725934383867906
0.7519626253519006,0.842791384727951,0.14365812358664082
0.842791384727951,0.6460196792767305,0.5073148853816551
0.6460196792767305,1.27097964359214,0.6719391949559248
1.27097964359214,0.015034129377071936,1.444462903966309
0.015034129377071936,0.19400963289812315,-0.6338015234431574
0.19400963289812315,-0.10896291289649908,0.2909452866257719
-0.10896291289649908,-0.585282102404215,0.18993458234976068
-0.585282102404215,-1.149228542999472,-0.32993029423266573
-1.149228542999472,-0.4927723179611691,-0.9497943533967269
-0.4927723179611691,-0.1864034741178618,-0.352632611646571
-0.1864034741178618,-0.4876598781400041,-0.020449229046678535
-0.4876598781400041,-0.4118482097461488,-0.5486046848707431
-0.4118482097461488,0.13097570864363314,0.08612276269021335
0.13097570864363314,-0.44328949828935343,0.518795983169821
-0.44328949828935343,-0.8760083059260588,-0.13079593369961495
-0.8760083059260588,-0.37187739019182964,-0.8853672953810193
-0.37187739019182964,0.03042158845478174,-0.3495925117786332
0.03042158845478174,-0.23741762012804393,0.24031609769428144
-0.23741762012804393,-0.839169940805231,-0.4138410629653817
-0.839169940805231,-0.46294861722047376,-0.5325036578408273
-0.46294861722047376,-0.0757363092340689,-0.5843624278574678
-0.0757363092340689,-0.5272602997757739,0.5602187951175183
-0.5272602997757739,-0.25093193443980094,-0.3637798314525302
-0.25093193443980094,-0.40467134401307103,0.38229747465854796
-0.40467134401307103,-0.5625062299336587,-0.15558576004653482
-0.5625062299336587,-0.5205003429738758,-0.19573306940311347
-0.5205003429738758,-0.5150676772955789,-0.57457710207626
-0.5150676772955789,-0.5964481920812821,-0.9972219150169728
-0.5964481920812821,-0.41848117129346063,-0.09112510051621314
-0.41848117129346063,0.5513812663571322,-0.04779209938188711
0.5513812663571322,0.7753793906704128,0.3684260611962329
0.7753793906704128,0.45782554784064816,0.22396664966697205
0.45782554784064816,0.3716397760733312,0.08614834611502498
0.3716397760733312,0.14711587784560273,-0.0035667803587609015
0.14711587784560273,0.23772030655486692,0.5628106967794205
0.23772030655486692,0.34158326638256953,0.3557837118413181
0.34158326638256953,0.3878061289832645,0.6838999102467751
0.3878061289832645,0.4674003605407278,0.34505915436609375
0.4674003605407278,-0.12254711363121706,0.3994155717197371
-0.12254711363121706,0.2632802828010098,-0.2918181870014456
0.2632802828010098,0.09133504418817494,0.37712609605522696
0.09133504418817494,-0.34623549216088423,0.10508494359171014
-0.34623549216088423,0.42054754890516755,-0.6895546641677591
0.42054754890516755,-0.3179436540244904,0.5250117510717875
-0.3179436540244904,0.2788883892349204,-0.3562711784821413
0.2788883892349204,0.15984352328491935,0.543237353842231
0.15984352328491935,0.6480473824017883,-0.209131082492995
0.6480473824017883,0.3013871018687012,0.42993279547145935
0.3013871018687012,0.4187387254807262,0.4653309757518108
0.4187387254807262,0.2211231923486786,-0.26780334578331366
0.2211231923486786,0.5868535622881361,-0.2349300731756873
0.5868535622881361,0.5116326306945338,0.6487198594392024
0.5116326306945338,0.25884471761278,-0.07904047320380608
0.25884471761278,0.36195035052012936,-0.25591803101871446
0.36195035052012936,0.15231037485557786,0.0768716048898754
0.15231037485557786,0.20614174425397508,0.03801103457279392
0.20614174425397508,-0.12304919538036513,-0.32492090954281405
-0.12304919538036513,0.30671698677195236,-0.24081446243624144
0.30671698677195236,-0.20186010169483268,-0.026354295632247643
-0.20186010169483268,-0.5629456552187309,-0.17572828521676742
-0.5629456552187309,-0.0981433814348961,-0.43197326174785666
-0.0981433814348961,0.6353208197603387,0.13277363322198316
0.6353208197603387,0.4626470109253237,0.6865860838705475
0.4626470109253237,0.8591757129899169,0.7051799608867659
0.8591757129899169,0.48993159423378474,1.3380148815191801
0.48993159423378474,0.07158621411945304,0.8504441300317725
0.07158621411945304,0.644673638896482,-0.16639056182751893
0.644673638896482,-0.18918199356858073,0.2564352394311165
-0.18918199356858073,-0.7684003354449068,-0.3802685225700277
-0.7684003354449068,-0.2229987823004242,-0.7481700419133468
-0.2229987823004242,0.2443654632609625,-0.7075368086724307
0.2443654632609625,0.3528875591275963,-0.11742980632416866
0.3528875591275963,0.5787386429335827,0.4895091907744517
0.5787386429335827,-0.08991818386756734,0.7123743457569107
-0.08991818386756734,-0.11253162787995574,0.07676970239948462
-0.11253162787995574,-0.12713919882210506,0.0848561691408298
-0.12713919882210506,0.3154136078740354,0.21892364031340203
0.3154136078740354,0.5258432332059322,0.7175087026845399
0.5258432332059322,-0.06334391141931234,0.4256275076497968
-0.06334391141931234,1.0336506573867985,-0.2365755178732447
1.0336506573867985,0.5946031306466276,0.8471234955427859
0.5946031306466276,-0.028923588717993498,0.5291632919031828
-0.028923588717993498,0.20118584273796453,-0.3669272747043058
0.20118584273796453,0.5071114816677227,-0.024351154476296294
0.5071114816677227,0.6559569804396093,0.16784315604714592
0.6559569804396093,0.6203839454826456,0.5569468875214503
0.6203839454826456,0.2831494355681715,-0.0037449491860205297
0.2831494355681715,0.6738979694353867,-0.2052293076706476
0.6738979694353867,0.5170855106493493,0.41556066458385044
0.5170855106493493,0.14692205622038612,1.0870275778114855
0.14692205622038612,-0.5094747084035749,-0.11023131098803422
-0.5094747084035749,-0.3468088285088652,-0.8035470219129934
-0.3468088285088652,-0.22356941330852964,0.18581550188201607
-0.22356941330852964,0.2037625906356292,-0.013262960617388353
0.2037625906356292,0.1307082739691314,0.3873318663571427
0.1307082739691314,0.6299398702940869,0.1699302801642173
0.6299398702940869,0.36964808092025286,0.4145237800646232
0.36964808092025286,0.6489488453542809,0.2637369574237895
0.6489488453542809,0.10406305764367657,0.5946116804091905
0.10406305764367657,-0.18294928813672218,0.32198781409400923
-0.18294928813672218,0.37971474644897496,0.1993673477575996
0.37971474644897496,0.048975525020702876,0.45976116337069717
0.048975525020702876,-0.2501160612047246,0.28428294245480334
-0.2501160612047246,0.30712768110601185,-0.3324938509642159
0.30712768110601185,0.6484239113074541,0.35977280512417115
0.6484239113074541,-0.3864828514340314,0.3174090394599013
-0.3864828514340314,-0.1542300771794454,0.018972565972590838
-0.1542300771794454,0.5144000209224548,-0.04935208690405876
0.5144000209224548,0.43937383773520244,0.18726753987278166
0.43937383773520244,0.7452347491533209,0.26588467551512174
0.7452347491533209,0.15804435122207783,0.9414584823671981
0.15804435122207783,0.5884196673483704,0.7843774285205938
0.5884196673483704,0.9232873673008457,0.7988480553156243
0.9232873673008457,0.6757191261180575,1.2309510070600145
0.6757191261180575,0.40096598655349036,0.3032041622919063
0.40096598655349036,0.4302448236529398,0.23492994347420346
0.4302448236529398,0.13491615916481237,0.1522286965685014
0.13491615916481237,0.19386501365862166,-0.0659027546910414
0.19386501365862166,-0.09588284417024015,0.03959161780168301
-0.09588284417024015,0.16816645557775875,0.23000964388963602
0.16816645557775875,-0.11362710459857737,-0.07092806786176825
-0.11362710459857737,0.4329454754722666,-0.08595903846478482
0.4329454754722666,0.04756563744896258,0.30900522297242067
0.04756563744896258,0.5905369237110821,-0.3230559786460793
0.5905369237110821,0.09819820768957965,0.3721114207884786
0.09819820768957965,-0.23960246857542003,0.15254723981626667
-0.23960246857542003,0.18517174198598096,-0.5473338231072856
0.18517174198598096,-0.20236415193736873,0.28266670608785516
-0.20236415193736873,-0.6107098972577253,-0.5474053829303004
-0.6107098972577253,-0.21363204996025373,-0.4147002628959818
-0.21363204996025373,-0.1433129986887941,-0.17484921040361898
-0.1433129986887941,0.3111502078675661,0.06050854421429788
0.3111502078675661,0.09817715098582189,0.4794616312928084
0.09817715098582189,0.4534629039547241,-0.6963183679235367
0.4534629039547241,-0.07985987674475159,0.6507313241671546
-0.07985987674475159,-0.47283458184438026,0.3058201289935296
-0.47283458184438026,-0.6256418652302262,-0.4549082323406701
-0.6256418652302262,-0.6396313025557505,-0.10608469505209245
-0.6396313025557505,0.07721373891796973,-0.526111678783107
0.07721373891796973,-0.13909145812013982,0.03926840096435985
-0.13909145812013982,0.7608899327257442,-0.17573431876231155
0.7608899327257442,1.1016255269877848,0.6689867919728542
1.1016255269877848,0.798748873029744,1.129336232173386
0.798748873029744,1.0198919865996918,0.4122215704333068
1.0198919865996918,-0.07589903831769929,0.8774400327007643
-0.07589903831769929,0.45862741099523013,0.005765013994139853
0.45862741099523013,-0.3680891523443341,0.4959907870898429
-0.3680891523443341,-0.7750838220079534,-0.05834897584030119
-0.7750838220079534,0.0025565402824194727,-1.1077054218452873
0.0025565402824194727,0.16738386257734222,-0.11708265002417356
0.16738386257734222,-0.3591708451977341,0.17531689000924255
-0.3591708451977341,-0.8185017226658582,-0.2923187352928165
-0.8185017226658582,-1.0697533378132915,-0.8162873860692752
-1.0697533378132915,-0.5622013317129602,-1.106039299308304
-0.5622013317129602,-0.04408426099518109,-0.38169960209814424
-0.04408426099518109,-0.2978231943905807,-0.27575201705646946
-0.2978231943905807,-0.3556802835854184,0.009606233008918136
-0.3556802835854184,-0.24440511428951284,-0.08918902317773872
-0.24440511428951284,-0.5328741066591983,-0.2272863086152737
-0.5328741066591983,-0.16829240745166069,-0.04233371283381149
-0.16829240745166069,-0.0962951966800749,-0.10724100763766634
-0.0962951966800749,0.34612460281576474,-0.32769114235520297
0.34612460281576474,1.2679097924980576,0.012342322006106077
1.2679097924980576,0.42885859353229927,0.9973689211750849
0.42885859353229927,-0.1724244729409697,0.8234477836073404
-0.1724244729409697,-1.1977981234884845,-0.27334714501328516
-1.1977981234884845,-0.6235130058219294,-0.6523844556645408
-0.6235130058219294,-0.707278104341527,-1.0497305370734837
-0.707278104341527,-0.03659875765155357,-1.061055885550798
-0.03659875765155357,-0.24723690124194053,-0.22494908732967095
-0.24723690124194053,-0.13381556263056804,-0.199765604869399
-0.13381556263056804,0.21983659633887126,0.09346928566619495
0.21983659633887126,-0.06510660637046028,0.3538457381486016
-0.06510660637046028,-0.18919475845705835,-0.5037896680628822
-0.18919475845705835,-0.26052764011482765,-0.2631692174279321
-0.26052764011482765,-0.24074243318560248,0.07624267011067332
-0.24074243318560248,-0.04912146447922422,-0.3004055423509472
-0.04912146447922422,0.7578659850533257,0.22379268680773096
0.7578659850533257,-0.2070186386260125,0.9003285789303666
-0.2070186386260125,0.4012727762213328,0.07358415467583385
0.4012727762213328,0.2474208092749704,0.8617224550299503
0.2474208092749704,-0.4475854231438595,0.03368050561280442
-0.4475854231438595,-0.3517340490906058,-0.2176425833585988
-0.3517340490906058,-0.05520959097371067,-0.36545658369662143
-0.05520959097371067,0.16875649959543013,0.17236050338099818
0.16875649959543013,-0.3077719148088414,-0.07541354508936882
-0.3077719148088414,-0.24993072250321574,-0.1863747686908444
-0.24993072250321574,-0.14224367167258264,-0.25687447922531165
-0.14224367167258264,-0.4237147735687046,-0.46859769286340563
-0.4237147735687046,0.34517551389819706,-0.3792811318827431
0.34517551389819706,0.02008948972528604,0.3245057314780974
0.02008948972528604,-0.06839805922636433,-0.07013041699328032
-0.06839805922636433,-0.2390599147208115,0.01845378886071307
-0.2390599147208115,0.26823850082245976,0.0007724451136482124
0.26823850082245976,0.298246456123362,0.29874649621576477
0.298246456123362,-0.6841610253086536,0.5005639509018079
-0.6841610253086536,0.00495965537118187,-0.36150792225295036
0.00495965537118187,0.6829605134122867,-0.2819243537854474
0.6829605134122867,0.03132724681624405,0.3559596999997853
0.03132724681624405,-0.32907617740131123,0.17833686489474518
-0.32907617740131123,-0.21622151792618483,-0.4570083218688715
-0.21622151792618483,0.49568720110573894,-0.10911851876297228
0.49568720110573894,-0.040432924106196644,0.32158875409164267
-0.040432924106196644,0.30809758650812546,-0.26469761921046364
0.30809758650812546,0.5039041131362568,-0.07975329129264086
0.5039041131362568,0.07026416445656636,0.2018696260618819
0.07026416445656636,-0.5790710549619342,-0.2593210471197833
-0.5790710549619342,-0.6291085696698608,-0.25606282463293784
-0.6291085696698608,-1.3096273242570957,-0.5452784827504031
-1.3096273242570957,-1.143547039854107,-1.2004712193230749
-1.143547039854107,0.20678411612836167,-1.2613454053319582
0.20678411612836167,0.31493763690400717,0.04965681618412923
0.31493763690400717,0.4124430260016172,0.2371359823840409
0.4124430260016172,0.6536461520606367,0.37732539826486466
0.6536461520606367,0.44757155021969686,0.44642074860178904
0.44757155021969686,0.4320580468353067,0.3971990532731958
0.4320580468353067,0.1056535965689886,0.4555233429054045
0.1056535965689886,-0.02991444878519227,-0.030484059045459214
-0.02991444878519227,0.23099486225671853,-0.3825883978630033
0.23099486225671853,-0.22950402978778955,0.1361291145295537
-0.22950402978778955,0.32409757384126064,-0.09789415985814905
0.32409757384126064,-0.37470726996181203,0.3154547381449559
-0.37470726996181203,-0.43074028374861206,-0.2714833013483516
-0.43074028374861206,0.2029801232423522,-0.4668566781713751
0.2029801232423522,0.2695922614015295,0.16945970052212744
0.2695922614015295,-0.35336772134274275,0.09364321436381703
-0.35336772134274275,0.43497875556452237,0.10576411938979358
0.43497875556452237,0.09861893788823342,0.3129446323101386
0.09861893788823342,0.23904662141582106,0.10935310663732478
0.23904662141582106,0.20691454543538607,0.5025150652370323
0.20691454543538607,0.08510720371170384,0.24136913188709647
0.08510720371170384,0.1870415867973265,0.3385107716997482
0.1870415867973265,0.651852987071529,0.07788830050621214
0.651852987071529,0.193463612683378,0.3764992336383176
0.193463612683378,-0.02026890992331193,0.4576347725068562
-0.02026890992331193,0.8111140644481512,-0.11104783490516884
0.8111140644481512,0.28183803023828247,0.5188202646029616
0.28183803023828247,0.5100489204088334,0.17643042266839712
0.5100489204088334,0.6789024260204546,1.093251676345445
0.6789024260204546,0.8964503085968567,0.17103206121955
0.8964503085968567,0.7130279827212955,0.5866348699337661
0.7130279827212955,0.5612866291719085,1.0605027558949662
0.5612866291719085,0.7777937491265187,0.6534256857752799
0.7777937491265187,0.7373037065388015,0.41348496146352964
0.7373037065388015,-0.039955594212564394,0.4701518609080735
-0.039955594212564394,-0.0774293107305538,-0.09890459799601911
-0.0774293107305538,-0.7603259106168895,0.0839143425156475
-0.7603259106168895,-0.5007328809112195,-0.9456221863815677
-0.5007328809112195,-0.5540781437788773,-0.5791442112507077
-0.5540781437788773,-0.16358424495310595,-0.30417689945824844
-0.16358424495310595,0.7686744341329053,-0.20133755939637796
0.7686744341329053,0.7122384329446749,1.09430614334186
0.7122384329446749,0.3064291000289901,0.41249683471878573
0.3064291000289901,-0.3740590928765511,0.6940400719194786
-0.3740590928765511,-0.03016645802556925,0.006784831890323861
-0.03016645802556925,-0.1653133767765367,-0.003455682730288741
-0.1653133767765367,-0.4110728357930829,-0.3555863086610934
-0.4110728357930829,0.21027835720134302,-0.46543218711199597
0.21027835720134302,1.0951241707288641,0.7057453610476893
1.0951241707288641,0.567944757617816,0.9643426529470841
0.567944757617816,0.4853967525893258,0.3112004805168087
0.4853967525893258,0.11482642223814393,0.6133905025194233
0.11482642223814393,-0.5225416842316672,-0.2848409327319913
-0.5225416842316672,-0.6924029343212872,-0.3042036814265009
-0.6924029343212872,-0.21425559647847434,-0.7212112344497527
-0.21425559647847434,-0.17045981932168897,-0.5247810935231174
-0.17045981932168897,-1.0293603803407352,-0.3526656128000677
-1.0293603803407352,-0.6704789595515128,-0.6334016032387491
-0.6704789595515128,-0.8046276931539768,-1.0103453961257218
-0.8046276931539768,-0.4265329836567492,-0.3178943691663015
-0.4265329836567492,-0.44595902773500057,0.5477862392598916
-0.44595902773500057,-0.2970322353929862,-0.2396982200426651
-0.2970322353929862,-0.5285341174134467,-0.45272923436224866
-0.5285341174134467,0.21630059823877745,-0.716955652973333
0.21630059823877745,-0.18330640175071408,0.14408145471949851
-0.18330640175071408,0.21223179160802152,0.1317814216057034
0.21223179160802152,-0.4244144199615716,-0.20795393846598256
-0.4244144199615716,-0.9995433033557164,-0.2425566622146857
-0.9995433033557164,-0.5091323374734756,-0.9728217666841243
-0.5091323374734756,-0.49922800653855626,-0.45610543498474
-0.49922800653855626,0.16920237011703854,0.1215143343528372
0.16920237011703854,-0.47361138436066824,-0.30897764403993
-0.47361138436066824,0.05717562025282791,-0.18796963736117855
0.05717562025282791,0.02831822417098366,0.2856330987965819
0.02831822417098366,0.03580401413229686,0.23286643744893398
0.03580401413229686,-0.43373829065553293,-0.1904351698667112
-0.43373829065553293,0.01602505419393213,-0.21691890405437012
0.01602505419393213,-0.21284017748188822,-0.20128605899759916
-0.21284017748188822,0.3057187098809414,0.06375798970888855
0.3057187098809414,0.502366040067699,-0.07917572377030302
0.502366040067699,0.46370004649505947,0.3988077971467777
0.46370004649505947,0.004922924426076392,0.002190980297330891
0.004922924426076392,0.16494123303150543,0.15750676067286154
0.16494123303150543,-0.1300467807348082,-0.12418023535037478
-0.1300467807348082,-1.0563867771726556,-0.12582359948544186
-1.0563867771726556,-0.7613268964800011,-0.5632364659157325
-0.7613268964800011,-0.9360502317123125,-0.8338653563872749
-0.9360502317123125,-0.7833065742985639,-0.9404562809637914
-0.7833065742985639,-0.828741845577141,-0.6267800447205758
-0.828741845577141,-0.7209044892421573,0.10740975792570795
-0.7209044892421573,-0.42166627325477046,-0.8272109199559059
-0.42166627325477046,-0.1855086358047019,-0.5588876292422952
-0.1855086358047019,-0.3320871042671346,-0.28068445920621615
-0.3320871042671346,0.12727906437924932,-0.45193645271975086
0.12727906437924932,0.34370227958698174,-0.15838019389038296
0.34370227958698174,-0.12535049518325317,0.16470056578540232
-0.12535049518325317,-0.15842020104994936,-0.7797173614043599
-0.15842020104994936,0.005343081895083826,-0.511377484072089
0.005343081895083826,0.29755789256224785,0.004905120184603554
0.29755789256224785,0.3033228876441641,0.4127670617395899
0.3033228876441641,0.44665472649249116,0.6396422822943505
0.44665472649249116,-0.21432225021282697,0.09364565529181762
-0.21432225021282697,-0.5027202601218212,-0.4391325980925795
-0.5027202601218212,-0.20507343588056767,-0.8408943408171605
-0.20507343588056767,-0.3151307635648821,-0.4611640796597426
-0.3151307635648821,-0.6658512631336236,-0.5397181311955237
-0.6658512631336236,-0.42055223636775435,-0.3329297394633344
-0.42055223636775435,-0.021369940156462874,-0.21671653356711112
-0.021369940156462874,-0.16825741853298176,-0.23205213783558784
-0.16825741853298176,-0.4395985447239628,0.4012202402028383
-0.4395985447239628,0.06035659950155564,-0.45795766100040913
0.06035659950155564,0.6553623185175748,0.8162532506114663
0.6553623185175748,0.8744101667714672,0.5403569957569326
0.8744101667714672,0.20775066086209482,0.8904901735732401
0.20775066086209482,0.613625066952543,0.10138434634235186
0.613625066952543,0.9401740878967128,0.9652770973938108
0.9401740878967128,0.38872100895288986,0.4443565168278778
0.38872100895288986,0.26555985272300736,0.10028666426642519
0.26555985272300736,-0.22360688802722042,-0.2319226147751031
-0.22360688802722042,0.06824210956998195,-0.2922349004462614
0.06824210956998195,-0.27995478759423337,-0.1795188885512991
-0.27995478759423337,-0.21272322165636526,0.05202637756343084
-0.21272322165636526,0.36586613683568375,-0.2301559338308568
0.36586613683568375,-0.012670714377952752,0.3663615042463647
-0.012670714377952752,1.023156407953611,-0.05893324199074987
1.023156407953611,1.0022644857106204,0.8777132257215552
1.0022644857106204,1.1088774548183107,0.8717821067315192
1.1088774548183107,0.15207897791859737,1.5696695919089434
0.15207897791859737,0.3231870323173094,0.05172246339755103
0.3231870323173094,0.4251803041048129,0.33418733795037675
0.4251803041048129,-0.17745740469844545,0.750695734597285
-0.17745740469844545,-0.21181699241436033,0.0702579011241406
-0.21181699241436033,0.2596999715585794,-1.0476065626269022
0.2596999715585794,-0.8506149975056696,0.37741410431745703
-0.8506149975056696,-0.3657100646809516,-0.6980661475633304
-0.3657100646809516,-0.573420800673682,-0.7015865787659804
-0.573420800673682,-0.6841456516242292,-0.33402788416826684
-0.6841456516242292,-0.40357086561306116,-0.5291342570654204
-0.40357086561306116,0.04708511916559002,-0.4990638884601475
0.04708511916559002,0.07017466359890247,-0.2413973504608421
0.07017466359890247,-0.37063717009279046,-0.3686105239758383
-0.37063717009279046,-0.3158950460308827,-0.3392174281260108
-0.3158950460308827,-0.3114042796145544,-0.0615591648419237
-0.3114042796145544,-1.0137242315548949,-0.44798894932169575
-1.0137242315548949,-0.6762308014012233,-0.6927068542521297
-0.6762308014012233,0.18274338794881284,-0.802320190450184
0.18274338794881284,0.07976391073568395,0.4498363855262919
0.07976391073568395,-0.01518604892772623,0.3613033866060457
-0.01518604892772623,0.3053049795984689,-0.47398576339625387
0.3053049795984689,0.6367110624053446,-0.05467048225726029
0.6367110624053446,0.21507450762605484,0.6878121343960012
0.21507450762605484,-0.018853620697461992,0.06499769740779734
-0.018853620697461992,-0.09910217745231675,-0.3921926261619501
-0.09910217745231675,0.22523254043820826,0.07616137312879316
0.22523254043820826,0.623368046385412,0.5199789184514396
0.623368046385412,1.7526000560354003,0.4891098146474213
1.7526000560354003,0.9324336411021519,1.492589827994916
0.9324336411021519,-0.03604537326671853,0.8801606000740256
-0.03604537326671853,-0.03188589466062096,-0.04737477548615675
-0.03188589466062096,0.13445699211065482,0.4106303867170495
0.13445699211065482,0.18600706670545913,-0.3274064517020266
0.18600706670545913,-0.6808636818957201,0.7256114596199654
-0.6808636818957201,-0.2100581756705563,-0.5002518520989921
-0.2100581756705563,0.5173479283324769,-0.3824078046176509
0.5173479283324769,1.125823554780693,0.3354145852175363
1.125823554780693,0.2711953913969035,1.1484432830788025
0.2711953913969035,0.5036601881049021,0.036571184552216196
0.5036601881049021,0.6601362795237844,0.09705739725778822
0.6601362795237844,0.3285013610654719,0.6520325449247215
0.3285013610654719,0.033424345355771407,0.5148426513123358
0.033424345355771407,0.6358447616679277,-0.19878020840969013
0.6358447616679277,0.39732867980241854,0.5488482729761979
0.39732867980241854,0.1779079046148195,0.2984393782084061
0.1779079046148195,-0.377196207530339,0.6633803784796457
-0.377196207530339,-0.9119994335067779,-0.09867017544607368
-0.9119994335067779,-0.16501720400208825,-1.6153206146798464
-0.16501720400208825,-0.022171523148739727,0.049731577579431585
-0.022171523148739727,-0.007246193414973871,-0.17623784076303645
-0.007246193414973871,0.021916767468034237,-0.018954822159765856
0.021916767468034237,0.08156861251049405,-0.19007685079794315
0.08156861251049405,0.24335162259606502,0.5614113635147078
0.24335162259606502,-0.03339950769637978,-0.24428529684129596
-0.03339950769637978,0.10092473198700126,0.05645164085352461
0.10092473198700126,-0.12107081444558168,0.2962557174798606
-0.12107081444558168,0.17400014915968132,-0.09437553649291022
0.17400014915968132,0.7593648946451003,0.459145866931469
0.7593648946451003,0.03586667549990313,0.5614709672971774
0.03586667549990313,0.24614334255538034,0.14024924863050178
0.24614334255538034,0.11505903321688318,0.37350456255651976
0.11505903321688318,-0.7219430919962451,0.3184900102713163
-0.7219430919962451,-0.525927236480789,-0.8686629218476478
-0.525927236480789,-0.46573362215995884,-0.5591277814362849
-0.46573362215995884,-0.40712340417074,-0.42175798756707955
-0.40712340417074,-0.27261548682207193,-0.10481784031525962
-0.27261548682207193,-0.08872224074939751,-0.5903921118666059
-0.08872224074939751,-0.1037591180449412,-0.38644995957501016
-0.1037591180449412,-0.6849966315838942,-0.31094769824088314
-0.6849966315838942,-0.36280070374756335,-0.8844709180772123
-0.36280070374756335,-0.08557408658224488,-0.38486673414185196
-0.08557408658224488,-0.08830555349999886,-0.16364333346624127
-0.08830555349999886,0.4165512767726016,0.0031682358092746526
0.4165512767726016,1.092998367647685,0.6321606690713737
1.092998367647685,0.23099754989530247,0.9841370810394596
0.23099754989530247,0.9727694394073206,-0.1678221910618647
0.9727694394073206,0.7728873666545963,0.8262855102658432
0.7728873666545963,0.8091894958417649,0.07305663524317707
0.8091894958417649,0.47133486029334765,0.8687431642656998
0.47133486029334765,0.013892051403326666,0.016199981392401308
0.013892051403326666,-0.7225060311080851,0.437066862551341
-0.7225060311080851,-0.9092625806606438,-0.3168840134612857
-0.9092625806606438,-0.9730935168760686,-0.03926261284538046
-0.9730935168760686,-0.16124697591693177,-0.463823918392029
-0.16124697591693177,0.11657247434610153,0.18133023308056537
0.11657247434610153,0.2559661358512887,0.07184731082239923
0.2559661358512887,-0.13466011364639865,0.2784232183951105
-0.13466011364639865,-0.08923635537922671,-0.47738558218911453
-0.08923635537922671,-0.2712658712466271,-0.19057747866457653
-0.2712658712466271,-0.2794307715994146,-0.36715596636658476
-0.2794307715994146,-0.3593084548863715,-0.1235247771442134
-0.3593084548863715,-0.6546885319156087,-0.5887717614258392
-0.6546885319156087,0.12861386716626444,-0.943694838424957
0.12861386716626444,0.40760250068521814,-0.2795158100157893
0.40760250068521814,0.5737973329793964,0.2674440911561073
0.5737973329793964,0.10542557582798481,0.14840499620581782
0.10542557582798481,-0.2765337513613889,-0.30975306566368754
-0.2765337513613889,-0.8644850700302144,-0.47341888496349566
-0.8644850700302144,-0.820369320654516,-0.45369310422468156
-0.820369320654516,-0.7528636851809236,-0.027976070067028513
-0.7528636851809236,-0.03619472876210189,-1.0058521766705981
-0.03619472876210189,-0.2693572846972805,-0.26985232369837264
-0.2693572846972805,-0.5362072993385315,0.2163084379332557
-0.5362072993385315,-0.016699876476837128,-0.5607346753384715
-0.016699876476837128,-0.6006251322559395,0.12099570484575467
-0.6006251322559395,-0.27955736190720526,-0.5681580878681585
-0.27955736190720526,-0.03521887448946537,-0.37386987233451574
-0.03521887448946537,0.6536740309216306,0.6696784341703679
0.6536740309216306,0.45614880887562387,0.4997743926670149
0.45614880887562387,0.7933651181618796,0.21705934278913502
0.7933651181618796,0.9933374376820305,0.6383092974634631
0.9933374376820305,0.3399618286305761,0.7307512954995223
0.3399618286305761,-0.0891127213977595,0.38902782760655613
-0.0891127213977595,-0.2604279110175032,0.1064432485899945
-0.2604279110175032,-0.5756396998020777,-0.5041859450948005
-0.5756396998020777,0.36984175313511597,-0.5025623830820019
0.36984175313511597,-0.17553206935660676,0.49117459621332465
-0.17553206935660676,-0.4336841822307799,0.19844628468139447
-0.4336841822307799,-0.1570640440885785,-0.3295358689642631
-0.1570640440885785,-0.10439159493161299,-0.3126550240679933
-0.10439159493161299,-0.6804482300520303,-0.5377215130232209
-0.6804482300520303,0.04037761531226525,-0.5764384909908747
0.04037761531226525,0.0853067224111189,-0.07442065085168051
0.0853067224111189,-0.1657546016805284,0.18266978644372683
-0.1657546016805284,-0.056671640504548,1.1422209873360274
-0.056671640504548,-0.3330923195973399,0.15446283877138173
-0.3330923195973399,-0.53527027452189,-0.4499798533950448
-0.53527027452189,-0.0409361476306227,-1.0563933539777601
-0.0409361476306227,0.2712433371098445,0.4233851723252184
0.2712433371098445,0.5270479201201501,0.4680787591389037
0.5270479201201501,0.03589711537846707,0.6315534098845338
0.03589711537846707,-0.6567867224479822,0.4432759889871633
-0.6567867224479822,-0.9136961682149398,-0.6895984510837385
-0.9136961682149398,-0.597235285079989,-0.8629513400823685
-0.597235285079989,0.4279964429605329,-0.7852024548232728
0.4279964429605329,0.5175237707476126,0.5948585050852735
0.5175237707476126,0.993850441785946,0.11110575892643515
0.993850441785946,0.5304666825836939,0.18467648095413103
0.5304666825836939,0.2512508052864232,0.28490463322722126
0.2512508052864232,0.559901607617956,0.24831662278788705
0.559901607617956,0.2481946174163941,0.4768634202151537
0.2481946174163941,-0.21478765327069224,0.09629592535056886
-0.21478765327069224,-0.3694582380445916,0.323931419153604
-0.3694582380445916,-0.8763389305702033,-0.44379294882541975
-0.8763389305702033,-0.6115274397729961,-0.7340919268153152
-0.6115274397729961,-0.016475680290903905,-0.535606606300575
-0.016475680290903905,0.0048546245511823585,-0.0931306315865167
0.0048546245511823585,-0.18430128481718297,-0.2772007857545451
-0.18430128481718297,-0.40261774353260665,-0.4042612464309344
-0.40261774353260665,-0.07892758524771581,-0.5578909058900732
-0.07892758524771581,0.12787084580150485,0.05439022130948598
0.12787084580150485,-0.06930508931983388,-0.30838998688330993
-0.06930508931983388,-0.6547056389899784,-0.10221426361310393
-0.6547056389899784,-0.44382386847587485,-0.6195828683622971
-0.44382386847587485,-0.0516724947665228,-0.6315047422512475
-0.0516724947665228,-0.33917833456272295,-0.05210641815101789
-0.33917833456272295,0.2761136780236042,-0.48369729389355753
0.2761136780236042,0.6244400665346685,0.39191556748722994
0.6244400665346685,0.6364137337341187,0.5470646398547591
0.6364137337341187,0.28656062645462566,0.44255368085734814
0.28656062645462566,0.619640194938905,0.50604548470331
0.619640194938905,0.47562836744718034,1.2012505545249452
0.47562836744718034,0.46989858282807445,0.16818766926653864
0.46989858282807445,-0.09612832545773431,0.2950312367057397
-0.09612832545773431,-0.31792539894127225,-0.19449206026774601
-0.31792539894127225,0.35492862073026143,-0.3563167317475875
0.35492862073026143,-0.6216464972944027,0.7962891334175761
-0.6216464972944027,-0.2269654882099306,-0.8445285972349514
-0.2269654882099306,-0.27917448488793506,0.2856058132037588
-0.27917448488793506,-0.4672398616596911,-0.13777368079857055
-0.4672398616596911,-0.7956894623615871,-1.038643530023625
-0.7956894623615871,-0.2996875655643676,-0.35789962094324473
-0.2996875655643676,-0.2711765677482638,0.12282971012288182
-0.2711765677482638,-0.16917429462421227,-0.17776090865868793
-0.16917429462421227,-0.08127934551882025,-0.6005118125718505
-0.08127934551882025,-0.18878024843289293,-0.34678556273491834
-0.18878024843289293,0.6452776221303611,-0.18510603530681308
0.6452776221303611,-0.009349395653900083,0.3935402872037924
-0.009349395653900083,0.5093360085208212,0.2406024147532475
0.5093360085208212,0.31746372602358114,0.5043838408378448
0.31746372602358114,0.3013933816793744,0.5946479307236983
0.3013933816793744,0.01669044782702611,0.018791604805427242
0.01669044782702611,0.596276763553573,-0.11462645437682274
0.596276763553573,0.16048728409519747,0.26553871854777666
0.16048728409519747,0.33903970581376053,-0.10153970672886983
0.33903970581376053,0.2404044153124804,0.2570593551256835
0.2404044153124804,-0.3027304576883492,0.33930504150569357
-0.3027304576883492,0.5097150723149511,-0.4070659763530603
0.5097150723149511,0.15025735204678017,0.7650599587004674
0.15025735204678017,0.10831858571251399,-0.25882335827351344
0.10831858571251399,0.0403099295096306,0.34884565261618017
0.0403099295096306,0.7865528969936292,-0.468895706789283
0.7865528969936292,0.8492273790645298,0.48168056420107075
0.8492273790645298,0.6487900771461363,1.553078224847252
0.6487900771461363,0.02720985723134345,0.46734425555568704
0.02720985723134345,-0.13893698500729254,0.13372474331674852
-0.13893698500729254,0.3060075017650206,-0.06265417803233922
0.3060075017650206,1.0315634749272347,0.27478127438822914
1.0315634749272347,0.6743303436981855,0.7065665604904072
0.6743303436981855,0.35154642926505875,0.7963581531129886
0.35154642926505875,1.0130981760561164,0.14359653383339824
1.0130981760561164,0.6336167854306286,0.6902257895462881
0.6336167854306286,0.590021626025686,-0.1069398055779478
0.590021626025686,0.37850538814021545,0.25500935618839154
0.37850538814021545,0.37094965891076304,0.4205401000129216
0.37094965891076304,0.8351976634662379,0.2444366552402689
0.8351976634662379,1.1319980518927744,0.5784807696355059
1.1319980518927744,0.7723702507899688,1.019303049221015
0.7723702507899688,-0.004104710987469784,0.9045229044055465
-0.004104710987469784,0.14307340839056232,-0.41301058481723973
0.14307340839056232,0.1598394015836586,0.11814437426663267
0.1598394015836586,0.1732481799251377,-0.1733316967303404
0.1732481799251377,-0.12281569791390622,0.11331873946214743
-0.12281569791390622,0.19659728659247688,0.4547245307165654
0.19659728659247688,0.03438219392804551,0.7798572960961595
0.03438219392804551,0.25591141032967313,-0.31692879895517323
0.25591141032967313,0.240854212846433,0.8352111801518813
0.240854212846433,-0.0468190216548125,0.4395959663424144
-0.0468190216548125,0.6522629051097253,0.09606625219649974
0.6522629051097253,0.5095671660946772,1.1851558607628316
0.5095671660946772,0.02600190787613782,0.009446592471847204
0.02600190787613782,-0.09172145887212563,0.6717198692505283
-0.09172145887212563,0.9253986980651896,0.09294993254122569
0.9253986980651896,0.5660360443509728,0.5129477531379952
0.5660360443509728,1.098924884916136,0.07375501482448787
1.098924884916136,-0.3252867290394441,1.2618114775320672
-0.3252867290394441,-0.9459343135332725,-0.08823350620504236
-0.9459343135332725,-0.051430403434229555,-0.15332471671641068
-0.051430403434229555,-0.32359057168371375,-0.13305040337414334
-0.32359057168371375,-1.0243157754204069,-0.0885549085737444
-1.0243157754204069,-1.0985058222887691,-0.7000010834858098
-1.0985058222887691,0.07469421993150582,-1.1093039482829776
0.07469421993150582,0.4976441317023656,0.20317804449098092
0.4976441317023656,0.4357130146855011,0.26829518485523257
0.4357130146855011,0.4222572461021896,0.8589452595834939
0.4222572461021896,0.0033981087354084394,0.24696280121165448
0.0033981087354084394,-0.41645638805792473,0.29962193271300963
-0.41645638805792473,-0.2258006614352022,-0.09576408131151304
-0.2258006614352022,0.41919726486376163,0.04111008812234851
0.41919726486376163,-0.004307107518628839,-0.06103333624091106
-0.004307107518628839,0.40431867399980703,0.2321632938397556
0.40431867399980703,-0.11977350560903796,-0.04934564299375438
-0.11977350560903796,0.3445812541782566,-0.2556559228726879
0.3445812541782566,0.8512674574962164,0.0764239351612283
0.8512674574962164,1.568375389239825,0.5906705369907499
1.568375389239825,0.353097750021256,1.3795084433583413
0.353097750021256,-0.3428336990107863,-0.3814317880410943
-0.3428336990107863,-0.8256148067731005,-0.5709837611771518
-0.8256148067731005,-0.38609242529931265,-0.6194372389854287
-0.38609242529931265,-0.1454338735419271,-0.05068342282067484
-0.1454338735419271,-0.20515798664965113,0.4460687539143897
-0.20515798664965113,-0.4701824975096453,-0.03173348687301586
-0.4701824975096453,0.11515898759513638,-0.6049431957853922
0.11515898759513638,0.5160766407389217,0.036858560635441864
0.5160766407389217,0.3672261105274073,0.566270935031989
0.3672261105274073,0.47268194933345475,0.622683843837933
0.47268194933345475,0.5091225133877542,0.22689102540075504
0.5091225133877542,0.27758607481672126,0.6477735505289792
0.27758607481672126,0.11002652106751906,0.5421020762007553
0.11002652106751906,0.27355959769502725,0.4682277405593321
0.27355959769502725,0.06505861304686238,0.7282194314540759
0.06505861304686238,0.06666344247335038,0.20044143473791098
0.06666344247335038,-0.6493290061717787,0.13258898025915014
-0.6493290061717787,0.10772019471226763,-0.32543046640230877
0.10772019471226763,-0.16882792703985328,0.10256316756959132
-0.16882792703985328,-0.10625637402865341,0.12117623523173915
-0.10625637402865341,0.28002164399516327,0.19764501006265714
0.28002164399516327,0.2086916045152596,-0.1354437782766059
0.2086916045152596,0.24868523752884994,-0.3643500955057047
0.24868523752884994,-0.036337368433661504,-0.22452722486076748
-0.036337368433661504,-0.5014150610802798,-0.6390028235454968
-0.5014150610802798,-0.4646834541464343,-0.5337831068581039
-0.4646834541464343,-0.04002252304753079,-0.4274621466033576
-0.04002252304753079,0.04386077638822483,0.22796013693376413
0.04386077638822483,0.03927402056256089,-0.16405872353122575
0.03927402056256089,-0.0018635719700067048,-0.05974156300388787
-0.0018635719700067048,0.4130737966893142,-0.15765193717089407
0.4130737966893142,0.41412475608767657,0.2426658659319781
0.41412475608767657,0.5230521334906632,0.4713849182546904
0.5230521334906632,0.3560772868266986,0.602782328004961
0.3560772868266986,0.5298969928215921,0.027640025151698833
0.5298969928215921,-0.13236296101584344,0.5477323673979093
-0.13236296101584344,-0.3928913134355527,-0.41081837933061544
-0.3928913134355527,-0.5923996793267875,-0.30109846428462683
-0.5923996793267875,-0.5024193153584303,-0.5337256117103493
-0.5024193153584303,0.05140000893383828,-0.6267839252252684
0.05140000893383828,-0.2906583163365156,0.1261515185342766
-0.2906583163365156,-0.4957868775660598,-0.0052511707945751
-0.4957868775660598,0.15330950471195698,-0.8338895923503369
0.15330950471195698,-0.21414946446243005,0.479415308066534
-0.21414946446243005,0.21239127540908492,-0.7102294413318441
0.21239127540908492,0.5009008692643538,0.4523277978003338
0.5009008692643538,-0.29086949681223356,0.6058065894056092
-0.29086949681223356,-0.5851165728012435,0.2394282762893345
-0.5851165728012435,-0.09920069344342941,-0.42101595825954635
-0.09920069344342941,0.04358896751721724,-0.04720193780054335
0.04358896751721724,0.3231159548115971,-0.08318632678858878
0.3231159548115971,0.7645264177232511,0.4466213924562707
0.7645264177232511,-0.023976624082408082,1.0269597729641653
-0.023976624082408082,-0.09463055939403282,0.04481322086882689
-0.09463055939403282,-0.19181426859402345,0.07475466475883899
-0.19181426859402345,-0.40165574433440826,-0.17998173768647316
-0.40165574433440826,-0.3458999007510919,0.36181470301032753
-0.3458999007510919,-0.544238004301925,0.20964126045734632
-0.544238004301925,-0.2547531326445506,-0.5829680191275391
-0.2547531326445506,0.11893423981144316,0.031235061792113716
0.11893423981144316,0.8146177567769153,-0.013310085883016756
0.8146177567769153,0.3241194870223202,0.6598148209698012
0.3241194870223202,-0.2795324029802133,-0.1414126709430959
-0.2795324029802133,-0.0978093802820812,-0.18179211293079886
-0.0978093802820812,-0.24369785160205001,0.011691661132244138
-0.24369785160205001,-0.8319142600087883,-0.1437711850340484
-0.8319142600087883,-0.3924345743224331,-0.8815712736500854
-0.3924345743224331,-0.6069329467596004,0.6368572675282207
-0.6069329467596004,-0.4516524124954507,-0.41123579466339893
-0.4516524124954507,-0.2639951620145141,-0.18130228973311535
-0.2639951620145141,0.06224422995421183,-0.3504278500002549
0.06224422995421183,-0.08609652802018672,-0.11770795135549805
-0.08609652802018672,-0.5397539915545881,0.08448980003329962
-0.5397539915545881,-0.16118598302943307,-0.18980430380110203
-0.16118598302943307,-0.5238925753219796,0.017835303420655535
-0.5238925753219796,0.9349371731125575,-0.22972721392183942
0.9349371731125575,1.2113450218757484,1.3893712837133871
1.2113450218757484,0.6208340056034409,0.8615365776315311
0.6208340056034409,0.38308983441994765,-0.09966248539624184
0.38308983441994765,0.11736148049452594,-0.007591674868437981
0.11736148049452594,-0.363114506930254,0.38207816166863134
-0.363114506930254,-0.40947489611358395,-0.9185282019287062
-0.40947489611358395,-0.012085245561497926,-0.00530778741651633
-0.012085245561497926,-0.08573500431033505,-0.462470954009858
-0.08573500431033505,-0.5999595327020801,-0.33021657147366124
-0.5999595327020801,0.006118759671632112,-0.19232060338510554
0.006118759671632112,0.34932614122038114,0.27770658184847485
0.34932614122038114,-0.07136760935840414,-0.024707482523732227
-0.07136760935840414,-0.34192235442080193,-0.2775418476290571
-0.34192235442080193,-0.49835747199190084,0.06992809866917954
-0.49835747199190084,-0.39109470259595214,-0.47177286501045124
-0.39109470259595214,0.34086177583132404,-0.6505825423431995
0.34086177583132404,0.11070773921903049,0.6375382148900911
0.11070773921903049,-0.47017218531985283,0.18824209171533207
-0.47017218531985283,-0.874770086273337,-0.02125000630785151
-0.874770086273337,0.1294449487758863,-0.5139629730167049
0.1294449487758863,-0.061749118244018006,-0.05200818886691341
-0.061749118244018006,-0.004544173542450035,-0.21323116634446831
-0.004544173542450035,0.07992104254939092,-0.16081520517019973
0.07992104254939092,0.30963018344919263,0.6953005667679154
0.30963018344919263,0.25658474215746563,0.19329943063677524
0.25658474215746563,0.5746370133630112,0.6288931420659808
0.5746370133630112,0.5586777707190005,0.04259367707591921
0.5586777707190005,0.45213275811346737,0.7422920642349515
0.45213275811346737,0.5262161937670629,0.6076921531043896
0.5262161937670629,-0.0947047706100444,0.44062133719671975
-0.0947047706100444,-0.0983040445130185,0.07777704778416676
-0.0983040445130185,0.26712623187569795,0.259571434479439
0.26712623187569795,0.15855171362503673,0.5406996126110313
0.15855171362503673,0.6796361528043845,0.10953898852260724
0.6796361528043845,-0.47700708429659067,0.7288208785503237
-0.47700708429659067,-0.8377886736020521,-0.20767848543621767
-0.8377886736020521,0.2597745017979348,-0.5121701928507881
0.2597745017979348,-0.3393048804322133,0.32971038551151505
-0.3393048804322133,-0.29687016210061984,-0.6941379366947913
-0.29687016210061984,-0.8707524122413792,-0.08537459783090162
-0.8707524122413792,-0.21684500554878922,-0.5649459567340541
-0.21684500554878922,0.02563431164519242,-0.03765147235489305
0.02563431164519242,-0.3478090004241802,0.104121039531693
-0.3478090004241802,-0.016113553779548123,0.06642135531766946
-0.016113553779548123,0.23923576111665848,-0.4390474827935894
0.23923576111665848,-0.20518741731981827,0.577618110896925
-0.20518741731981827,-0.4519362417870923,0.07760095286757315
-0.4519362417870923,-0.5550353825055643,-0.6346677140090359
-0.5550353825055643,-0.271758249274632,-1.6366177707975538
-0.271758249274632,-0.3816495154403796,-0.7211133422186663
-0.3816495154403796,-0.6346883790146469,-0.7543418207354029
-0.6346883790146469,-0.879545680560352,-0.5284367974423236
-0.879545680560352,-0.6087182920518479,-0.5082508217021964
-0.6087182920518479,-0.14714072028216846,-0.16829891986082124
-0.14714072028216846,-0.053452163373049214,-0.03765081524845719
-0.053452163373049214,0.07417833842355256,0.17076080689469858
0.07417833842355256,0.15403151941378884,0.1383992716058533
0.15403151941378884,-0.49517971360991697,0.17633002233375802
-0.49517971360991697,-0.056515019236344805,-0.14309853058351257
-0.056515019236344805,0.15127454864965756,-0.13698349899420115
0.15127454864965756,0.38512011318114336,0.06163996826415685
0.38512011318114336,-0.051123314220310856,0.45876585218390054
-0.051123314220310856,-0.18539383424744313,0.30174394276661876
-0.18539383424744313,-0.002235510860385828,-0.12239862054543249
-0.002235510860385828,0.10731803719817368,0.03422531301778657
0.10731803719817368,-0.00397208922399063,-0.592182506449811
-0.00397208922399063,0.20127540761151708,0.49101048516449686
0.20127540761151708,-0.7785073896974577,-0.15816693263386106
-0.7785073896974577,-0.07461705098166521,-0.8342224092205643
-0.07461705098166521,-0.5367903912123339,-0.4232200300299546
-0.5367903912123339,-0.7459332000765659,-0.6043311657864516
-0.7459332000765659,-1.1211569821739935,-0.9909913382219246
-1.1211569821739935,-0.7656321916324464,-1.204358659182493
-0.7656321916324464,-0.3259242462785711,-0.10726583178580551
-0.3259242462785711,-0.4029207659447306,-0.6494319680630558
-0.4029207659447306,-0.018991929357132786,-0.23773704843593718
-0.018991929357132786,-0.6063514245062737,0.00251620318555466
-0.6063514245062737,0.33096200825535704,-0.04883588615570478
0.33096200825535704,0.5503374494903325,-0.14789987867484822
0.5503374494903325,0.4420848304802526,0.4299483972296946
0.4420848304802526,0.43822656049101144,0.7679966869109601
0.43822656049101144,-0.06515174227817999,-0.15210020624562187
-0.06515174227817999,-0.05613923513873832,-0.2000391269754532
-0.05613923513873832,-0.31593588717552606,0.2510246758289422
-0.31593588717552606,0.09661433365097072,-0.6711021377022832
0.09661433365097072,-0.1932445321359862,0.1478634472881858
-0.1932445321359862,0.00488228961532286,-0.12024718875580093
0.00488228961532286,0.07077139507041633,-0.1460360282896781
0.07077139507041633,-0.2657302319137413,0.07773261670381543
-0.2657302319137413,-0.7628478423661441,0.07406376653009852
-0.7628478423661441,-1.1004834930951468,-0.9212596917450121
-1.1004834930951468,-0.6085627189626702,-0.8204199678113389
-0.6085627189626702,-0.003683045483480807,-0.792155530659445
-0.003683045483480807,-0.3284440152433464,0.04259269405159997
-0.3284440152433464,0.47786274365624914,0.7635592621241866
0.47786274365624914,0.2704385435165738,0.35170573212768097
0.2704385435165738,-0.4721288048864254,0.6046519226174641
-0.4721288048864254,0.2957705059578413,-0.42009302821124705
0.2957705059578413,0.10422828567498314,-0.04967229553573774
0.10422828567498314,-0.11481109570133456,0.23776975850206167
-0.11481109570133456,0.17998508649271533,-0.5284170982760739
0.17998508649271533,0.43631980989845676,0.6308533204624269
0.43631980989845676,0.04686248897319634,0.15676017256023048
0.04686248897319634,-0.06812784254067361,0.11400703266302599
-0.06812784254067361,0.11171534533869348,0.1593948936481256
0.11171534533869348,-0.29888728991321395,0.023262062725288496
-0.29888728991321395,-0.345352647882337,-0.10359076536746531
-0.345352647882337,-0.5744591743986874,-0.6685955971923292
-0.5744591743986874,-0.5304394405542473,-0.29250759627275247
-0.5304394405542473,0.2608549305571999,-1.0764316841333796
0.2608549305571999,0.16609680462814003,0.2770046963980707
0.16609680462814003,-0.2307156411947587,0.2379989711760626
-0.2307156411947587,-0.8199044210466744,0.02293168187089234
-0.8199044210466744,-0.20752771167286915,-0.6325025750048691
-0.20752771167286915,0.32630082625815504,-0.10438207796779161
0.32630082625815504,0.49134814204593547,0.03133268171979012
0.49134814204593547,0.2556558964580467,0.5880029008690211
0.2556558964580467,-0.029067188606452604,-0.3628000646815197
-0.029067188606452604,-0.1777018019139907,-0.09120451541485294
-0.1777018019139907,-0.10043111718061232,-0.21684494015875477
-0.10043111718061232,-0.6131459888591433,-0.533924444807641
-0.6131459888591433,-0.9322938567244279,-0.8527724458879752
-0.9322938567244279,-0.04707241113449445,-0.536766565767815
-0.04707241113449445,-0.09288961655066107,-0.2980296888719089
-0.09288961655066107,-0.14586324233005166,-0.3237578242284138
-0.14586324233005166,0.254732063989265,0.13312515602156438
0.254732063989265,-0.6080137725216181,0.6068962423698429
-0.6080137725216181,-0.8603683155788349,-0.4787804708690146
-0.8603683155788349,-0.11487949521226543,-0.25302856179055355
-0.11487949521226543,-0.5011326240439341,0.15781636673191068
-0.5011326240439341,0.5842749747091249,-1.351646487525341
0.5842749747091249,0.5726388667059716,1.1073775070334944
0.5726388667059716,0.09049757268091696,-0.14880331388751306
0.09049757268091696,0.13810938428809938,0.7639046815235266
0.13810938428809938,0.011535631763926149,-0.15218879077577063
0.011535631763926149,0.149221463664636,-0.32752660927739347
0.149221463664636,-0.5259127176589253,0.18461122740294172
-0.5259127176589253,-0.35013383882284405,-0.4186214692381659
-0.35013383882284405,-0.06832569094818838,-0.3883036447482496
-0.06832569094818838,-0.2110303675370071,-0.11738324310881922
-0.2110303675370071,-0.6194570167011084,0.15489746422711548
-0.6194570167011084,-0.6460041292110696,-1.1822612792282892
-0.6460041292110696,-0.9077134707496028,-0.6161107073418327
-0.9077134707496028,-1.3039018857840503,-1.076887935563898
-1.3039018857840503,0.28631437293366824,-1.2029217615067849
0.28631437293366824,0.17023218185175243,0.41162200090484646
0.17023218185175243,0.11844118430256523,0.32115862753960234
0.11844118430256523,0.2735719074243714,0.5197693281663094
0.2735719074243714,-0.024110095675762555,0.2329893712463994
-0.024110095675762555,-0.1690697906620941,0.4736822735331259
-0.1690697906620941,0.2942988530302112,-0.5255861735011209
0.2942988530302112,-0.19693195339531064,0.005962585014289423
-0.19693195339531064,-0.7915110642514234,-0.8169116457659289
-0.7915110642514234,0.22445853010045713,-0.37957005068153116
0.22445853010045713,0.41038379703741856,-0.15958770828941038
0.41038379703741856,0.22176474690550718,0.15143549590641148
0.22176474690550718,-0.14157777514780592,0.21072929399312443
-0.14157777514780592,0.24319039938478304,0.1526391756427645
0.24319039938478304,-0.23937519035653818,0.4649170306260747
-0.23937519035653818,-0.09655073474846824,-0.1630229046404706
-0.09655073474846824,-0.09630425152837657,-0.4018437285388893
-0.09630425152837657,0.3732257211526729,-0.24370826291949885
0.3732257211526729,0.6048554967345319,0.11624869190685025
0.6048554967345319,0.5336837752909721,0.6839425973066867
0.5336837752909721,0.8550392456779483,0.10651681423786885
0.8550392456779483,-0.07354596900512089,1.1938483586103938
-0.07354596900512089,0.03592618493250212,-0.21954079265395368
0.03592618493250212,0.4915976862128482,0.20295515619225657
0.4915976862128482,0.16221774283327706,0.3219437147230731
0.16221774283327706,0.33775801839263986,-0.0007084186125093372
0.33775801839263986,0.3000178702600263,0.7047358270857187
0.3000178702600263,0.06991864048457472,0.5457169877923138
0.06991864048457472,1.183732508135603,0.10365546232133258
1.183732508135603,0.7584017601338169,1.1045214998010393
0.7584017601338169,0.30540993390334237,0.6260078573220416
0.30540993390334237,0.07655884039103394,0.42248282945069027
0.07655884039103394,-0.0404253931578124,-0.054096291812227436
-0.0404253931578124,0.08775560992982785,-0.1016066783677789
0.08775560992982785,-0.19080069322444074,-0.1509214538109454
-0.19080069322444074,-0.6892362986664018,-0.07346729813942295
-0.6892362986664018,-0.4103898591848767,-0.7126494166435375
-0.4103898591848767,-0.77593910991065,-0.8006651768395371
-0.77593910991065,-0.37477849557856047,-1.1833300666609272
-0.37477849557856047,-0.8300584647856847,0.2198929787674363
-0.8300584647856847,-1.1275599554697744,-0.6113989639467281
-1.1275599554697744,-0.5498547244660089,-1.1174818630592023
-0.5498547244660089,-0.43990059903845774,-0.6361772861171184
-0.43990059903845774,-0.1163611995654251,-0.5888059976346703
-0.1163611995654251,-1.003118594056579,-0.2764511468760879
-1.003118594056579,-1.00177995814693,-1.1210886710458232
-1.00177995814693,-1.2217684904778277,-0.11790917052417882
-1.2217684904778277,-0.46447201766351215,-0.7035153558782455
-0.46447201766351215,-0.023086368325610784,-0.25513167898291833
-0.023086368325610784,0.2080373736573534,-0.009721718524287845
0.2080373736573534,-0.5608913313975787,0.0659671249356895
-0.5608913313975787,0.01943353541422632,-0.9109723084422585
0.01943353541422632,-0.02092796734081591,0.20232476180493603
-0.02092796734081591,0.4848218016165078,-0.04975122902167739
0.4848218016165078,0.5645463228258483,0.7093853517303833
0.5645463228258483,0.2249651345845214,0.11846237758255335
0.2249651345845214,0.44567810412658504,0.026342455124139824
0.44567810412658504,0.44809166579121196,-0.37803925952297834
0.44809166579121196,-0.1716706698474585,-0.34816065771322274
-0.1716706698474585,-0.049850297102546265,-0.20835583119092332
-0.049850297102546265,-0.2383367614612447,-0.20143067897425734
-0.2383367614612447,0.31714921200996427,0.09853396308220091
0.31714921200996427,0.2593099475577349,0.3431317415475116
0.2593099475577349,0.3367163686207627,0.34621775363555096
0.3367163686207627,-0.1808989351006602,0.4761362600191652
-0.1808989351006602,-0.20755228736247172,-0.028490412930485293
-0.20755228736247172,-0.9871751988297501,0.01061559678728144
-0.9871751988297501,-0.8031067220393724,-1.1055380271779378
-0.8031067220393724,-0.11920033719663914,-0.8521742786857206
-0.11920033719663914,0.18399800124892865,0.03307016585242448
0.18399800124892865,-0.1643047975142528,0.1164845812123508
-0.1643047975142528,-0.5764671605654635,0.4719711969311372
-0.5764671605654635,-0.264600061971231,-1.0724205830531268
-0.264600061971231,-0.5718164234540549,0.770902087201005
-0.5718164234540549,-0.17967805056713265,-0.4669053331633563
-0.17967805056713265,0.28692005155357747,-0.24712600672725799
0.28692005155357747,0.5548403574926742,0.31850143597946734
0.5548403574926742,0.30595937890656294,0.3194194276239104
0.30595937890656294,0.8521890564679901,0.6125680057526466
0.8521890564679901,0.7660000220558575,0.5312831414068231
0.7660000220558575,0.10505733865951983,0.9313548017434594
0.10505733865951983,1.0153641413963452,0.5670136260254343
1.0153641413963452,0.6057163511991129,0.9359308700557702
0.6057163511991129,0.4358207018199593,0.6293806209448499
0.4358207018199593,-0.07189284687282094,0.4853741500118999
-0.07189284687282094,-0.05975427026428233,-0.06969285301201672
-0.05975427026428233,-0.16507945956390546,-0.102092860838048
-0.16507945956390546,0.5849437420572361,-0.2895796091362002
0.5849437420572361,-0.2234942487644072,0.4829513248444353
-0.2234942487644072,0.44028770645212345,-0.7028809308376575
0.44028770645212345,0.055111590422187745,0.029904034541016977
0.055111590422187745,0.009010080456538179,-0.49087081784144027
0.009010080456538179,0.5360118446597033,0.25310319389552083
0.5360118446597033,0.3329076884565829,0.3170148445556525
0.3329076884565829,1.0557483966319112,0.35355424231115884
1.0557483966319112,0.5514675103467499,0.8630170891959816
0.5514675103467499,-0.4529251458268004,0.3352299086529977
-0.4529251458268004,-1.380771885293893,0.1516476453828502
-1.380771885293893,0.08354255985572856,-0.6743382549275143
0.08354255985572856,-0.08068347068713069,0.21538433077872765
-0.08068347068713069,0.2959559165019305,0.01894554182198932
0.2959559165019305,1.211290264688661,0.2104397858981727
1.211290264688661,0.897122585045486,1.153683479942766
0.897122585045486,0.0033974389112044756,0.6174842032755905
0.0033974389112044756,-0.06847902850869231,0.3904073277890306
-0.06847902850869231,-0.010689371847014417,0.4510368063836396
-0.010689371847014417,0.5014107194064618,0.28883374459268274
0.5014107194064618,0.24016268470195146,0.4262139583076128
0.24016268470195146,0.27665341521165315,0.502918022311202
0.27665341521165315,0.25397207545693634,-0.09149137109774269
0.25397207545693634,0.5503707132816015,-0.5208398882421433
0.5503707132816015,0.5017615003006298,0.20587186507088526
0.5017615003006298,0.704577599930017,0.0409633689726806
0.704577599930017,0.5031770947111002,0.5520657888068048
0.5031770947111002,0.700906155416638,0.41136411199779604
0.700906155416638,-0.28576209637661104,0.3768968929795955
-0.28576209637661104,-0.16719691468988204,-0.41476291730461956
-0.16719691468988204,-0.5466898808349826,-0.5019801012748484
-0.5466898808349826,-0.10303011195115416,-0.13222716348266494
-0.10303011195115416,0.4320103247835034,-0.578458958797653
0.4320103247835034,0.2645388947444231,0.09938662225196293
0.2645388947444231,0.7313992320459127,0.2746966269716097
0.7313992320459127,0.2809264266577032,0.8027781385069095
0.2809264266577032,0.34944878855237915,0.2088459648078481
0.34944878855237915,0.35287412758269854,-0.2990259001535918
0.35287412758269854,0.20991346851144418,0.2808848165549608
0.20991346851144418,-0.23248575203925304,0.2743186233995199
-0.23248575203925304,0.8908657873145621,-0.10572860465762889
0.8908657873145621,0.21458290193669427,0.755360597471382
0.21458290193669427,-0.01769341732703608,0.5806078461589665
-0.01769341732703608,-0.05505743239982413,-0.24650351317998292
-0.05505743239982413,-0.07627537887892477,-0.01629788934269377
-0.07627537887892477,-0.7782332897537722,-0.05390583138638922
-0.7782332897537722,-0.040326762549352135,-0.5150410379136254
-0.040326762549352135,0.08489614498120142,-0.31588239420317266
0.08489614498120142,-0.018365215612820673,0.33277192490510527
-0.018365215612820673,0.24736189865191816,-0.21171290849055052
0.24736189865191816,0.17916204045125955,0.162006010556021
0.17916204045125955,0.5249337796010275,0.2138738163044523
0.5249337796010275,0.8544937316187733,1.2741134790613047
0.8544937316187733,0.6735232050904302,0.9052050317982943
0.6735232050904302,-0.029669781941718876,0.8965487175732461
-0.029669781941718876,-0.05424960790640833,0.1072012802770667
-0.05424960790640833,-0.29103148142012647,-0.7072514386019638
-0.29103148142012647,0.11703042784842199,-0.17023915592970965
0.11703042784842199,-0.5100706814982242,0.11785723505920981
-0.5100706814982242,-0.3352749654775296,-0.5005214190193331
-0.3352749654775296,0.01757553249116331,-0.17292752384252646
0.01757553249116331,-0.660033862462197,-0.031074020249682227
-0.660033862462197,-0.47075136113468147,-0.09879706560564488
-0.47075136113468147,-0.28673874012823525,-0.4523690746791078
-0.28673874012823525,-0.5451600827512171,0.029379525744182206
-0.5451600827512171,-0.27506615014208613,-0.5888218757812282
-0.27506615014208613,-0.2096871411499134,-0.3371120152421978
-0.2096871411499134,-0.22382173059853588,-0.5733149907489238
-0.22382173059853588,0.36579263619061786,-0.3498819737199411
0.36579263619061786,0.07807801904840239,0.41238142470818845
0.07807801904840239,-0.5238016189110285,-0.520250966262797
-0.5238016189110285,-0.377045915762914,-0.4259346010449115
-0.377045915762914,-1.0093501848072193,-0.3985928680306031
-1.0093501848072193,-0.8896467183225839,-1.2360463347840394
-0.8896467183225839,-1.0521081118416018,-0.23231107890927383
-1.0521081118416018,-0.5175565132549307,-0.7009133654437285
-0.5175565132549307,-0.00887840842591292,-0.2322062055342773
-0.00887840842591292,0.4240812417694785,-0.20177445310218764
0.4240812417694785,-0.011962027384942342,0.8659238094351733
-0.011962027384942342,-0.1321768950966569,0.36401334797853235
-0.1321768950966569,0.5913066738414386,0.2237550053710875
0.5913066738414386,0.7661619806529578,1.0482756467383507
0.7661619806529578,1.0384326767442822,0.25867223312125837
1.0384326767442822,0.6802485223394505,0.9001894984339495
0.6802485223394505,0.9990877908571648,0.7218062975152707
0.9990877908571648,0.5671232664171119,1.0755435767682517
0.5671232664171119,0.4795794591485771,0.7131849547144989
0.4795794591485771,0.9564736944182203,0.45257389283920396
0.9564736944182203,0.8336718579374187,0.9882135541597057
0.8336718579374187,1.4459999038077611,0.9697456031090611
1.4459999038077611,1.1574922927055693,1.3245449453364926
1.1574922927055693,0.863531191827246,0.7994638542390757
0.863531191827246,0.5166868120667261,0.41548166961059907
0.5166868120667261,1.0223709679221633,0.12328213206829747
1.0223709679221633,0.7656654181939138,0.4298979580622978
0.7656654181939138,0.4726437625726137,0.23908621963320914
0.4726437625726137,0.11960088713868564,-0.3430158550241914
0.11960088713868564,0.009703383931430602,0.3556140244087188
0.009703383931430602,-1.0548876704470118,0.17878609029052125
-1.0548876704470118,-0.8594247295509793,-0.7421373790328247
-0.8594247295509793,-1.3422922195464668,-0.7559212161960178
-1.3422922195464668,-0.9175147097601409,-0.9314191647552492
-0.9175147097601409,-0.8646355982951666,-0.7658895331217175
-0.8646355982951666,-0.006081173696174447,-1.22441320912536
-0.006081173696174447,-0.4406733666978057,0.077359291494036
-0.4406733666978057,-0.5291396499443711,-0.5803294603896147
-0.5291396499443711,0.344988451794276,0.06801896029114923
0.344988451794276,0.6555204089504928,-0.015863686532436805
0.6555204089504928,0.27482852749829695,0.6247374517077466
0.27482852749829695,0.09153026708826585,0.1401351893882938
0.09153026708826585,-0.3897532997908787,-0.06559203955047932
-0.3897532997908787,0.0052830258393826435,-0.05105542862676393
0.0052830258393826435,-1.040125765509737,0.09437657830650427
-1.040125765509737,-0.9339339677221172,-1.0733497065152149
-0.9339339677221172,-0.6136549423489943,-0.9839715344050008
-0.6136549423489943,0.021837078588648695,-0.8093928337986862
0.021837078588648695,0.3409525242831151,0.05963907938217755
0.3409525242831151,0.5992683314747371,0.5630908829547414
0.5992683314747371,0.44813215058383665,0.6837523311669407
0.44813215058383665,0.5428702608461502,0.010880283556781778
0.5428702608461502,0.2432237519639197,0.6866380048563918
0.2432237519639197,0.49972942347255045,0.4596837878253723
0.49972942347255045,-0.014181755604469104,0.7617609472250939
-0.014181755604469104,0.5487410581538258,0.0605737055086604
0.5487410581538258,0.2323724713054292,0.3429779444704945
0.2323724713054292,0.6568499911553035,0.3972466006317489
0.6568499911553035,0.8106722328186744,1.1132422055006188
0.8106722328186744,0.1027070016629279,0.5998540737465303
0.1027070016629279,0.7057643632918312,-0.15841638321486112
0.7057643632918312,0.5264692460098396,0.929934428694287
0.5264692460098396,1.0757562809878056,-0.08761964227402314
1.0757562809878056,0.26418929302169875,1.2566045206274183
0.26418929302169875,0.33387846492719575,0.36812519041795944
0.33387846492719575,-0.1472695129589898,0.6853332572837474
-0.1472695129589898,-0.2643677602149533,-0.6028307379113229
-0.2643677602149533,0.021673503551268014,-0.8321908402443395
0.021673503551268014,0.036422515037783466,0.06011760272995043
0.036422515037783466,1.0968931473096324,0.23556404142616472
1.0968931473096324,0.30838622929516973,0.7383113235523081
0.30838622929516973,0.685630804239546,0.16903750722398678
0.685630804239546,-0.4727750127410793,0.8322025912689437
-0.4727750127410793,-0.13858690499192436,-0.5452349095936168
-0.13858690499192436,-0.7360131671502553,0.1186950487382415
-0.7360131671502553,-0.2967299840444862,-0.564940015979752
-0.2967299840444862,-0.704050949850382,-0.35799417281544577
-0.704050949850382,-0.45491372496999605,-0.00465337227654683
-0.45491372496999605,-0.14993453632122916,-0.12024757758229115
-0.14993453632122916,-0.21263824292023092,-0.10200277429439861
-0.21263824292023092,0.5653162680083582,0.3961948438540485
0.5653162680083582,0.5757808756864115,0.19644607992016566
0.5757808756864115,0.14575813143544022,0.542944339534489
0.14575813143544022,-0.44752034555789644,0.09382937713225434
-0.44752034555789644,-0.44461067425128087,-0.27586933125380053
-0.44461067425128087,-0.296623594506618,-0.26503603393482544
-0.296623594506618,-0.17826397804927424,-0.19568969835884856
-0.17826397804927424,0.472625213099144,0.20150493608634185
0.472625213099144,0.248238569789706,0.0516085323981369
0.248238569789706,-0.11655260918587776,0.33555826952597356
-0.11655260918587776,-0.16254423881672964,-0.3830595359696139
-0.16254423881672964,-0.027452039223048202,0.003734010515389269
-0.027452039223048202,0.15330537121931742,-0.010045026107219503
0.15330537121931742,-0.3213598648480247,0.006806211232128823
-0.3213598648480247,0.050658232721755625,-0.0011804217123279614
0.050658232721755625,0.5133800148157113,-0.375490878535338
0.5133800148157113,0.6128256257422939,0.8527175175459387
0.6128256257422939,0.5840182139059827,0.07370598889431701
0.5840182139059827,0.6907728356648031,0.2077355747694563
0.6907728356648031,-0.49058467901455854,0.6696188260625588
-0.49058467901455854,-0.45388915411896247,-0.26417820215631327
-0.45388915411896247,-0.2805849791564341,-0.39486534887997615
-0.2805849791564341,0.0814391763392723,0.213513812862055
0.0814391763392723,-0.03100480967361005,-0.08341962812517181
-0.03100480967361005,0.30419102810923326,0.148795923303903
0.30419102810923326,0.2777124975044575,-0.11574168378651975
0.2777124975044575,0.13688343954531568,0.27394073698520655
0.13688343954531568,0.1627005957560797,0.3293000798028948
0.1627005957560797,0.5782037050833524,-0.317050732784831
0.5782037050833524,0.6996482969218769,0.7035736138287915
0.6996482969218769,1.1264404201055156,0.838317799542037
1.1264404201055156,0.7895916143519679,1.7051591599129101
0.7895916143519679,0.9931655894157834,0.44881532462999796
0.9931655894157834,0.9904379828101763,0.6334969909460201
0.9904379828101763,1.0003840797468255,1.0041127790503834
1.0003840797468255,0.7769969571100624,0.8406585816293073
0.7769969571100624,0.5808316160615739,0.28050331802237655
0.5808316160615739,0.6047840001322669,0.5946774061936801
0.6047840001322669,0.3914787421095417,0.8487599216622651
0.3914787421095417,-0.15202754885148567,-0.02957476023378075
-0.15202754885148567,0.16349132621541962,0.20077794529702
0.16349132621541962,-0.12332171140138302,-0.7737993283658028
-0.12332171140138302,-0.4364330407623164,-0.11925837955643868
-0.4364330407623164,0.05404908220602078,-0.5299584749137588
0.05404908220602078,0.06927718972710581,0.18823287506043238
0.06927718972710581,0.6659652520770546,0.012917679069190662
0.6659652520770546,0.4443070439374013,0.5809701683069387
0.4443070439374013,0.6694362934367524,-0.36268503648677025
0.6694362934367524,-0.05384294622632013,0.6804951753823404
-0.05384294622632013,-0.26220416851393913,-0.4445927317051713
-0.26220416851393913,0.32974679124561834,-0.2844259670870588
0.32974679124561834,-0.10519534754863905,0.20276443039124376
-0.10519534754863905,-0.09369719105619835,-0.527072465884646
-0.09369719105619835,-0.3775854612650357,-0.5016248936266456
-0.3775854612650357,-0.3812193211546664,-0.7830617621246683
-0.3812193211546664,-0.19488026899862165,-0.45986783170099105
-0.19488026899862165,0.27386098465921493,-0.2855461359683111
0.27386098465921493,-0.4117843261727623,0.28820849709536517
-0.4117843261727623,0.34610305208546494,-0.46649929952487323
0.34610305208546494,0.5582594406979604,0.5363738208944286
0.5582594406979604,0.29082530404028456,0.20726909950713854
0.29082530404028456,0.3893959545302056,0.49895341633899487
0.3893959545302056,0.5232934082351195,0.9472515165672425
0.5232934082351195,-0.10791312751855237,0.2919612140367923
-0.10791312751855237,-0.06134326254140556,-0.5932914700939502
-0.06134326254140556,-0.2813729188414548,-0.022618249843716253
-0.2813729188414548,-0.5893237234886867,-0.2178144588951602
-0.5893237234886867,-0.4193042405615012,-0.3385135215812203
-0.4193042405615012,0.01322908864866773,-0.28787785663440363
0.01322908864866773,0.9625193914933061,0.13797630499527513
0.9625193914933061,0.3318642380861953,0.6402745224935751
0.3318642380861953,0.20783682875994697,0.5962503922565332
0.20783682875994697,-0.17737576317475293,0.5402726821104833
-0.17737576317475293,-0.35116706963551403,-0.625256762821911
-0.35116706963551403,0.12139308315417541,-0.02582502166964651
0.12139308315417541,-0.6527104906701017,0.3323311512994719
-0.6527104906701017,-0.12442710879571389,-0.846923342714703
-0.12442710879571389,0.0909084825232874,-0.5570387849365055
0.0909084825232874,0.22417530918172637,-0.09923364757116218
0.22417530918172637,-0.04861423981372093,-0.19406889516065862
-0.04861423981372093,-0.45138280533085384,-0.3159770662050388
-0.45138280533085384,-0.13593445385295683,-0.23113130485893402
-0.13593445385295683,0.7577573422076418,0.11332876741858605
0.7577573422076418,-0.12577585382617046,0.3276076395666084
-0.12577585382617046,-0.5841589454041126,-0.5319223500733992
-0.5841589454041126,-0.15841574287280677,-1.1415529002160407
-0.15841574287280677,-0.07925931148955953,-0.0890026385070588
-0.07925931148955953,-0.09402043529858986,-0.575611329760605
-0.09402043529858986,0.08634230282297092,0.13188022673581623
0.08634230282297092,0.8209433457194594,0.08851838617911006
0.8209433457194594,0.47587337943730834,1.0614236090823927
0.47587337943730834,1.0761473698402668,0.7080211860698924
1.0761473698402668,0.8183466367279034,1.0913093488837737
0.8183466367279034,-0.38566466496951224,0.6978171811554067
-0.38566466496951224,0.06496688095671627,-0.6208988186327407
0.06496688095671627,-0.20813869025495868,0.34103632289765196
-0.20813869025495868,0.32448788048820043,-0.33042321186544665
0.32448788048820043,0.568717822550663,0.5911598969714766
0.568717822550663,0.2874348822736365,-0.08072849973050134
0.2874348822736365,0.9423671231376252,0.1583769517677315
0.9423671231376252,1.1272771819146432,0.4126544052140982
1.1272771819146432,1.2528989736529277,1.0903734290425546
1.2528989736529277,0.9813912881214343,1.1174642650356554
0.9813912881214343,0.1023859376734314,0.7897806252525197
0.1023859376734314,0.23990327289959718,0.5410615023094919
0.23990327289959718,-0.1019011590535939,0.32494073567925663
-0.1019011590535939,0.15348050431387086,-0.15760020849577477
0.15348050431387086,-0.4840146586429582,-0.044115351578402934
-0.4840146586429582,-0.7535084822576543,-0.4815087353770851
-0.7535084822576543,-0.6127363108677748,-0.5939184076210466
-0.6127363108677748,-0.3422568309954503,-0.22836371987203086
-0.3422568309954503,-0.3328772426913941,-0.2939123721741414
-0.3328772426913941,0.17071471773275873,-0.38554125234643066
0.17071471773275873,0.4441487438052697,-0.13707923294027838
0.4441487438052697,0.4360693099974379,0.4299811288727093
0.4360693099974379,0.3338080975897795,0.3546428092036085
0.3338080975897795,0.031983491564271854,0.33566066199954986
0.031983491564271854,0.219836876949367,-0.3801956579565113
0.219836876949367,-0.16066226329571712,0.21015433871366018
-0.16066226329571712,0.37982383279548015,0.38621008769967463
0.37982383279548015,0.22067368261597262,0.05152794654579551
0.22067368261597262,0.105455011645391,-0.05673862793486589
0.105455011645391,0.8595238771506166,0.41832012937964697
0.8595238771506166,-0.03614228755538951,0.7637426043614884
-0.03614228755538951,-0.3439365296958464,-0.49784330348866573
-0.3439365296958464,-0.642891780206206,0.07329915187354202
-0.642891780206206,-0.3139584817866201,-0.0013774171853884187
-0.3139584817866201,-0.20956340049644867,-0.6043591864584656
-0.20956340049644867,0.10540553991733767,0.18412755418050814
0.10540553991733767,0.3596890622096896,-0.5663410855661166
0.3596890622096896,0.5124173654421411,0.6818105861898704
0.5124173654421411,0.46241338395561926,0.7598992936404503
0.46241338395561926,0.2586418828120164,0.08453938025307389
0.2586418828120164,-0.15561949239677642,-0.3533887818850635
-0.15561949239677642,-0.656594150963153,0.012416978381944624
-0.656594150963153,-0.770793877667995,-0.5052238073515144
-0.770793877667995,-0.18949971920168746,-0.8178145921743935
-0.18949971920168746,-0.659381350263124,-0.08880229742646789
-0.659381350263124,-0.444671226687356,-0.6242405495575724
-0.444671226687356,0.11972206693078113,-0.15333457492780575
0.11972206693078113,-0.24618361107486478,0.15732008446031628
-0.24618361107486478,-0.0014123627854374932,-0.06767658147037531
-0.0014123627854374932,-0.4592968794166138,-0.2479279777867118
-0.4592968794166138,-0.43453471494677065,-0.566561319307295
-0.43453471494677065,-0.2493475573847593,-0.4750485775333007
-0.2493475573847593,0.19270989367577113,0.09918087786739069
0.19270989367577113,-0.31761826577595703,0.10494009392902892
-0.31761826577595703,-0.6771124882772223,-0.3379038013644883
-0.6771124882772223,-0.1481021441078127,-0.6787011057807957
-0.1481021441078127,-0.9278550520704193,-0.1012928774233162
-0.9278550520704193,-0.10148335483420251,-0.6186932178922371
-0.10148335483420251,-0.3668014372316229,-0.2976780697839235
-0.3668014372316229,0.09010533082612326,-0.5397821962729246
0.09010533082612326,-0.03471770778186863,0.24882653167140606
-0.03471770778186863,0.19583313894608814,-0.046646678450899065
0.19583313894608814,0.8200651830503014,0.20618975175493676
0.8200651830503014,0.42599013578448497,0.2758721245205919
0.42599013578448497,0.7977139614446606,0.1563496215435962
0.7977139614446606,0.10870487219658692,0.7717589064755102
0.10870487219658692,0.26940562257255607,0.23080383023028062
0.26940562257255607,0.0805431423055458,0.24600810350722907
0.0805431423055458,-0.1999913103260532,-0.13918769211869386
-0.1999913103260532,-0.6239620613840021,0.08631581628524274
-0.6239620613840021,-1.0656459873594601,-0.9195025061766167
-1.0656459873594601,-0.1780765543567464,-0.9543353055502827
-0.1780765543567464,0.222981712962936,-0.02061903508916746
0.222981712962936,0.001580566123947802,0.4770089193243907
0.001580566123947802,0.06202152149926343,0.07114076558068076
0.06202152149926343,-0.4887336938010278,0.059465548883735536
-0.4887336938010278,-0.5326026491292932,-0.5401566136425119
-0.5326026491292932,-0.2902009037095088,-0.2190560345178084
-0.2902009037095088,-0.07124323694040624,-0.43513061278203163
-0.07124323694040624,-0.46967024244831257,-0.007458394549043561
-0.46967024244831257,-0.8411709429981951,-0.661396156321394
-0.8411709429981951,-0.07088966104102068,-0.47897977515475587
-0.07088966104102068,1.051345953698764,-0.02169831836590442
1.051345953698764,0.6653992864772215,1.1107705222219688
0.6653992864772215,0.5529360379882805,1.0220379353100384
0.5529360379882805,1.1995575755870713,-0.2857021672472432
1.1995575755870713,0.8380056307167607,0.8199743404924629
0.8380056307167607,0.2990407037779458,0.11079087812349853
0.2990407037779458,0.12520225981536526,0.31295395990464503
0.12520225981536526,-0.07713728034192867,-0.4236985743188122
-0.07713728034192867,-0.046636242267546285,0.37301346586466433
-0.046636242267546285,0.6576885095319382,-0.20566065509935766
0.6576885095319382,0.742275510981687,0.3350155767876135
0.742275510981687,0.11023205529298302,0.27738753133680616
0.11023205529298302,0.4473329507047595,-0.21639665606256964
0.4473329507047595,0.4941117380662009,-0.12703901955208724
0.4941117380662009,0.4166538447150051,0.34057465833712586
0.4166538447150051,0.377702643091487,0.6483491575893015
0.377702643091487,0.5345015174287377,-0.3360772967204858
0.5345015174287377,0.20266699428334845,0.546422361956509
0.20266699428334845,-0.34628649102460474,-0.05977928128349824
-0.34628649102460474,-0.6211174009403961,-0.37831525459794
-0.6211174009403961,-0.4325437160221693,0.1814398228593685
-0.4325437160221693,-0.21426248098690742,0.29261540044228573
-0.21426248098690742,-0.4302516840013946,-0.19785467933273737
-0.4302516840013946,-0.3165874463372713,-0.5275259580240949
-0.3165874463372713,0.06966406298724867,0.0178592156666873
0.06966406298724867,0.23145079064125343,0.4496592835151499
0.23145079064125343,0.15872754501167682,0.07349837630806054
0.15872754501167682,-0.8214788880078313,0.10558085940364821
-0.8214788880078313,-0.16177115769972228,-0.3281763586266668
-0.16177115769972228,-0.5446558716619663,-0.5667768826956455
-0.5446558716619663,-0.2244655167924205,-0.28442191044878173
-0.2244655167924205,-0.3420580642665966,-0.23037690830098184
-0.3420580642665966,-0.2524417526773173,-0.4186047499344022
-0.2524417526773173,-0.6539030461522486,-0.14602479946297234
-0.6539030461522486,-0.7929757806482943,-1.1489088759372168
-0.7929757806482943,-0.4027301265561802,-0.27997376401320284
-0.4027301265561802,-0.08895810172750623,-0.3824986338895319
-0.08895810172750623,-0.5058156713222659,-0.10614136545623237
-0.5058156713222659,-0.24358157302818437,-0.14739406188858378
-0.24358157302818437,-0.33199895412987057,-0.2328846876430282
-0.33199895412987057,-0.882784284381453,-0.7123413665078702
-0.882784284381453,-0.5195245183904053,-0.710270228870563
-0.5195245183904053,-0.05681068327614702,-0.24756592965750676
-0.05681068327614702,-0.49252491515320623,-0.08071469310147161
-0.49252491515320623,0.08215688133765037,0.21906894196964566
0.08215688133765037,0.5485921653293864,-0.36394293132795963
0.5485921653293864,0.4676338673595797,0.26283631031327037
0.4676338673595797,0.27367455703657473,0.9057285803002582
0.27367455703657473,-0.68028905015928,-0.05900088304097276
-0.68028905015928,-0.4490189999424524,-0.6847892168393643
-0.4490189999424524,-0.23304928047761894,-0.6468979032939819
-0.23304928047761894,-0.10872636210665598,-0.562975012544958
-0.10872636210665598,-0.0790442362189043,-0.15154489581949193
-0.0790442362189043,0.3182390206593793,0.5137126841525965
0.3182390206593793,0.5557383185839951,0.20530010462398593
0.5557383185839951,0.38292418804369044,0.4854483091730495
0.38292418804369044,0.42018324928297346,0.13447109467559737
0.42018324928297346,0.2933071844132391,0.7223523771437009
0.2933071844132391,0.09532545576826658,0.03690378205340661
0.09532545576826658,-0.5293274716791876,-0.4349268349248854
-0.5293274716791876,0.010116000743587705,-0.5397384090781081
0.010116000743587705,0.06544768838005544,-0.021456221538294306
0.06544768838005544,0.4130547446825927,-0.3938909676221393
0.4130547446825927,0.2381293054125123,0.47808237692711125
0.2381293054125123,0.35225298124941484,0.21588233825437655
0.35225298124941484,-0.14294654142603205,0.3915668722835553
-0.14294654142603205,0.1644321645097136,0.1832672080547172
0.1644321645097136,-0.2744646629655869,0.20831079690126775
-0.2744646629655869,-0.12601185834897272,-0.48690770033809716
-0.12601185834897272,-0.34438062960997073,-0.7796143682180462
-0.34438062960997073,0.14071801525391306,-0.35328183996520246
0.14071801525391306,-0.20189201336144702,0.7465707038650067
-0.20189201336144702,0.2884419714992834,0.5274654717735776
0.2884419714992834,0.46153555148436465,0.23192752589372412
0.46153555148436465,0.11931157488038047,0.5633014317291486
0.11931157488038047,-0.2822781868054692,-0.6634555040777944
-0.2822781868054692,-0.42280915485179094,-0.00858847509664909
-0.42280915485179094,-0.39455917230444065,-0.2586679711343701
-0.39455917230444065,-0.8441113311284262,-0.2711994850567642
-0.8441113311284262,-0.876842811622619,-0.17659241981168505
-0.876842811622619,-0.4352074344304524,-0.9828405125493536
-0.4352074344304524,-0.2712451272265305,-0.27652927111131365
-0.2712451272265305,-0.03367397243939152,-0.11133902792831347
-0.03367397243939152,0.1023632219438158,-0.3923761073935547
0.1023632219438158,0.07442122450728536,-0.1538956288314981
0.07442122450728536,-0.02792986580085871,-0.0203557447054553
-0.02792986580085871,-0.5248034303918652,0.12475091366275871
-0.5248034303918652,-0.06216196006603891,-0.6098061187980756
-0.06216196006603891,0.08936012475711963,-0.4105829683948601
0.08936012475711963,-0.41646335449940297,-0.464541854219947
-0.41646335449940297,-0.5906130215705244,-0.8333635074091948
-0.5906130215705244,-0.1566400767084182,-0.3253247806071674
-0.1566400767084182,-0.19956258311835345,0.08065525254497724
-0.19956258311835345,-0.390353747423379,0.5761339547759217
-0.390353747423379,-0.051702847360038384,-0.5360227294527613
-0.051702847360038384,0.27485673952602063,0.6349671095159882
0.27485673952602063,-0.10449008242422417,-0.16581403571772582
-0.10449008242422417,-0.22011762552762848,-0.05734653687615077
-0.22011762552762848,-0.42297614518049875,-0.20164948336036062
-0.42297614518049875,-0.5803795854163225,-0.10684680499278662
-0.5803795854163225,0.653368026663822,-0.5458204396617057
0.653368026663822,0.560719016264036,0.5313328037151037
0.560719016264036,0.5094052140834887,0.18812920720013987
0.5094052140834887,0.7327199134682312,-0.11413286703314873
0.7327199134682312,0.47208126216447444,0.8718107160749666
0.47208126216447444,0.020467023659838546,0.4318380019147156
0.020467023659838546,-0.3881658889241672,-0.2955834320800933
-0.3881658889241672,-0.29785963239106394,0.0036411847855177815
-0.29785963239106394,-0.6991684741028773,-0.13384029712612272
-0.6991684741028773,-1.052561881099885,-0.7380302794358571
-1.052561881099885,-0.6565944542572587,-0.8053622745327441
-0.6565944542572587,-0.18458190220582094,-0.17311481526959194
-0.18458190220582094,0.6005614391417021,0.03936093759804496
0.6005614391417021,0.46294120114940407,0.9094368678453781
0.46294120114940407,0.03653203556861456,0.5967174203495681
0.03653203556861456,0.4440502597418229,0.6128505614312596
0.4440502597418229,0.040369884067549044,0.6877400798930917
0.040369884067549044,0.4351554395866653,0.17342725387373598
0.4351554395866653,0.4003983847815946,0.23822071466225983
0.4003983847815946,0.001611434787963606,0.2039066883997714
0.001611434787963606,-0.033701518271914616,0.1092177802080609
-0.033701518271914616,-0.3492304552572865,-0.31634497823720914
-0.3492304552572865,0.07521486091568325,-0.35981689797945227
0.07521486091568325,-0.40312015347652425,-0.1399776094891556
-0.40312015347652425,-0.26393116805638195,0.022674067803571896
-0.26393116805638195,-0.32352055438883087,0.1786040725447181
-0.32352055438883087,0.022655840619347778,-0.5794723741138601
0.022655840619347778,-0.24869144326684467,0.2213739244223463
-0.24869144326684467,0.06732826686559665,-0.13472106992937743
0.06732826686559665,0.07769517177146626,0.4702884085307037
0.07769517177146626,-0.28670122942122694,-0.2957821603230426
-0.28670122942122694,-0.020765037453530977,0.17829713593874322
-0.020765037453530977,-0.3011210714253211,0.45308759160252
-0.3011210714253211,-0.3247368693026936,-0.1566914710271451
-0.3247368693026936,-0.032197677429532695,-0.3130034770164172
-0.032197677429532695,-0.021472429693938366,-0.07178590716966982
-0.021472429693938366,-0.057999338403671045,0.14346057198128198
-0.057999338403671045,-0.16703156227421567,-0.1733410005104029
-0.16703156227421567,-0.2971487405189224,-0.2380830868867874
-0.2971487405189224,0.5211622983487612,-0.45730227008724145
0.5211622983487612,0.1064804713357134,0.36451305691194014
0.1064804713357134,-0.05228888293146906,0.34509736831239773
-0.05228888293146906,-0.18320866469312916,-0.09125730348007854
-0.18320866469312916,-0.33651782772927247,-0.15438419598669617
-0.33651782772927247,0.49460634368011935,-0.3058177091594724
0.49460634368011935,-0.061532968308792735,-0.02330576535231399
-0.061532968308792735,0.05058777092888718,-0.06497124505029053
0.05058777092888718,-0.035399112331368554,0.18285537127995766
-0.035399112331368554,0.2296033913862692,-0.037697777144504244
0.2296033913862692,0.3849421255934269,0.12254101314639454
0.3849421255934269,0.16828930331512978,0.0808342716762108
0.16828930331512978,-0.12225306553962605,-0.3503236243999661
-0.12225306553962605,-0.8341364011698285,0.05196576327527015
-0.8341364011698285,-0.1311614247274399,-1.3972538693440146
-0.1311614247274399,-0.17143528059342444,-0.2103441924833511
-0.17143528059342444,0.4682338427293753,0.12077111023783854
0.4682338427293753,-0.019274576036157287,0.8607952696808799
-0.019274576036157287,-0.15959023513164255,-0.38905726751259184
-0.15959023513164255,-0.3893652915144383,-0.42445440327825745
-0.3893652915144383,-0.19603429421669835,-0.5980091161884609
-0.19603429421669835,0.07300359808923601,0.5225648607479274
0.07300359808923601,0.14386124638061454,0.16317460594510672
0.14386124638061454,0.15006246737092332,0.12125559280936983
0.15006246737092332,0.21090243669165115,0.5722430082141713
0.21090243669165115,-0.39990127082204363,0.25425014868098794
-0.39990127082204363,0.23310159732540287,-0.14880645266030232
0.23310159732540287,0.7258796024013412,0.497575587474007
0.7258796024013412,0.38908848256280293,1.1527212588033238
0.38908848256280293,0.2082329886472487,0.5407397579930817
0.2082329886472487,0.35788532341861123,-0.17088233551442206
0.35788532341861123,0.14693971679631268,0.23058365256263935
0.14693971679631268,0.762158514016146,-0.2727098305415155
0.762158514016146,0.3056196784638855,0.9301935964742702
0.3056196784638855,0.19496404714391005,-0.3115937440891875
0.19496404714391005,0.533276028435731,-0.16435926514631377
0.533276028435731,0.49074251306958605,0.31506400491580067
0.49074251306958605,-0.5209774335891499,0.2875361761426476
-0.5209774335891499,-1.1667749324078143,-1.2339480620119812
-1.1667749324078143,-1.2028604765748572,-0.4456468588337209
-1.2028604765748572,-0.03143663355032722,-1.518001532788925
-0.03143663355032722,-0.01729657258550258,0.03738560289179366
-0.01729657258550258,-0.22948911551544438,-0.10429589118648987
-0.22948911551544438,0.41089409763738305,-0.22340298723429847
0.41089409763738305,-0.15487945136825423,0.4675608756163178
-0.15487945136825423,-0.23479177065001505,-0.2011287425868272
-0.23479177065001505,-0.11735022377229226,0.4265163353816559
-0.11735022377229226,-0.40084789850924574,0.52618983652974
-0.40084789850924574,-1.2736510942275603,-0.06519905066782772
-1.2736510942275603,-1.6131333849000251,-1.0279017858060937
-1.6131333849000251,-0.9142643477959237,-1.029822234417937
-0.9142643477959237,-0.8978755646487342,-1.0270402594243893
-0.8978755646487342,-1.0388996957586287,-0.6972945508943393
-1.0388996957586287,-1.0848661924602905,-1.3687294093047986
-1.0848661924602905,-0.913711559945569,-0.5924397372643639
-0.913711559945569,-0.30308581572887583,-0.8518058684665315
-0.30308581572887583,-0.2405480053384706,-0.11920714714212996
-0.2405480053384706,-0.2624492567367575,-0.2526904703797546
-0.2624492567367575,-0.6556472977971795,0.0752378657311111
-0.6556472977971795,0.2870423789741755,-0.47407314736770334
0.2870423789741755,0.14409166351707797,-0.07100671586703583
0.14409166351707797,-0.09804167580978833,0.034094216141715136
-0.09804167580978833,0.7690308492898827,0.10706604011414417
0.7690308492898827,0.06176920926211843,0.5770056500616363
0.06176920926211843,0.5276018139663736,-0.17998115085004737
0.5276018139663736,0.5877214072160273,0.1431983489444391
0.5877214072160273,0.9452865015126877,1.2364696406228062
0.9452865015126877,0.4915256711347876,0.82613056588669
0.4915256711347876,0.510898539623907,0.590311812948735
0.510898539623907,1.0881837195972468,0.5399729008849127
1.0881837195972468,0.9526312593634827,0.6297797695932397
0.9526312593634827,-0.10803932584626008,0.8925886605330995
-0.10803932584626008,-0.3081165999761949,0.08938806421715609
-0.3081165999761949,-0.7146090805722589,0.3562114886215517
-0.7146090805722589,0.014112963362262976,-0.5118593950000356
0.014112963362262976,-0.018603315630445455,0.021466677455611857
-0.018603315630445455,0.36947046002882056,-0.21735121869805768
0.36947046002882056,0.07694326841299495,0.2049955346273435
0.07694326841299495,-0.09033133263967327,0.19207402045439387
-0.09033133263967327,-0.067478206473066,0.17436713899661233
-0.067478206473066,-0.3172265769915496,-0.12781820423095094
-0.3172265769915496,0.005974559900259219,0.10883009345440486
0.005974559900259219,-0.008051590884993402,-0.24116912019385975
-0.008051590884993402,0.44197641049780806,-0.16350947038892097
0.44197641049780806,0.36921472926162546,0.704914690028224
0.36921472926162546,-0.11306291214101544,0.30727585403478425
-0.11306291214101544,-0.29503421958379095,-0.0819407654741546
-0.29503421958379095,-0.21231740547338188,-0.20343762616965916
-0.21231740547338188,-0.47132475056972845,0.2700158626863146
-0.47132475056972845,-0.8802499088247445,0.07110264932482008
-0.8802499088247445,-0.4213340578072628,-0.9697594964531703
-0.4213340578072628,-0.4501966671912766,-0.8710319548730332
-0.4501966671912766,-0.6532815549205805,-0.9169559285399089
-0.6532815549205805,-0.2747014447518169,0.15321181413941065
-0.2747014447518169,-0.16137936710592882,0.1514591232829676
-0.16137936710592882,0.12179573915563105,-0.34132001825492353
0.12179573915563105,-0.308075980042922,0.3406820915341268
-0.308075980042922,-0.26061969691541576,-0.44456529891826174
-0.26061969691541576,-0.25469144031125873,0.12158882548400557
-0.25469144031125873,-0.009555956152175277,-0.5298736736936919
-0.009555956152175277,-0.25257350822307395,0.38702706953763466
-0.25257350822307395,0.34562261352617973,-0.349097182536628
0.34562261352617973,0.10612878842566513,0.15070639764831503
0.10612878842566513,-0.38808159872203074,0.08500410847370121
-0.38808159872203074,-0.3600972279641599,-0.27403384964857236
-0.3600972279641599,-0.22676209971582245,-0.31316011838611185
-0.22676209971582245,-0.5801756739156447,-0.39867362131088263
-0.5801756739156447,-0.3255938291162897,-0.3751781680398839
-0.3255938291162897,-0.2857838922350927,-0.5544021697480783
-0.2857838922350927,-0.31254721230520544,0.18927554071444783
-0.31254721230520544,-0.5481102756511215,-0.4534681212529927
-0.5481102756511215,0.02215603301335295,-0.1404160247992941
0.02215603301335295,-0.11023613118958306,0.024518223909874598
-0.11023613118958306,-0.10794305528459561,0.07062083009880085
-0.10794305528459561,0.21336945788056277,0.050348005261883294
0.21336945788056277,-0.186852127177872,0.2542423199814543
-0.186852127177872,0.013172845440495587,0.06653321936540002
0.013172845440495587,-0.11107335905436767,0.325933988696625
-0.11107335905436767,0.08423160351222353,-0.06344365007710186
0.08423160351222353,0.11810336829216028,-0.4200363513962205
0.11810336829216028,-0.23536024922738263,-0.013157984936805686
-0.23536024922738263,0.15828506597399167,-0.0520840203647088
0.15828506597399167,0.1239345551524856,0.2607516598684476
0.1239345551524856,-0.16536717071625115,0.15411682379841435
-0.16536717071625115,0.9124007373389786,0.202310054936357
0.9124007373389786,0.3412132621357651,0.3929240055132321
0.3412132621357651,0.035609688155037456,0.34913691347097425
0.035609688155037456,0.5618091378000554,0.34036328043466174
0.5618091378000554,0.059270310579146446,0.4016511070324272
0.059270310579146446,0.09181387742771131,0.3198052399311064
0.09181387742771131,-0.12078071298185833,-0.3440827070066752
-0.12078071298185833,0.3096601582466503,0.1782624835665798
0.3096601582466503,0.21559616810444238,0.5101688752782758
0.21559616810444238,0.10742988139078206,0.02984796108150825
0.10742988139078206,-0.2232215052687023,0.39331178013593626
-0.2232215052687023,0.000823242922112638,-0.14168182443728167
0.000823242922112638,0.1949120868282286,0.47775671789851587
0.1949120868282286,-0.0656316128091535,0.15046078645525457
-0.0656316128091535,0.2730193600689256,0.04925022776692075
0.2730193600689256,0.6875456771432249,0.6299926013683479
0.6875456771432249,0.8735066403083318,-0.008643178655840633
0.8735066403083318,0.6814837010002278,0.6775719359474813
0.6814837010002278,-0.05365906651446628,0.12038794880685011
-0.05365906651446628,-0.38330458072882845,0.1615703834886962
-0.38330458072882845,0.20078799239723605,-0.15734272286354642
0.20078799239723605,0.05033113578997292,0.06168672950530156
0.05033113578997292,-0.21463412721550287,0.3645898021624856
-0.21463412721550287,-0.43706867104778874,-0.5851989048176887
-0.43706867104778874,-0.18114238495429202,-0.523368212043003
-0.18114238495429202,0.2412769531157697,-0.02462150899664972
0.2412769531157697,1.0654073501378716,0.28602230776372756
1.0654073501378716,0.5451032562023577,1.0903429590949154
0.5451032562023577,-0.24641372032843162,0.31959605829125604
-0.24641372032843162,-0.13352670434395708,-0.24924470290105114
-0.13352670434395708,0.32699066387283937,-0.19828645442307583
0.32699066387283937,0.400851047528062,0.3329040976408755
0.400851047528062,0.2906035506591588,0.3161530204712124
0.2906035506591588,-0.013426313103758025,0.4253677930180574
-0.013426313103758025,-0.767743687960727,-0.11124390382824251
-0.767743687960727,-0.6978586656579284,-1.0552361913647579
-0.6978586656579284,-1.147670178617166,-0.5543297479372472
-1.147670178617166,-0.20229180933903812,-0.33632993454357607
-0.20229180933903812,-0.4368719472962102,-0.662093708749693
-0.4368719472962102,0.28801302656900574,-0.504919463070494
0.28801302656900574,0.35485071506451893,-0.14907569631140688
0.35485071506451893,0.2504945523792993,0.3049428395848544
0.2504945523792993,0.44375737978015983,0.5897336581626098
0.44375737978015983,0.12666776342156758,0.4439900089766693
0.12666776342156758,0.3056966935036264,-0.046493627134078175
0.3056966935036264,0.046432255475513606,0.26899354489698546
0.046432255475513606,0.15781799161399993,0.6048297647905415
0.15781799161399993,0.2305733242694385,-0.054246226591409985
0.2305733242694385,0.22140583648242107,-0.0220368508695562
0.22140583648242107,-0.09099941060680142,0.5097070577287515
-0.09099941060680142,-0.09472016643893813,-0.1409925037714111
-0.09472016643893813,0.30467242232569347,0.07813123975564693
0.30467242232569347,0.3021805648068562,0.6995092575029822
0.3021805648068562,0.3571549761570484,0.6971682374128314
0.3571549761570484,-0.018411826609607246,0.5405677851478021
-0.018411826609607246,-0.62626508333809,0.29656991926468235
-0.62626508333809,-0.797217209379623,-0.1573989003958221
-0.797217209379623,-0.46177343252847547,-0.5912343364457121
-0.46177343252847547,-0.26037366664334705,-0.9850464961538576
-0.26037366664334705,-0.8833738634769945,-0.16154133333147896
-0.8833738634769945,0.5624120823928772,-0.6475041213907581
0.5624120823928772,0.5883165859359942,0.39297667844541884
0.5883165859359942,0.562687954033826,0.19835012152532866
0.562687954033826,-0.49822099073938825,0.49175170841088317
-0.49822099073938825,0.3403800263826082,-0.1801123569919513
0.3403800263826082,0.5080987078169633,0.15637402706540524
0.5080987078169633,-0.25962116144278186,0.2929027659069762
-0.25962116144278186,0.03037715203786115,-0.37225217278910183
0.03037715203786115,-0.06338285646165735,-0.20141477009235492
-0.06338285646165735,-0.02171004453925766,0.5154575954815648
-0.02171004453925766,-0.05646399954852651,-0.28093340021259483
-0.05646399954852651,-0.08032778228721278,-0.042578025982398474
-0.08032778228721278,0.037602743129827726,0.07980162179182568
0.037602743129827726,-0.4730649013965914,-0.3403462488986527
-0.4730649013965914,-0.30550984266609826,-0.3772968688967947
-0.30550984266609826,0.33406694272696136,-0.03922265639664879
0.33406694272696136,0.5386400219271985,1.056838770572958
0.5386400219271985,-0.0697747342714638,0.5853609817238907
-0.0697747342714638,-0.2037984064292234,0.04463420294483478
-0.2037984064292234,-0.26048939571618424,0.01946842603405094
-0.26048939571618424,-0.16676341457249666,0.03409514015871831
-0.16676341457249666,0.11427619276188383,-0.0846734011285268
0.11427619276188383,-0.5661488643031528,0.4282041311294193
-0.5661488643031528,-0.3357238916339343,-0.7664844920553775
-0.3357238916339343,0.2972037920344212,-0.406595670731539
0.2972037920344212,0.17642686916941594,0.3107065374231495
0.17642686916941594,0.3320090515044912,0.2231931926314706
0.3320090515044912,0.6268234558779443,0.44323337591838097
0.6268234558779443,0.7698066907215618,0.6734787573719351
0.7698066907215618,0.5100191513190099,0.41154944739179256
0.5100191513190099,0.6554480644225027,0.7433220122465347
0.6554480644225027,0.5921543914876997,0.5290611618559814
0.5921543914876997,0.364594993296274,-0.044166530098605994
0.364594993296274,0.41590533856860334,0.4322974798294676
0.41590533856860334,-0.4353090374747728,0.31164142457990124
-0.4353090374747728,-0.48694222819436883,-0.18915865578247282
-0.48694222819436883,-0.440348579774141,-1.0218064380881327
-0.440348579774141,-0.9004543746232219,-0.10205561580156697
-0.9004543746232219,-0.2770372598100704,-1.0355850664418302
-0.2770372598100704,0.6212052728986879,-0.3346174975284692
0.6212052728986879,1.420953952289921,0.05285113721046053
1.420953952289921,0.33505611035170213,1.2943173701815585
0.33505611035170213,0.5502276905284249,0.4963750258814894
0.5502276905284249,1.3390990680979427,0.45329771651870515
1.3390990680979427,1.2397049290265842,1.360102135746053
1.2397049290265842,0.8382905169672084,1.1312921529816828
0.8382905169672084,0.601156536314409,1.0487645865432647
0.601156536314409,-0.023189071425821495,0.25623777256378505
-0.023189071425821495,0.529488895750276,-0.024344647473984203
0.529488895750276,0.5196919985066073,-0.0205962527031599
0.5196919985066073,-0.21330119489794397,0.28763264083287876
-0.21330119489794397,-0.7250831850146935,-0.016059448151646366
-0.7250831850146935,-1.1897397276142183,-1.040714036400566
-1.1897397276142183,-0.01513701088119268,-0.2990425953981367
-0.01513701088119268,1.037776731385006,0.13530159769721506
1.037776731385006,1.0651722227410483,1.1044351886481267
1.0651722227410483,-0.0566102810566641,1.0068413331797337
-0.0566102810566641,0.04790161275226134,0.07877571332202771
0.04790161275226134,0.6997637616255576,0.7541618890569874
0.6997637616255576,-0.09913306320203635,0.7988127248450854
-0.09913306320203635,0.05410026622816617,0.3486280426337681
0.05410026622816617,0.1652015794313366,0.14835538931782208
0.1652015794313366,0.2946782280683768,0.393607842032231
0.2946782280683768,-0.01566964820781247,-0.2667512158685238
-0.01566964820781247,-0.5573742191466686,-0.8643710646188911
-0.5573742191466686,-0.2559108731137581,-0.611350031117731
-0.2559108731137581,0.24942070814832634,-0.2919616572399584
0.24942070814832634,-0.44572466606336303,0.5910714330386115
-0.44572466606336303,-1.006684844468766,-0.341753661012466
-1.006684844468766,-1.0894911097359508,-0.9416260289711065
-1.0894911097359508,-0.10545593677206133,-1.001753284648325
-0.10545593677206133,-0.3182314129331352,-0.6550581096466094
-0.3182314129331352,-0.4042113897849029,-0.21643201477783888
-0.4042113897849029,-0.48264029092079863,0.05732139717156387
-0.48264029092079863,-0.9283547006961521,-0.8182396920818434
-0.9283547006961521,-0.6778330677360973,-0.8524824522367572
-0.6778330677360973,-0.6329528143587774,-0.27835569848237185
-0.6329528143587774,-0.43043225239780464,-0.5452529954274223
-0.43043225239780464,-0.6312311300048465,0.0430823949676456
-0.6312311300048465,-0.09986391733853428,-0.5672233529905762
-0.09986391733853428,-0.3903724670329932,-0.24966776046333888
-0.3903724670329932,0.1571314144683312,-0.7603649246172053
0.1571314144683312,-0.40635094477330874,0.09796501031311126
-0.40635094477330874,-0.8302783661227127,-0.5050174158686883
-0.8302783661227127,-0.8014107758570586,-0.6858270130272637
-0.8014107758570586,-0.45365457568677253,-0.882313956654947
-0.45365457568677253,-0.6312445723501094,-0.6397598788011403
-0.6312445723501094,-0.7668199712798355,-0.6298262958838348
-0.7668199712798355,-0.47923041178527737,-0.5473633245104862
-0.47923041178527737,-0.3406584093168118,-0.8265956648689496
-0.3406584093168118,-0.01672986248599137,-0.6571160693480276
-0.01672986248599137,-0.20932269928968789,-0.5916538854553541
-0.20932269928968789,0.3825528618690337,-0.6465661686995232
0.3825528618690337,0.7363191335894814,0.4101548640091903
0.7363191335894814,0.5305047365109055,0.6031600505412995
0.5305047365109055,0.8970436844454679,0.4853510288427244
0.8970436844454679,-0.46592583564484535,1.024824889592827
-0.46592583564484535,-0.33416228951873367,0.07101114490162325
-0.33416228951873367,-0.1440244187618307,-0.4260931403712235
-0.1440244187618307,-0.00033412161155634,-0.34749313954038574
-0.00033412161155634,0.19534107083246277,0.6411249424333216
0.19534107083246277,-0.27139387679366667,0.4623508855568946
-0.27139387679366667,-0.3949788994377841,-0.11102322933424305
-0.3949788994377841,0.12174104033288985,-0.26245704843347417
0.12174104033288985,-0.7548998430075728,0.41616904325932297
-0.7548998430075728,-0.15463629027979192,-0.682715291686911
-0.15463629027979192,0.8133676385427127,-0.35535806687590127
0.8133676385427127,0.08201925243062042,0.6233824313181013
0.08201925243062042,-0.3111542155507624,-0.32308164923536026
-0.3111542155507624,-0.21130548715723646,0.10267996597727291
-0.21130548715723646,-0.2985383111766384,-0.0857399971732782
-0.2985383111766384,-0.2548093571848992,0.12032841269457492
-0.2548093571848992,-0.6275289209895984,0.11792002435030785
-0.6275289209895984,-0.895069527943538,-0.5304297879804093
-0.895069527943538,-0.7076960532682979,-0.19100647277894023
-0.7076960532682979,-0.1943951975318186,-0.668140050993513
-0.1943951975318186,0.008091850441982934,-0.38362412805855034
0.008091850441982934,0.49904102521207855,-0.14171287582903777
0.49904102521207855,-0.6810834272475357,0.28871203003289847
-0.6810834272475357,-0.3933018628402475,0.10636875761206888
-0.3933018628402475,-0.05653699455090852,-0.3476452662933957
-0.05653699455090852,0.08584863624600739,-0.20807383544711913
0.08584863624600739,0.47207093831921604,0.89010272463901
0.47207093831921604,0.43054813248427815,0.42361341563698424
0.43054813248427815,-0.015763611894549667,0.34519755357076837
-0.015763611894549667,-0.24008083881944312,-0.17267689745244796
-0.24008083881944312,0.3964107845849063,0.034620843948589775
0.3964107845849063,-0.12903322642233117,0.32577913489720356
-0.12903322642233117,0.5163919242059549,-0.01058225813361241
0.5163919242059549,0.08647574324720941,0.16400053182004332
0.08647574324720941,0.5057030644812449,0.4984891715515627
0.5057030644812449,0.16422951354430454,-0.05981764518158866
0.16422951354430454,0.25125046684315255,0.16123656715476134
0.25125046684315255,0.09443378839648008,0.43446835633139036
0.09443378839648008,-0.5299874828405479,0.41458849060273456
-0.5299874828405479,-0.21629139179380086,-0.23817809313153168
-0.21629139179380086,-0.17695644582052014,-0.09507513292181174
-0.17695644582052014,-0.07154800011437748,-0.03081287727593328
-0.07154800011437748,0.34912775929677137,0.18583391005034644
0.34912775929677137,0.18129756792341173,0.5847560997717207
0.18129756792341173,0.5411023166618565,0.02093072456375525
0.5411023166618565,0.6106391437381389,0.5336320027445979
0.6106391437381389,0.3118343756213968,0.7398675764232122
0.3118343756213968,-0.4303376064130745,0.4223487791887561
-0.4303376064130745,0.06559247697077542,0.1971346323213058
0.06559247697077542,0.2012778511884714,0.5882019215813296
0.2012778511884714,0.15884155601878028,0.22593059563287515
0.15884155601878028,0.32327404857888886,-0.11057631042077154
0.32327404857888886,0.3284963629935548,0.1958389307079062
0.3284963629935548,0.9237669015498309,0.33925762477373334
0.9237669015498309,0.41940847765713274,0.4413839052598595
0.41940847765713274,0.12649068145338765,1.0568926893547173
0.12649068145338765,0.05082512070464896,0.17537664589174395
0.05082512070464896,0.6202507521165251,-0.013966501098767264
0.6202507521165251,0.32047324070354777,0.520942852721487
0.32047324070354777,-1.4234453453554341e-05,0.5789466392561089
-1.4234453453554341e-05,0.05358201790012498,0.12528133613191755
0.05358201790012498,0.08782855934218287,0.07859735773352003
0.08782855934218287,0.31389785151485944,-0.19909508416859106
0.31389785151485944,0.34003361054620096,0.06268947335692002
0.34003361054620096,0.32697139675127906,1.0274367981289991
0.32697139675127906,-0.18553425513817876,0.10957469242863863
-0.18553425513817876,-0.660879474817856,0.07245341505874914
-0.660879474817856,-0.43184187235362187,-0.45614252239866465
-0.43184187235362187,-0.01565992905804761,-0.4413454469868874
-0.01565992905804761,0.4946332703205979,-0.07426900551675575
0.4946332703205979,0.28541625476083043,0.5151469816674946
0.28541625476083043,0.5400792666644247,0.31920185139035634
0.5400792666644247,0.009449171897197739,-0.021050763385624782
0.009449171897197739,-0.013368184118875893,-0.2475506941759639
-0.013368184118875893,-0.3083271171984751,0.20875051832401217
-0.3083271171984751,0.6408173466126686,-0.9636688619476171
0.6408173466126686,0.24262575367144243,0.6055254591640205
0.24262575367144243,0.3910730525260153,0.700542471401241
0.3910730525260153,0.057397370216957344,-0.016044489235585047
0.057397370216957344,0.013543945676780196,0.0021299699594713936
0.013543945676780196,-0.9087429095639892,-0.06801759750521871
-0.9087429095639892,-1.0053125258717523,-0.5877540822065412
-1.0053125258717523,-0.47097573086471756,-0.6604001300335451
-0.47097573086471756,-0.3885080771308137,-0.45594142678450195
-0.3885080771308137,-0.13599079452981488,-0.5108658177148252
-0.13599079452981488,0.33039596027858753,-0.09424026954843572
0.33039596027858753,-0.7122029112995183,0.5165289052772268
-0.7122029112995183,-0.7308597700139963,-0.6754088220944624
-0.7308597700139963,-0.26866616788424164,-0.7652919550009476
-0.26866616788424164,0.20062345050462796,-0.2751809347485102
0.20062345050462796,0.7455714767457492,-0.2030256323636106
0.7455714767457492,0.04440453067233474,0.4762553425987809
0.04440453067233474,-0.4621087569412168,-0.38466874709761917
-0.4621087569412168,-0.8291746289460638,0.2881402183849014
-0.8291746289460638,-0.44200066190584875,-0.7226785540707865
-0.44200066190584875,-0.4014836527834735,-0.5980324745816297
-0.4014836527834735,0.13699792902111346,-0.6583367968185145
0.13699792902111346,-0.6090016839940244,0.12663712821517764
-0.6090016839940244,-0.8104682337410045,-0.17531482434758966
-0.8104682337410045,-0.4666216278534978,-0.2294006519000819
-0.4666216278534978,-0.05327895267738905,0.14797462205704387
-0.05327895267738905,-0.7591883705205622,-0.4747079580986722
-0.7591883705205622,-1.246268448808122,-0.6663995824908425
-1.246268448808122,-1.1962030107029193,-1.4535501901136423
-1.1962030107029193,-0.7213554573623526,-1.0263276451781644
-0.7213554573623526,-0.2656941262874112,-0.575956419454836
-0.2656941262874112,-0.6700624295476001,0.05747128355158057
-0.6700624295476001,0.16032986668318583,-0.5133373186568244
0.16032986668318583,0.306685151155303,0.35361783851313944
0.306685151155303,0.9589464223492618,0.6720343492203382
0.9589464223492618,0.210234665892937,0.6343683634704583
0.210234665892937,-0.6707172641345764,-0.029721958323194103
-0.6707172641345764,-0.2798501738922899,-0.6719811015826269
-0.2798501738922899,0.00265019799058977,-0.0629925576769089
0.00265019799058977,-0.5262899739230553,-0.12297005294266802
-0.5262899739230553,-1.0240478430842144,-0.3442018454008822
-1.0240478430842144,-0.7397550344282742,-0.93353198059825
-0.7397550344282742,-0.9242053967100885,-0.8876558985762457
-0.9242053967100885,-1.0673609046748773,-0.7553462356159859
-1.0673609046748773,0.0033384456676351926,-0.39166327279178675
0.0033384456676351926,0.03711750144527859,-0.21484858105485924
0.03711750144527859,-0.07698294412427543,-0.28457528164684903
-0.07698294412427543,-0.09156549704325158,-0.3591778415438942
-0.09156549704325158,-0.8484297247003756,-0.22958724986143147
-0.8484297247003756,-1.3438160230981904,-0.8324822384627519
-1.3438160230981904,-1.2125520145183377,-1.178377058880258
-1.2125520145183377,-0.5015152312528571,-0.829691656896699
-0.5015152312528571,-0.3604365743641126,-0.22040968465029265
-0.3604365743641126,0.029151020172411973,-0.06689148766394529
0.029151020172411973,-0.32189641436871896,0.3741054027206808
-0.32189641436871896,-0.14841123345175877,-0.11348218653898307
-0.14841123345175877,-0.01942860248421739,0.14181005734136576
-0.01942860248421739,-0.18984414848044223,-0.09097031110717664
-0.18984414848044223,0.09312680502736095,-0.5333047825067005
0.09312680502736095,0.6488857456383837,0.28812368151946527
0.6488857456383837,0.23224252212696633,0.6412299988057893
0.23224252212696633,-0.6192342737359142,0.15572089296108999
-0.6192342737359142,-0.30925325926025377,-0.30831354442928505
-0.30925325926025377,0.3527591583158627,-0.2868302310867982
0.3527591583158627,0.07501612774742417,-0.010834569627607094
0.07501612774742417,-0.02682153381813364,-0.335988370356891
-0.02682153381813364,0.2959533283457254,-0.09044535273219423
0.2959533283457254,-0.008474540541843267,0.10693944000068525
-0.008474540541843267,0.051020171740766944,0.14076106899953256
0.051020171740766944,0.3086510294868429,-0.3493727915433612
0.3086510294868429,0.6122096672922257,0.25791045638251
0.6122096672922257,0.3642262339895701,0.5552188458090879
0.3642262339895701,0.6461950507679766,0.26259448999427026
0.6461950507679766,0.11148918455784163,0.5104503390430333
0.11148918455784163,0.13861696296335718,-0.1621696672368152
0.13861696296335718,0.26354485322226723,-0.0564645850975386
0.26354485322226723,-0.439132541846882,0.1677283626818284
-0.439132541846882,-0.07180223782657358,-0.12180200420383158
-0.07180223782657358,-0.16928295981455393,0.19718492644458033
-0.16928295981455393,0.03838995323824619,-0.2593817115528061
0.03838995323824619,-0.1598765280207005,-0.24251519716673925
-0.1598765280207005,-0.3165024726100458,-0.1522538256147816
-0.3165024726100458,-0.4747851222708317,-0.2606949163568028
-0.4747851222708317,0.09073561231469146,-0.11927675144925504
0.09073561231469146,-0.2217394865966486,-0.24256223287268217
-0.2217394865966486,0.24927577302401377,0.15412621348550176
0.24927577302401377,0.49930829711233427,0.009662377387854415
0.49930829711233427,0.35154887761556436,0.3447718041956161
0.35154887761556436,0.24550378506720283,0.48269488946942685
0.24550378506720283,0.41139797970144854,-0.0658360056886523
0.41139797970144854,-0.17597687377909943,0.8515043630858709
-0.17597687377909943,-0.5182727894241044,0.5714103967467281
-0.5182727894241044,-0.4547915091520164,-0.5128882422395389
-0.4547915091520164,-0.33593146702214516,-0.8979256979524421
-0.33593146702214516,-0.11548344185557038,-0.4544711555865335
-0.11548344185557038,0.6317513136563334,0.20705014202372451
0.6317513136563334,-0.045312543535739824,0.25839741531290683
-0.045312543535739824,0.18575994113352903,-0.29318206588030266
0.18575994113352903,0.2199894188604662,0.5780756540018793
0.2199894188604662,0.45817102292770007,0.24099768923576537
0.45817102292770007,-0.22386041142587443,0.5103702476716762
-0.22386041142587443,0.105576021187373,-0.08429414161830698
0.105576021187373,0.23809749149784132,-0.09008891083636561
0.23809749149784132,-0.4754830669087721,0.13474604647822536
-0.4754830669087721,-0.5383482452893692,-0.3658745199750222
-0.5383482452893692,-1.1702645545594637,-0.1747856776417856
-1.1702645545594637,-1.0027287781468863,-1.1376330711866425
-1.0027287781468863,-0.5591098194072006,-0.6060745282185898
-0.5591098194072006,-0.5501898077024949,-0.6394258402723256
-0.5501898077024949,-0.5561395375452005,-0.3008105708003054
-0.5561395375452005,0.08657561792225033,-0.5085025954446439
0.08657561792225033,0.4103876010840184,-0.7898173229657703
0.4103876010840184,0.5141133139239533,0.20320495042999678
0.5141133139239533,0.5432588269494425,0.9194086411650539
0.5432588269494425,0.08006817453329354,0.5032068831938281
0.08006817453329354,-0.09650328891832188,-0.1623900207884149
-0.09650328891832188,-0.0868005921715907,0.05466298049916064
-0.0868005921715907,-0.1476716804360105,-0.41131570657357347
-0.1476716804360105,0.6739280545936834,-0.48342409343156784
0.6739280545936834,0.26742058469531405,0.6526731186806496
0.26742058469531405,0.27969443085094126,0.1352852042470702
0.27969443085094126,0.5704045040987592,0.3190448710504541
0.5704045040987592,0.5768750839792326,1.0454376488951955
0.5768750839792326,0.4167454972994822,0.2854812821954713
0.4167454972994822,-0.14379183658185019,0.12157675890195013
-0.14379183658185019,0.08615086407615478,-0.10730627580168645
0.08615086407615478,-0.30004493756589645,0.5020836046051391
-0.30004493756589645,-0.10704448018771708,-0.190850791492836
-0.10704448018771708,-0.4911086951701502,-0.2985095819183032
-0.4911086951701502,-0.20122991997035033,-0.1389386040118581
-0.20122991997035033,-0.44285210531799507,0.4451649999104964
-0.44285210531799507,-0.422896867826011,-0.5349506784566592
-0.422896867826011,-0.16121798341220095,0.0689631124833679
-0.16121798341220095,0.995156895703542,-0.26360183943259663
0.995156895703542,0.23766269461866119,0.7540538737398752
0.23766269461866119,0.5208448636017089,-0.29789834394755565
0.5208448636017089,0.5801133290470218,-0.01820583303864365
0.5801133290470218,0.46097029623740354,0.5019782368229422
0.46097029623740354,-0.09181136386128175,0.6263025151566155
-0.09181136386128175,0.04210097316655143,0.1340452064986643
0.04210097316655143,-0.4293435150812258,0.2690311769757763
-0.4293435150812258,-0.3625681729724753,0.4480637608409418
-0.3625681729724753,-0.8023227974149223,-0.30089416718268885
-0.8023227974149223,-0.2805691506177963,-0.5543470245453054
-0.2805691506177963,-0.6458928984981422,0.03798621525657275
-0.6458928984981422,0.07867043121764689,-0.9075111581747112
0.07867043121764689,-0.2515030922932575,0.2796893436126548
-0.2515030922932575,-0.16359264363765808,0.032491121888084284
-0.16359264363765808,-0.5866723157806204,0.11458693610383708
-0.5866723157806204,-1.3982173949774035,0.3869104950435662
-1.3982173949774035,-1.4153022263305322,-1.0521039595563193
-1.4153022263305322,-1.7747795129046857,-1.2399672719717574
-1.7747795129046857,-1.2431806567921204,-1.6792192039342941
-1.2431806567921204,-0.9223074169083719,-0.8793154861380338
-0.9223074169083719,-0.34166426486004875,-0.5586233691215852
-0.34166426486004875,-0.6150984557388472,-0.17901576187035673
-0.6150984557388472,-0.8193174963588454,-0.5498839117664411
-0.8193174963588454,-0.46133919216189523,-0.14106108088431724
-0.46133919216189523,-0.6660044628198347,-0.7139490108257116
-0.6660044628198347,-0.3797044960949814,-0.26189254664360967
-0.3797044960949814,-0.2311004003319236,-0.21940357042528136
-0.2311004003319236,1.0103056861159874,0.010225821371406263
1.0103056861159874,0.34344218473519506,0.609339285849107
0.34344218473519506,-0.4136857241070522,-0.004401514528040329
-0.4136857241070522,-0.4355681131585999,-0.09881052716215857
-0.4355681131585999,-0.6231809939732726,-0.8063523273528351
-0.6231809939732726,-0.7255249886966579,-0.5173298150308693
-0.7255249886966579,0.23511941905111094,-0.1027301205793818
0.23511941905111094,-0.4656714356273932,0.23950845822065112
-0.4656714356273932,-0.5485904621521491,-0.39325667242343476
-0.5485904621521491,-0.3524894252036899,-0.6004090380688363
-0.3524894252036899,-0.640884239140686,-0.1569693737441039
-0.640884239140686,0.012416758713638676,-0.8295489673586236
0.012416758713638676,-0.44387734233262816,-0.07105117889347118
-0.44387734233262816,-0.46110422391766415,-0.3620157839088217
-0.46110422391766415,0.061692433562384685,-0.3191234088749686
0.061692433562384685,0.12924190904249852,-0.010303495935987866
0.12924190904249852,0.16950934915682667,0.35032052019864646
0.16950934915682667,-0.004157415044462112,0.7449537315255863
-0.004157415044462112,-0.357008216197383,-0.0573523272598297
-0.357008216197383,-0.9837707855955227,-0.242581971229364
-0.9837707855955227,-0.7433061167635246,-1.1756217789238779
-0.7433061167635246,-0.147498153763503,-0.410072873538705
-0.147498153763503,0.006605257926277239,0.41904713714554964
