name,signal,next_signal,next_return,trading_cost
persistent_strong,-0.5682011269033944,-1.3587783458089904,0.31806315089817905,2.5
persistent_strong,-1.3587783458089904,-0.7883613236148683,-0.4243078264792151,2.5
persistent_strong,-0.7883613236148683,-0.279989293973637,-0.9467737402192563,2.5
persistent_strong,-0.279989293973637,-0.357750709239259,-0.28838843608162695,2.5
persistent_strong,-0.357750709239259,-0.11375093538112893,-0.4092247868977641,2.5
persistent_strong,-0.11375093538112893,0.6809517015676597,0.47011689356925246,2.5
persistent_strong,0.6809517015676597,1.0085013552523907,-0.15900164840591885,2.5
persistent_strong,1.0085013552523907,1.1050686164595986,1.221673039456372,2.5
persistent_strong,1.1050686164595986,1.1714407456659373,0.3961866665651347,2.5
persistent_strong,1.1714407456659373,0.5251184274308691,0.8134638088489383,2.5
persistent_strong,0.5251184274308691,0.8433999026491807,-0.07927909280198531,2.5
persistent_strong,0.8433999026491807,-0.08395634298733068,0.9899868274547687,2.5
persistent_strong,-0.08395634298733068,-0.21492726327601597,-0.41382224167215165,2.5
persistent_strong,-0.21492726327601597,-0.36442549377564304,0.7770427107785352,2.5
persistent_strong,-0.36442549377564304,-1.0620853027757065,0.03718034786610447,2.5
persistent_strong,-1.0620853027757065,-0.878079035315705,-0.051426167039154425,2.5
persistent_strong,-0.878079035315705,0.054653136939230906,-0.09491210002589828,2.5
persistent_strong,0.054653136939230906,-0.11042785511870157,-0.4697204553249113,2.5
persistent_strong,-0.11042785511870157,-0.6295552301092888,0.6915407349185528,2.5
persistent_strong,-0.6295552301092888,-0.5320272528131414,-1.1669381294289676,2.5
persistent_strong,-0.5320272528131414,-0.03071531476880579,-0.2110069215980254,2.5
persistent_strong,-0.03071531476880579,0.06299020652300374,0.3830562113418989,2.5
persistent_strong,0.06299020652300374,0.047932788679515274,0.557157602027275,2.5
persistent_strong,0.047932788679515274,-0.5967624411134032,-0.3773190770395271,2.5
persistent_strong,-0.5967624411134032,-0.24001761996351273,-0.5676364959088491,2.5
persistent_strong,-0.24001761996351273,0.03136524548112407,-0.2729451503158743,2.5
persistent_strong,0.03136524548112407,0.6280346840480401,-0.5999650082954616,2.5
persistent_strong,0.6280346840480401,1.1599410266869001,0.07765829555937656,2.5
persistent_strong,1.1599410266869001,1.2146163418612541,-0.06288977599713674,2.5
persistent_strong,1.2146163418612541,0.2083131501180271,0.7263592330914547,2.5
persistent_strong,0.2083131501180271,-0.48344281890481,-0.07613054987320468,2.5
persistent_strong,-0.48344281890481,-0.8711757035142289,-0.7109481090650803,2.5
persistent_strong,-0.8711757035142289,-0.5468008177389208,-0.8362235519168111,2.5
persistent_strong,-0.5468008177389208,-0.7807653837613588,-0.20541563268707672,2.5
persistent_strong,-0.7807653837613588,-0.01970505184949678,-0.8424793301341705,2.5
persistent_strong,-0.01970505184949678,0.09436492689132718,-0.8380087270160065,2.5
persistent_strong,0.09436492689132718,0.23774997104048912,-0.6291130237546855,2.5
persistent_strong,0.23774997104048912,0.5231736245334027,0.1682441277693343,2.5
persistent_strong,0.5231736245334027,0.5611869827786113,-0.8394018047762192,2.5
persistent_strong,0.5611869827786113,-0.19702930726636098,0.22338279150471133,2.5
persistent_strong,-0.19702930726636098,0.9496852712934218,0.3144913779509167,2.5
persistent_strong,0.9496852712934218,1.3990995191566817,-0.011248676792677104,2.5
persistent_strong,1.3990995191566817,1.7767055270365475,0.3524023563155224,2.5
persistent_strong,1.7767055270365475,1.0494631262360294,-0.1461291224362884,2.5
persistent_strong,1.0494631262360294,-0.012792760624644739,-0.17459670450532433,2.5
persistent_strong,-0.012792760624644739,-0.6879639737864086,-0.394158297848648,2.5
persistent_strong,-0.6879639737864086,-1.010670345840234,-0.17365424473057953,2.5
persistent_strong,-1.010670345840234,-0.39136010997962845,-0.7119618739015819,2.5
persistent_strong,-0.39136010997962845,0.09988284907949063,-0.8641882707642403,2.5
persistent_strong,0.09988284907949063,0.7341854338035224,-0.33430049855268584,2.5
persistent_strong,0.7341854338035224,1.5367671185530691,-0.4405534642695713,2.5
persistent_strong,1.5367671185530691,1.4330867763600217,1.533607164980479,2.5
persistent_strong,1.4330867763600217,1.2773605067482985,0.17876618933008154,2.5
persistent_strong,1.2773605067482985,0.8329901457550948,1.3145810346800864,2.5
persistent_strong,0.8329901457550948,0.4983241010178454,-0.6037042185106287,2.5
persistent_strong,0.4983241010178454,-0.1323098701048609,-0.4002739760372941,2.5
persistent_strong,-0.1323098701048609,0.12665835836950223,0.6745350738067644,2.5
persistent_strong,0.12665835836950223,0.24197048750748446,-0.16750058870071932,2.5
persistent_strong,0.24197048750748446,0.006397751982667149,1.2264716882707083,2.5
persistent_strong,0.006397751982667149,-0.359773236576684,0.39544292242579565,2.5
persistent_strong,-0.359773236576684,-0.07499498177108652,0.5628439788101872,2.5
persistent_strong,-0.07499498177108652,0.5292759433786658,-0.9544579206374926,2.5
persistent_strong,0.5292759433786658,0.4495093896663204,0.27129656921070255,2.5
persistent_strong,0.4495093896663204,0.4783133937360017,-0.05908617552092421,2.5
persistent_strong,0.4783133937360017,0.12640954965242074,1.0386068766206,2.5
persistent_strong,0.12640954965242074,-0.013237183739723546,-0.2511774113834153,2.5
persistent_strong,-0.013237183739723546,-0.1527510063097754,-0.05408020137342056,2.5
persistent_strong,-0.1527510063097754,-0.2474311746098636,-0.5722748220268272,2.5
persistent_strong,-0.2474311746098636,-0.46175646671981424,-1.08523540025498,2.5
persistent_strong,-0.46175646671981424,-0.1817975238718613,0.07457020677219625,2.5
persistent_strong,-0.1817975238718613,0.4430761139431163,-0.34580167205116,2.5
persistent_strong,0.4430761139431163,-0.08062961394429996,0.3056781063487446,2.5
persistent_strong,-0.08062961394429996,0.5667519313167609,-0.6548569719231099,2.5
persistent_strong,0.5667519313167609,0.26071540718312725,0.12430638097300202,2.5
persistent_strong,0.26071540718312725,0.03816806516183752,-0.4459675083056404,2.5
persistent_strong,0.03816806516183752,-0.9406385601380745,-0.3567296148917897,2.5
persistent_strong,-0.9406385601380745,-1.823362143174319,-0.390290014712541,2.5
persistent_strong,-1.823362143174319,-1.0912461028231282,-1.1523711784658646,2.5
persistent_strong,-1.0912461028231282,-1.342159495235816,-0.23833116177934724,2.5
persistent_strong,-1.342159495235816,-0.6844956625743919,-1.295265251204741,2.5
persistent_strong,-0.6844956625743919,-0.5111249730894107,-0.6068838595715285,2.5
persistent_strong,-0.5111249730894107,-0.28596456402122966,0.42491451247315215,2.5
persistent_strong,-0.28596456402122966,0.37693478432659333,-0.6165172217787246,2.5
persistent_strong,0.37693478432659333,0.26144934662681657,-0.9237037709749387,2.5
persistent_strong,0.26144934662681657,-1.2658188417364347,0.7132605652711841,2.5
persistent_strong,-1.2658188417364347,-1.7697201182903686,-0.7019587464869321,2.5
persistent_strong,-1.7697201182903686,-0.9426972745540347,-1.4091841216157177,2.5
persistent_strong,-0.9426972745540347,0.16320224993061516,-1.1365294903333847,2.5
persistent_strong,0.16320224993061516,0.08411977288385342,0.2850326092527783,2.5
persistent_strong,0.08411977288385342,-0.25037612542145615,-0.6970281165804131,2.5
persistent_strong,-0.25037612542145615,-0.8217902557970365,-1.1505709097902412,2.5
persistent_strong,-0.8217902557970365,-0.39527213426933283,-0.09448845732912847,2.5
persistent_strong,-0.39527213426933283,-1.1173614106945886,-0.13812516293665986,2.5
persistent_strong,-1.1173614106945886,-1.4321568940137732,-0.23567368180815662,2.5
persistent_strong,-1.4321568940137732,-1.0559125119628063,-1.0038367811073963,2.5
persistent_strong,-1.0559125119628063,-0.7777412981076182,-0.32145722861291176,2.5
persistent_strong,-0.7777412981076182,-0.7231046471254177,-0.9651302419480634,2.5
persistent_strong,-0.7231046471254177,-0.08549738514542315,-0.6028974695262672,2.5
persistent_strong,-0.08549738514542315,-0.6262228421543605,-0.02977424876378189,2.5
persistent_strong,-0.6262228421543605,-1.0243268524887557,-0.21537836746135217,2.5
persistent_strong,-1.0243268524887557,-0.9872361620466366,0.10374786679499609,2.5
persistent_strong,-0.9872361620466366,-0.740730618960816,-0.04786882527521186,2.5
persistent_strong,-0.740730618960816,-0.7297645734840447,-0.8816181212778319,2.5
persistent_strong,-0.7297645734840447,0.32749569116433963,-0.6734214923946238,2.5
persistent_strong,0.32749569116433963,-0.016297078703165546,0.4913999792907555,2.5
persistent_strong,-0.016297078703165546,0.27319325980319686,0.6706216505688436,2.5
persistent_strong,0.27319325980319686,-0.05078860282146816,0.37098643803505366,2.5
persistent_strong,-0.05078860282146816,0.10470023261720411,-0.2588573651195344,2.5
persistent_strong,0.10470023261720411,-0.11763426150123163,0.16933474851334715,2.5
persistent_strong,-0.11763426150123163,-0.2686166166620345,0.5893185805486337,2.5
persistent_strong,-0.2686166166620345,0.5211263302096085,0.6399052091500915,2.5
persistent_strong,0.5211263302096085,0.25481560233557493,-0.09210042265337437,2.5
persistent_strong,0.25481560233557493,0.9714680909920698,-0.4250690756109225,2.5
persistent_strong,0.9714680909920698,0.4249576973019689,0.4424756410064152,2.5
persistent_strong,0.4249576973019689,0.12050887992009895,-0.15327769246141335,2.5
persistent_strong,0.12050887992009895,0.5932466338486009,0.05598390780382229,2.5
persistent_strong,0.5932466338486009,-0.653115854156169,-0.23209400868293348,2.5
persistent_strong,-0.653115854156169,-1.2626650537479862,-0.08992423739815517,2.5
persistent_strong,-1.2626650537479862,-0.9767919865311419,-0.24054179188567265,2.5
persistent_strong,-0.9767919865311419,-0.5472915969389358,0.4076994312195683,2.5
persistent_strong,-0.5472915969389358,-0.16909394416896995,0.473973235377094,2.5
persistent_strong,-0.16909394416896995,-0.2786075474255312,0.06039871424366476,2.5
persistent_strong,-0.2786075474255312,-0.8676935100904971,-0.5994886222130977,2.5
persistent_strong,-0.8676935100904971,-0.30130283638734745,0.11295109445489243,2.5
persistent_strong,-0.30130283638734745,-0.03416167161955688,-0.47738911405815176,2.5
persistent_strong,-0.03416167161955688,-0.5402552407683988,-0.7952303439284907,2.5
persistent_strong,-0.5402552407683988,-0.38262719129484074,-0.39207677894175663,2.5
persistent_strong,-0.38262719129484074,0.521112162939307,-0.906556733072538,2.5
persistent_strong,0.521112162939307,0.4621968883116252,1.2297311419563255,2.5
persistent_strong,0.4621968883116252,-0.1808615530828896,0.7654221365543191,2.5
persistent_strong,-0.1808615530828896,-0.33594204321761584,0.6374724846688687,2.5
persistent_strong,-0.33594204321761584,-0.43050835752049177,-0.4212445931909642,2.5
persistent_strong,-0.43050835752049177,-0.18109786582471923,-0.29736688509716896,2.5
persistent_strong,-0.18109786582471923,0.26991071332461436,-0.01593932665191089,2.5
persistent_strong,0.26991071332461436,-0.2170511452612134,-0.1669854642139062,2.5
persistent_strong,-0.2170511452612134,-0.46770369096035036,-0.13012934989625977,2.5
persistent_strong,-0.46770369096035036,0.09901189944095279,-0.01939111385817796,2.5
persistent_strong,0.09901189944095279,0.41356748772915963,-0.4046305603662431,2.5
persistent_strong,0.41356748772915963,0.9403617528390531,0.08875038939842993,2.5
persistent_strong,0.9403617528390531,0.06476080583872768,1.0348454758179602,2.5
persistent_strong,0.06476080583872768,-0.38817567296165345,0.06059914020790953,2.5
persistent_strong,-0.38817567296165345,0.15513004523859764,-1.1862787017893086,2.5
persistent_strong,0.15513004523859764,-0.31502759765257937,-0.4961180400590398,2.5
persistent_strong,-0.31502759765257937,-0.09900821539306795,-0.5650919024923434,2.5
persistent_strong,-0.09900821539306795,-0.10365436871505246,-0.34439839875779177,2.5
persistent_strong,-0.10365436871505246,-0.4239936783760806,0.013050698543829356,2.5
persistent_strong,-0.4239936783760806,0.33840552414553887,-0.7194116024360231,2.5
persistent_strong,0.33840552414553887,0.25564752176850297,0.9498005865707284,2.5
persistent_strong,0.25564752176850297,-0.03431485802635631,-0.05727940071716604,2.5
persistent_strong,-0.03431485802635631,-0.10149340443709237,0.20954509551697645,2.5
persistent_strong,-0.10149340443709237,0.03274274809232454,-0.5689420946795306,2.5
persistent_strong,0.03274274809232454,-0.6971593311924065,-1.169308092022114,2.5
persistent_strong,-0.6971593311924065,-0.9408833212697094,-0.07839633960060788,2.5
persistent_strong,-0.9408833212697094,-1.321778693045686,-7.325296478638554e-05,2.5
persistent_strong,-1.321778693045686,-1.9959680443802381,-0.05363577592100888,2.5
persistent_strong,-1.9959680443802381,-1.111068014897525,-0.9387259534590793,2.5
persistent_strong,-1.111068014897525,-0.21163697301811946,-0.40594981776509037,2.5
persistent_strong,-0.21163697301811946,0.37775899517686706,-0.5869567933328005,2.5
persistent_strong,0.37775899517686706,-0.5178062349512349,-0.7578483121702336,2.5
persistent_strong,-0.5178062349512349,-0.2229661934037496,-0.21718536065236546,2.5
persistent_strong,-0.2229661934037496,0.13544351086723835,0.14269471155853403,2.5
persistent_strong,0.13544351086723835,-0.15717341235806476,0.2755412510049804,2.5
persistent_strong,-0.15717341235806476,0.2496351996627229,0.3647722019119641,2.5
persistent_strong,0.2496351996627229,-0.31806824781900167,0.6047602301606416,2.5
persistent_strong,-0.31806824781900167,-0.7417827413184861,0.26899179242474736,2.5
persistent_strong,-0.7417827413184861,-0.9619299597637168,0.07141913422294438,2.5
persistent_strong,-0.9619299597637168,-1.08240616580858,-0.29816941986567774,2.5
persistent_strong,-1.08240616580858,-1.3076782934412907,-0.7977277520808377,2.5
persistent_strong,-1.3076782934412907,-0.5824431204544885,-1.6696273232675118,2.5
persistent_strong,-0.5824431204544885,-0.9460147806382546,-0.1598001676529506,2.5
persistent_strong,-0.9460147806382546,-0.9526335828055075,0.33339734014960953,2.5
persistent_strong,-0.9526335828055075,-1.0365796205069902,-0.1571655901798944,2.5
persistent_strong,-1.0365796205069902,0.19475822088609795,0.6212163359663085,2.5
persistent_strong,0.19475822088609795,-0.2607610553739466,0.4629297142781311,2.5
persistent_strong,-0.2607610553739466,0.009930155030309251,-1.1986329922315835,2.5
persistent_strong,0.009930155030309251,0.8358071165010135,0.6242864861237061,2.5
persistent_strong,0.8358071165010135,0.10924802023180125,-0.1025159379913615,2.5
persistent_strong,0.10924802023180125,-0.29646066042195174,0.052371882767398514,2.5
persistent_strong,-0.29646066042195174,-0.38408487411398046,-0.28631189417460035,2.5
persistent_strong,-0.38408487411398046,-0.9058075931099812,-0.11622048556044312,2.5
persistent_strong,-0.9058075931099812,-0.15009191408685663,0.5881618182880706,2.5
persistent_strong,-0.15009191408685663,-0.335577725174499,0.6737259197810301,2.5
persistent_strong,-0.335577725174499,0.21540127797755776,-0.8062403200278931,2.5
persistent_strong,0.21540127797755776,0.4084864297424958,0.4160852659798591,2.5
persistent_strong,0.4084864297424958,0.32655018595354657,-0.12062290993970087,2.5
persistent_strong,0.32655018595354657,0.6887640890837945,0.9382686216312074,2.5
persistent_strong,0.6887640890837945,0.39777109852220327,1.2706702214346182,2.5
persistent_strong,0.39777109852220327,0.7877427740423888,0.0772013508152882,2.5
persistent_strong,0.7877427740423888,0.016847653598160983,1.0099410613648268,2.5
persistent_strong,0.016847653598160983,-0.3263888610500057,0.7485497126586566,2.5
persistent_strong,-0.3263888610500057,0.2916859961775677,0.44246378694865934,2.5
persistent_strong,0.2916859961775677,-0.7245384046881892,0.9102610302284574,2.5
persistent_strong,-0.7245384046881892,-0.3507966154255442,-0.1870519723184223,2.5
persistent_strong,-0.3507966154255442,-0.4611370607214389,0.2423007826409499,2.5
persistent_strong,-0.4611370607214389,-0.6082737927316413,-0.019976148592256077,2.5
persistent_strong,-0.6082737927316413,-0.7917003902676649,-0.01209177882287324,2.5
persistent_strong,-0.7917003902676649,-0.0366838870626639,-0.1391286938826596,2.5
persistent_strong,-0.0366838870626639,-0.7206688667950923,-0.9753192086452231,2.5
persistent_strong,-0.7206688667950923,-0.18628936407601215,-0.21204466204325229,2.5
persistent_strong,-0.18628936407601215,0.06941338670075015,0.6901912064216236,2.5
persistent_strong,0.06941338670075015,-0.13924988097960028,-0.5084202508778022,2.5
persistent_strong,-0.13924988097960028,-0.14854647283116126,-0.16785378001966927,2.5
persistent_strong,-0.14854647283116126,0.20227695945599564,-1.5454624561982062,2.5
persistent_strong,0.20227695945599564,-0.11124859823897548,0.40476893943037434,2.5
persistent_strong,-0.11124859823897548,-0.7715109929682,0.12345585495065373,2.5
persistent_strong,-0.7715109929682,-0.47487038681093585,0.27239813001119867,2.5
persistent_strong,-0.47487038681093585,-0.7514021084295722,0.7397738346495851,2.5
persistent_strong,-0.7514021084295722,-0.7719795284252593,-0.6713595973767434,2.5
persistent_strong,-0.7719795284252593,-0.578518618764036,-0.6093832919640272,2.5
persistent_strong,-0.578518618764036,-0.11947859427285051,0.14768079209597385,2.5
persistent_strong,-0.11947859427285051,0.7243065162730502,-0.22683633232475456,2.5
persistent_strong,0.7243065162730502,0.7191087626283805,0.7451382691118547,2.5
persistent_strong,0.7191087626283805,0.6127110213491854,-0.5294446532564367,2.5
persistent_strong,0.6127110213491854,0.8466925376575078,0.18169536051440946,2.5
persistent_strong,0.8466925376575078,0.7890129297711624,-0.1663865020269889,2.5
persistent_strong,0.7890129297711624,-0.14560409556812592,-0.45122700225710316,2.5
persistent_strong,-0.14560409556812592,-0.384849135394267,0.06979890832100144,2.5
persistent_strong,-0.384849135394267,-0.8580374974408957,-0.7198721038361112,2.5
persistent_strong,-0.8580374974408957,-0.35579276740057164,-0.6448298735280678,2.5
persistent_strong,-0.35579276740057164,0.29550106439352986,-0.3948613607342406,2.5
persistent_strong,0.29550106439352986,0.3907846855667828,-1.4185024890841764,2.5
persistent_strong,0.3907846855667828,-0.15938046321513444,0.544517686268081,2.5
persistent_strong,-0.15938046321513444,0.23620643138667727,0.11406870580598595,2.5
persistent_strong,0.23620643138667727,-0.24935938858238116,0.20788695579417327,2.5
persistent_strong,-0.24935938858238116,-0.08050259014713194,-0.2858983462208321,2.5
persistent_strong,-0.08050259014713194,-0.6027306694009938,0.7272393542864505,2.5
persistent_strong,-0.6027306694009938,-1.094332957194349,-0.07654719247430139,2.5
persistent_strong,-1.094332957194349,-1.4855792083158548,-1.0419008680787492,2.5
persistent_strong,-1.4855792083158548,-1.1509752473343946,-0.40616897138497887,2.5
persistent_strong,-1.1509752473343946,-1.1955929565875016,0.1530408384395301,2.5
persistent_strong,-1.1955929565875016,-0.7361695562460924,-0.5555549255119183,2.5
persistent_strong,-0.7361695562460924,-1.1589155896074965,-0.3349737685813811,2.5
persistent_strong,-1.1589155896074965,-0.6833393283970399,-0.22638879631690506,2.5
persistent_strong,-0.6833393283970399,-0.8116586374476156,0.14042805873248532,2.5
persistent_strong,-0.8116586374476156,-0.06943023591939934,-0.08076976657426105,2.5
persistent_strong,-0.06943023591939934,0.40472630445047564,-0.20553555683920904,2.5
persistent_strong,0.40472630445047564,0.21837031452941974,0.5437666606517868,2.5
persistent_strong,0.21837031452941974,0.2190551822214339,-0.014219940273647286,2.5
persistent_strong,0.2190551822214339,0.2804828345705153,-0.04406601631908251,2.5
persistent_strong,0.2804828345705153,0.42746719552004914,0.7958721041337693,2.5
persistent_strong,0.42746719552004914,0.2100223135396968,0.013525049314817489,2.5
persistent_strong,0.2100223135396968,0.6568589396277739,-0.3547686651849966,2.5
persistent_strong,0.6568589396277739,0.28354773173870895,0.5795741161334762,2.5
persistent_strong,0.28354773173870895,-0.6451434435331997,-0.3815609773094363,2.5
persistent_strong,-0.6451434435331997,-0.39234979361268785,0.3624913644737854,2.5
persistent_strong,-0.39234979361268785,-0.3548090739365955,-0.10636435444032619,2.5
persistent_strong,-0.3548090739365955,0.09783747224513367,0.4194152221829872,2.5
persistent_strong,0.09783747224513367,0.34451162487254605,0.05280248956749423,2.5
persistent_strong,0.34451162487254605,0.3269877185885096,-0.4074483840978347,2.5
persistent_strong,0.3269877185885096,0.30332929740375264,-1.4153214739906936,2.5
persistent_strong,0.30332929740375264,0.2936191344630995,-0.37774835435668314,2.5
persistent_strong,0.2936191344630995,-0.06764937606827276,0.7445553146388733,2.5
persistent_strong,-0.06764937606827276,-0.6006154524306802,-0.2977183705560985,2.5
persistent_strong,-0.6006154524306802,-0.8378942617496671,0.22577165075110284,2.5
persistent_strong,-0.8378942617496671,-0.6946532411164722,0.23835811388647343,2.5
persistent_strong,-0.6946532411164722,-1.5612426527282208,-1.2142723570981306,2.5
persistent_strong,-1.5612426527282208,-1.4138437783008,-0.8984822342291775,2.5
persistent_strong,-1.4138437783008,-1.5446728823179838,-0.6802585403784249,2.5
persistent_strong,-1.5446728823179838,-1.2445230922284187,0.1347673869265681,2.5
persistent_strong,-1.2445230922284187,-1.3367777717812803,0.33509178329757006,2.5
persistent_strong,-1.3367777717812803,-1.0146561891452386,-0.9739087027065766,2.5
persistent_strong,-1.0146561891452386,-0.8941016032199921,-0.07353308268065328,2.5
persistent_strong,-0.8941016032199921,-0.1141647506024509,-0.2016864675601026,2.5
persistent_strong,-0.1141647506024509,-0.24350888272191512,-0.6669322947791791,2.5
persistent_strong,-0.24350888272191512,-0.2995256111684914,0.4923347483516963,2.5
persistent_strong,-0.2995256111684914,-0.2220442014174205,0.7994375040772888,2.5
persistent_strong,-0.2220442014174205,-0.9912429720876651,-0.6833729461985352,2.5
persistent_strong,-0.9912429720876651,-1.2556507323038697,-0.06755255989145414,2.5
persistent_strong,-1.2556507323038697,-0.3331003558219271,-0.9205116289781221,2.5
persistent_strong,-0.3331003558219271,-0.0273947819537807,0.43431485493377553,2.5
persistent_strong,-0.0273947819537807,0.016557955934970836,0.5818570939726218,2.5
persistent_strong,0.016557955934970836,0.49960783758404814,-0.19823757695447358,2.5
persistent_strong,0.49960783758404814,0.308584297687383,0.09624249512277598,2.5
persistent_strong,0.308584297687383,0.12857735901815764,1.0024723178094628,2.5
persistent_strong,0.12857735901815764,-0.03590917204455264,-0.06880824147823453,2.5
persistent_strong,-0.03590917204455264,-0.8271759622195115,0.5582281010204784,2.5
persistent_strong,-0.8271759622195115,-0.22260944901348068,-1.3256638938068548,2.5
persistent_strong,-0.22260944901348068,-0.2587654494734987,-0.9268468128616556,2.5
persistent_strong,-0.2587654494734987,-0.24418585597850004,0.4572730735901534,2.5
persistent_strong,-0.24418585597850004,-0.3408666322080382,0.007780423355973037,2.5
persistent_strong,-0.3408666322080382,-0.5516101827936133,-0.3368164405046007,2.5
persistent_strong,-0.5516101827936133,-1.4468516852539242,-0.872240089814439,2.5
persistent_strong,-1.4468516852539242,-1.06053376445677,-0.5254757488468889,2.5
persistent_strong,-1.06053376445677,0.15424122945864016,-1.223499923478409,2.5
persistent_strong,0.15424122945864016,0.5649823147646045,-0.07050399147558824,2.5
persistent_strong,0.5649823147646045,0.31101043505361725,0.5550525782030311,2.5
persistent_strong,0.31101043505361725,-0.17352389591205433,-0.07505689149677608,2.5
persistent_strong,-0.17352389591205433,-0.12378954833301577,-0.9974720289412328,2.5
persistent_strong,-0.12378954833301577,0.07034910972136633,-1.033784414871861,2.5
persistent_strong,0.07034910972136633,0.0007274276205443894,-0.2847880231673827,2.5
persistent_strong,0.0007274276205443894,0.3758913859283695,-1.3024716026138963,2.5
persistent_strong,0.3758913859283695,-0.13572313845920786,0.5258445216372534,2.5
persistent_strong,-0.13572313845920786,0.3745903928585952,-0.5178925754337146,2.5
persistent_strong,0.3745903928585952,0.3619875895417536,-0.2606105680205022,2.5
persistent_strong,0.3619875895417536,0.03521999864142472,-0.12022583195873618,2.5
persistent_strong,0.03521999864142472,-0.10017752224570914,-0.48455636691396076,2.5
persistent_strong,-0.10017752224570914,0.07816430010321741,0.6193806348911335,2.5
persistent_strong,0.07816430010321741,0.4040027437718544,-0.40701224519096,2.5
persistent_strong,0.4040027437718544,0.3477216448988935,-0.5753271692480388,2.5
persistent_strong,0.3477216448988935,0.5330694394940457,0.6601867585128793,2.5
persistent_strong,0.5330694394940457,1.4973805177344848,-0.23836246771455766,2.5
persistent_strong,1.4973805177344848,0.43045115305232085,1.380635136142103,2.5
persistent_strong,0.43045115305232085,-0.5666588144441139,0.5098661933907077,2.5
persistent_strong,-0.5666588144441139,-0.40206209313295793,-0.5452441633635177,2.5
persistent_strong,-0.40206209313295793,-0.7490993183592694,-0.18000071922929958,2.5
persistent_strong,-0.7490993183592694,-0.533435634387715,-0.9447767176564065,2.5
persistent_strong,-0.533435634387715,-1.1407669214512575,-0.9108581206662659,2.5
persistent_strong,-1.1407669214512575,-0.8299843786385516,0.07430897211686477,2.5
persistent_strong,-0.8299843786385516,-0.057497260774593495,-0.6054200236718171,2.5
persistent_strong,-0.057497260774593495,0.4539666403382966,-0.1776505301943057,2.5
persistent_strong,0.4539666403382966,-0.1400061274762227,-0.1326195399742889,2.5
persistent_strong,-0.1400061274762227,-0.24850111991341006,-0.043369619872073745,2.5
persistent_strong,-0.24850111991341006,0.20449455380084125,-0.3159804091912751,2.5
persistent_strong,0.20449455380084125,0.9805493529092272,0.07101506954842707,2.5
persistent_strong,0.9805493529092272,0.3359296862656249,0.3988984778170179,2.5
persistent_strong,0.3359296862656249,-0.1222985879791515,0.8370935064826255,2.5
persistent_strong,-0.1222985879791515,0.4075446484389053,-0.3486845714957312,2.5
persistent_strong,0.4075446484389053,0.1562333956804361,0.08750722562846501,2.5
persistent_strong,0.1562333956804361,-0.3401658433349555,0.11066075390442735,2.5
persistent_strong,-0.3401658433349555,0.20769650668642287,-0.6781910697283049,2.5
persistent_strong,0.20769650668642287,-0.5940145223733003,0.33751428482264967,2.5
persistent_strong,-0.5940145223733003,-0.7711130006388605,-0.3316785507409038,2.5
persistent_strong,-0.7711130006388605,-0.16661626963847148,-0.6585054774650568,2.5
persistent_strong,-0.16661626963847148,-0.41270820568053335,-0.5160313461985161,2.5
persistent_strong,-0.41270820568053335,0.021768468631333693,-0.24177816134002228,2.5
persistent_strong,0.021768468631333693,-0.535018335683549,0.10797244943872834,2.5
persistent_strong,-0.535018335683549,-0.06839991973397541,-0.01573244433461582,2.5
persistent_strong,-0.06839991973397541,0.15909473966413906,0.34648337752304387,2.5
persistent_strong,0.15909473966413906,0.8533958256528515,-0.12323501823568046,2.5
persistent_strong,0.8533958256528515,0.5550020200580578,1.0761807432457426,2.5
persistent_strong,0.5550020200580578,0.2742098438695079,0.28264764475614323,2.5
persistent_strong,0.2742098438695079,0.17076213927353748,0.7035263538854026,2.5
persistent_strong,0.17076213927353748,0.6045984368127695,-0.11138625486331728,2.5
persistent_strong,0.6045984368127695,0.13738240182910266,0.8620250765759517,2.5
persistent_strong,0.13738240182910266,0.043199926587161416,0.08942037853629253,2.5
persistent_strong,0.043199926587161416,0.9110345280460135,-0.37719796068547085,2.5
persistent_strong,0.9110345280460135,1.0617304963994711,0.16093948100754055,2.5
persistent_strong,1.0617304963994711,1.1540770359363473,0.5730905739842789,2.5
persistent_strong,1.1540770359363473,0.6656887127343483,-0.4114383851383616,2.5
persistent_strong,0.6656887127343483,0.9067076054184311,0.40393884798275403,2.5
persistent_strong,0.9067076054184311,0.18313573641385605,-0.6948403758389299,2.5
persistent_strong,0.18313573641385605,-0.5285342949773365,0.1809664305204132,2.5
persistent_strong,-0.5285342949773365,-0.8363330233628512,-0.6731350235057673,2.5
persistent_strong,-0.8363330233628512,-0.014360571263896893,-1.0209248472075678,2.5
persistent_strong,-0.014360571263896893,0.06407485891738407,-0.31720407239117954,2.5
persistent_strong,0.06407485891738407,-0.3703514445104303,0.7237203371028096,2.5
persistent_strong,-0.3703514445104303,-0.45005653655531835,0.7703742739921307,2.5
persistent_strong,-0.45005653655531835,-0.14819449257348277,-0.38374657470728524,2.5
persistent_strong,-0.14819449257348277,0.41610709423558845,0.725081197608541,2.5
persistent_strong,0.41610709423558845,-0.41048311902838464,0.34803854810805024,2.5
persistent_strong,-0.41048311902838464,0.28146452233048735,0.7797998234885485,2.5
persistent_strong,0.28146452233048735,0.6386550002379814,0.18196425278828093,2.5
persistent_strong,0.6386550002379814,0.18422434285612255,0.6782673955103349,2.5
persistent_strong,0.18422434285612255,-0.03600651144000691,-0.46492816486595234,2.5
persistent_strong,-0.03600651144000691,0.1926546548962904,0.6851806261601684,2.5
persistent_strong,0.1926546548962904,0.0213237061688879,0.5754099979939109,2.5
persistent_strong,0.0213237061688879,0.07848371244611395,0.6817357804665963,2.5
persistent_strong,0.07848371244611395,-0.4158307775580177,0.9419984686699746,2.5
persistent_strong,-0.4158307775580177,-1.1446010389925418,-0.31382775332625396,2.5
persistent_strong,-1.1446010389925418,0.2001461397118075,-0.19658411936188486,2.5
persistent_strong,0.2001461397118075,0.23289282681281662,-0.8949672601093457,2.5
persistent_strong,0.23289282681281662,0.2826600267771616,-0.34856495936299653,2.5
persistent_strong,0.2826600267771616,0.44943592570551977,-0.514206775796445,2.5
persistent_strong,0.44943592570551977,0.9515256282712008,0.6767353117839134,2.5
persistent_strong,0.9515256282712008,1.1602084123005345,0.7637236099950391,2.5
persistent_strong,1.1602084123005345,0.4421792174240445,0.7550232458759967,2.5
persistent_strong,0.4421792174240445,0.2940444907478097,0.33394436620140366,2.5
persistent_strong,0.2940444907478097,0.2605039250736363,1.2961593105836724,2.5
persistent_strong,0.2605039250736363,0.5459931056527081,0.6465477492169034,2.5
persistent_strong,0.5459931056527081,0.15570039759716586,0.002517840365074714,2.5
persistent_strong,0.15570039759716586,0.2930563696122648,1.080486861179874,2.5
persistent_strong,0.2930563696122648,0.3298995047310199,1.135082536865272,2.5
persistent_strong,0.3298995047310199,0.8780827658032998,0.6859043358079902,2.5
persistent_strong,0.8780827658032998,-0.4891108289038101,-0.7972179912001673,2.5
persistent_strong,-0.4891108289038101,-0.34569220601304357,-0.6430878997986783,2.5
persistent_strong,-0.34569220601304357,-0.11700460784225075,0.17730950547828747,2.5
persistent_strong,-0.11700460784225075,0.21229191356930668,-0.16461665558974675,2.5
persistent_strong,0.21229191356930668,0.16172219334505003,-0.7394286710500451,2.5
persistent_strong,0.16172219334505003,-0.2467301395903239,0.20471394737414128,2.5
persistent_strong,-0.2467301395903239,0.10875639077183819,-0.4436541922371486,2.5
persistent_strong,0.10875639077183819,0.2507574933629417,0.2626006184585178,2.5
persistent_strong,0.2507574933629417,-0.1828917832631578,0.3271300150500359,2.5
persistent_strong,-0.1828917832631578,-0.7551644751196547,0.8089527153930679,2.5
persistent_strong,-0.7551644751196547,-0.3380259794958276,-0.7393104559620952,2.5
persistent_strong,-0.3380259794958276,-0.6539673543861927,0.5232662681518038,2.5
persistent_strong,-0.6539673543861927,-0.21765024545219847,-0.7290174781749078,2.5
persistent_strong,-0.21765024545219847,0.5123526752109802,0.5585271349112253,2.5
persistent_strong,0.5123526752109802,0.49236996627086976,0.563132442870975,2.5
persistent_strong,0.49236996627086976,0.4869893601474641,0.5104638070899504,2.5
persistent_strong,0.4869893601474641,0.43626776032602504,0.3514126003830126,2.5
persistent_strong,0.43626776032602504,0.9639715937747847,-0.12773148610663218,2.5
persistent_strong,0.9639715937747847,1.38320606824468,0.6879698193432229,2.5
persistent_strong,1.38320606824468,1.1168323695205498,0.9454056993895902,2.5
persistent_strong,1.1168323695205498,1.2052193612239264,1.2031180433029274,2.5
persistent_strong,1.2052193612239264,0.960300391085611,0.7729736825455793,2.5
persistent_strong,0.960300391085611,0.525400455929266,0.719332943211972,2.5
persistent_strong,0.525400455929266,0.7554914406868899,-0.32749097289182905,2.5
persistent_strong,0.7554914406868899,0.5493409217547086,-0.5974667162494931,2.5
persistent_strong,0.5493409217547086,0.046003384786796664,0.36394472110965986,2.5
persistent_strong,0.046003384786796664,-0.6382291062638714,1.3513043978387695,2.5
persistent_strong,-0.6382291062638714,-0.05136927994471985,-0.31548522609051727,2.5
persistent_strong,-0.05136927994471985,-0.4738200836506579,-0.5007750387810118,2.5
persistent_strong,-0.4738200836506579,-0.8693302855767047,-1.6318498878824546,2.5
persistent_strong,-0.8693302855767047,-0.7966856668907147,-0.023668979691922165,2.5
persistent_strong,-0.7966856668907147,-0.2886620070482275,-0.8675026089854128,2.5
persistent_strong,-0.2886620070482275,-1.0024633736659416,-0.460995381849435,2.5
persistent_strong,-1.0024633736659416,-0.49537614390522594,-0.2612398066760049,2.5
persistent_strong,-0.49537614390522594,-0.21015585421095556,0.16269694310668906,2.5
persistent_strong,-0.21015585421095556,-0.7110749489019722,0.9704723144749927,2.5
persistent_strong,-0.7110749489019722,-1.067279554349416,0.4001735993739569,2.5
persistent_strong,-1.067279554349416,-0.9109846027387288,-0.04729776468901242,2.5
persistent_strong,-0.9109846027387288,0.15968179818248152,-0.3861523357239131,2.5
persistent_strong,0.15968179818248152,0.011702650228345851,-0.5912460505690535,2.5
persistent_strong,0.011702650228345851,0.49785418015200145,-0.13316814458773651,2.5
persistent_strong,0.49785418015200145,0.8130200663963301,0.7455877573207416,2.5
persistent_strong,0.8130200663963301,-0.08013521309128946,-0.9022410063241613,2.5
persistent_strong,-0.08013521309128946,-0.06309545832669368,-0.07601081688494413,2.5
persistent_strong,-0.06309545832669368,0.3949634281114307,0.8260193027093503,2.5
persistent_strong,0.3949634281114307,0.08442077588219823,0.6770631514609168,2.5
persistent_strong,0.08442077588219823,0.6157512934313437,-0.1139087964673686,2.5
persistent_strong,0.6157512934313437,-0.004570981798587337,0.07103388794877857,2.5
persistent_strong,-0.004570981798587337,-0.6646880907486156,0.35170768232449934,2.5
persistent_strong,-0.6646880907486156,-0.71567362611637,-0.4110139039732638,2.5
persistent_strong,-0.71567362611637,-0.2617713084783349,0.008365550737740757,2.5
persistent_strong,-0.2617713084783349,-0.37672965723959034,0.8453177241436031,2.5
persistent_strong,-0.37672965723959034,0.12232882047288829,-0.3046978428933884,2.5
persistent_strong,0.12232882047288829,-0.5980927798912317,-0.2712829909136487,2.5
persistent_strong,-0.5980927798912317,-0.7265569947776465,0.34439289398508505,2.5
persistent_strong,-0.7265569947776465,0.05088699715390632,-0.10657825941901503,2.5
persistent_strong,0.05088699715390632,-1.06341649348293,-0.42320139457453504,2.5
persistent_strong,-1.06341649348293,-0.6881897396897907,-1.5526578135169413,2.5
persistent_strong,-0.6881897396897907,-0.93504779099982,0.6934722840540728,2.5
persistent_strong,-0.93504779099982,-1.0621474866216922,0.6717416274501375,2.5
persistent_strong,-1.0621474866216922,-0.9736120903171586,-0.5091002439087601,2.5
persistent_strong,-0.9736120903171586,-1.4187048708297791,-0.11087986975856162,2.5
persistent_strong,-1.4187048708297791,-0.6870874963281638,-0.45063793656980217,2.5
persistent_strong,-0.6870874963281638,-0.2714146924055337,-8.866661285078514e-05,2.5
persistent_strong,-0.2714146924055337,0.3394006685843103,0.8580983914051638,2.5
persistent_strong,0.3394006685843103,0.34073271517787174,0.44472295717051935,2.5
persistent_strong,0.34073271517787174,-0.15719564849127582,0.12399394205859565,2.5
persistent_strong,-0.15719564849127582,0.17128380634329674,0.16724859733741212,2.5
persistent_strong,0.17128380634329674,-0.46690744454342265,0.2158940581812403,2.5
persistent_strong,-0.46690744454342265,-0.774821059456855,0.25710966784765,2.5
persistent_strong,-0.774821059456855,0.3427550699328987,-0.4099907774465276,2.5
persistent_strong,0.3427550699328987,0.7542233288670263,-0.1584839804745569,2.5
persistent_strong,0.7542233288670263,0.7903796482824821,1.4194972011019096,2.5
persistent_strong,0.7903796482824821,1.2870520059895707,0.8065608883927178,2.5
persistent_strong,1.2870520059895707,0.8763507302254323,1.0761721505616522,2.5
persistent_strong,0.8763507302254323,0.9512645063922454,1.6539273066483127,2.5
persistent_strong,0.9512645063922454,0.3792812825559565,0.4754681822510971,2.5
persistent_strong,0.3792812825559565,0.14937296617566753,0.11112328750730527,2.5
persistent_strong,0.14937296617566753,0.16015108271926856,0.3332257809250312,2.5
persistent_strong,0.16015108271926856,0.80250897469538,-0.43004072926719983,2.5
persistent_strong,0.80250897469538,0.3161894749673182,-0.12701714572485245,2.5
persistent_strong,0.3161894749673182,0.727479444662345,-0.3913176494185845,2.5
persistent_strong,0.727479444662345,0.5679014354295893,0.6979676376242647,2.5
persistent_strong,0.5679014354295893,-0.3453530261290738,-0.5883599808098978,2.5
persistent_strong,-0.3453530261290738,-1.134967047297479,-0.06716424030604527,2.5
persistent_strong,-1.134967047297479,-1.1947706244635596,-0.50505488667797,2.5
persistent_strong,-1.1947706244635596,-0.4430061932939595,0.3753735440542251,2.5
persistent_strong,-0.4430061932939595,-0.22422387499135593,-0.3533305976449313,2.5
persistent_strong,-0.22422387499135593,0.6504951922464152,0.4674997963297922,2.5
persistent_strong,0.6504951922464152,0.5943316737669629,0.7788233921499559,2.5
persistent_strong,0.5943316737669629,1.1084957820684236,0.7067006257803086,2.5
persistent_strong,1.1084957820684236,0.9830427181263216,1.3295985122211662,2.5
persistent_strong,0.9830427181263216,0.36058468795396637,-0.5302581763023635,2.5
persistent_strong,0.36058468795396637,0.6092750565308651,0.4387686483396954,2.5
persistent_strong,0.6092750565308651,0.1448029931491857,0.10552156466372498,2.5
persistent_strong,0.1448029931491857,-0.5188539095180917,-0.09169383926166884,2.5
persistent_strong,-0.5188539095180917,-0.7385205608864213,0.564105462616979,2.5
persistent_strong,-0.7385205608864213,-0.7464226385021577,-0.5765334263010902,2.5
persistent_strong,-0.7464226385021577,-0.46369061111922266,-0.6390269417277281,2.5
persistent_strong,-0.46369061111922266,0.028837616297357316,0.5337559586159154,2.5
persistent_strong,0.028837616297357316,0.3036656116077182,-1.0383347990322471,2.5
persistent_strong,0.3036656116077182,1.1874748969047282,0.9226133020746062,2.5
persistent_strong,1.1874748969047282,0.04805303400289751,-0.04309423223404657,2.5
persistent_strong,0.04805303400289751,-0.03727190739870104,1.1081215949193655,2.5
persistent_strong,-0.03727190739870104,1.146291654936412,-0.39044603870629324,2.5
persistent_strong,1.146291654936412,0.7602702803200886,0.8582746512770391,2.5
persistent_strong,0.7602702803200886,0.03204769608140656,0.5491577341129305,2.5
persistent_strong,0.03204769608140656,-0.3082638994912797,0.1327837105871242,2.5
persistent_strong,-0.3082638994912797,-0.6707641703179292,0.22802201285659898,2.5
persistent_strong,-0.6707641703179292,-0.7378905077438711,-0.22560197656968367,2.5
persistent_strong,-0.7378905077438711,0.2147758264772489,0.3733397892803658,2.5
persistent_strong,0.2147758264772489,-0.4552392770791798,0.5075639076134749,2.5
persistent_strong,-0.4552392770791798,-0.6604067063273065,-1.1130041834043587,2.5
persistent_strong,-0.6604067063273065,0.13480140730144907,-1.7071376204766797,2.5
persistent_strong,0.13480140730144907,0.24863664526469897,1.3983589184200513,2.5
persistent_strong,0.24863664526469897,0.35243356334871323,-1.1225131945346487,2.5
persistent_strong,0.35243356334871323,0.11421272345462502,0.24018907005306664,2.5
persistent_strong,0.11421272345462502,0.5246888706780264,-0.24184653071264953,2.5
persistent_strong,0.5246888706780264,-0.04092815334339567,-0.09250953618485269,2.5
persistent_strong,-0.04092815334339567,0.41073036487103737,-0.4762703731764286,2.5
persistent_strong,0.41073036487103737,0.3860416833798343,1.3961508972555918,2.5
persistent_strong,0.3860416833798343,0.22646786280910364,0.7486931773236212,2.5
persistent_strong,0.22646786280910364,-0.054917439406987095,-0.47707449264312984,2.5
persistent_strong,-0.054917439406987095,0.3973876751612859,0.40522961897562565,2.5
persistent_strong,0.3973876751612859,0.47338902614021294,0.3218234453834471,2.5
persistent_strong,0.47338902614021294,0.20294064177868698,1.3574177859405168,2.5
persistent_strong,0.20294064177868698,0.2229042408228643,0.17812268299251763,2.5
persistent_strong,0.2229042408228643,-0.2892327019227058,-0.8262148791339132,2.5
persistent_strong,-0.2892327019227058,0.3640630924515731,0.8876630508843975,2.5
persistent_strong,0.3640630924515731,0.9205047152512075,1.215138174094998,2.5
persistent_strong,0.9205047152512075,1.242876258579252,1.4929313728720381,2.5
persistent_strong,1.242876258579252,1.113175004421986,0.9942286969253813,2.5
persistent_strong,1.113175004421986,1.1124907230094083,-0.5782950977517024,2.5
persistent_strong,1.1124907230094083,0.26739477937035305,-0.13479425161916803,2.5
persistent_strong,0.26739477937035305,0.05673575041987047,-0.0659975901495596,2.5
persistent_strong,0.05673575041987047,-0.051708254785061254,0.10598119769997406,2.5
persistent_strong,-0.051708254785061254,-0.08563207218711787,-0.2809099196717962,2.5
persistent_strong,-0.08563207218711787,0.23311093838769367,0.255872085907609,2.5
persistent_strong,0.23311093838769367,-0.0018994387553532277,-0.5793398465757723,2.5
persistent_strong,-0.0018994387553532277,-0.31990559986738093,-0.37098988387194987,2.5
persistent_strong,-0.31990559986738093,0.30839755875897934,-0.6405625794656005,2.5
persistent_strong,0.30839755875897934,0.1146610969199576,-0.044173869792141135,2.5
persistent_strong,0.1146610969199576,-0.18603073308358392,-0.9221840975084067,2.5
persistent_strong,-0.18603073308358392,-1.040651854387,0.9940825200512293,2.5
persistent_strong,-1.040651854387,-1.413729496645732,-1.0953803375376563,2.5
persistent_strong,-1.413729496645732,-1.193504821936814,-1.044201575126721,2.5
persistent_strong,-1.193504821936814,-0.7956105181315398,-0.314861371051374,2.5
persistent_strong,-0.7956105181315398,-1.412225301081751,-0.8661692355373101,2.5
persistent_strong,-1.412225301081751,-1.0978429649578707,-0.11828959165846703,2.5
persistent_strong,-1.0978429649578707,-0.6974219028270723,-0.0033896212874240383,2.5
persistent_strong,-0.6974219028270723,-0.7611196696635856,0.22371911402826317,2.5
persistent_strong,-0.7611196696635856,-0.5583324292584206,-0.820555160747718,2.5
persistent_strong,-0.5583324292584206,0.20925841871680362,-0.7885053635069136,2.5
persistent_strong,0.20925841871680362,-0.16486301215731977,-0.20022550167372935,2.5
persistent_strong,-0.16486301215731977,-0.8832577347850589,-0.4234664907153366,2.5
persistent_strong,-0.8832577347850589,-0.8510019648447568,-0.4561293822469147,2.5
persistent_strong,-0.8510019648447568,-1.0530988174935598,-0.28987038881767385,2.5
persistent_strong,-1.0530988174935598,-0.8354318336311777,-0.5365338698040664,2.5
persistent_strong,-0.8354318336311777,-0.32985245270953545,-0.69640911829923,2.5
persistent_strong,-0.32985245270953545,0.1512258314785363,0.44861624429819125,2.5
persistent_strong,0.1512258314785363,0.27051096635972705,0.706608312240543,2.5
persistent_strong,0.27051096635972705,0.8501669612318562,0.5407189811759374,2.5
persistent_strong,0.8501669612318562,0.8337592578996458,0.6404388921139177,2.5
persistent_strong,0.8337592578996458,1.1204334137231395,0.5609529176711886,2.5
persistent_strong,1.1204334137231395,1.0394026726838232,1.356725733251439,2.5
persistent_strong,1.0394026726838232,0.9419041410678765,0.07628297482131458,2.5
persistent_strong,0.9419041410678765,0.5135144722903695,-0.3493981234710587,2.5
persistent_strong,0.5135144722903695,0.4084908584971928,0.07387076143627028,2.5
persistent_strong,0.4084908584971928,0.06654847308265521,0.11046806037153895,2.5
persistent_strong,0.06654847308265521,-0.0750626122270951,-0.1936220647471769,2.5
persistent_strong,-0.0750626122270951,-0.01934567638646037,-0.2216785607616373,2.5
persistent_strong,-0.01934567638646037,0.5111070622571611,-0.18241634911989588,2.5
persistent_strong,0.5111070622571611,0.28965204324426824,0.35099183765372544,2.5
persistent_strong,0.28965204324426824,0.5117891884279979,-0.3099835324616547,2.5
persistent_strong,0.5117891884279979,-0.15206165540962224,-0.394995970544602,2.5
persistent_strong,-0.15206165540962224,-0.24210618993942928,-0.14449200737194717,2.5
persistent_strong,-0.24210618993942928,0.3912093407018954,0.15326140440157315,2.5
persistent_strong,0.3912093407018954,0.46691196002229074,0.035034145425049595,2.5
persistent_strong,0.46691196002229074,-0.4474884733240784,-0.5488163478677043,2.5
persistent_strong,-0.4474884733240784,-0.357000444654129,-0.22884056523560925,2.5
persistent_strong,-0.357000444654129,-0.3835477431982164,-0.4876298426450767,2.5
persistent_strong,-0.3835477431982164,-0.8277155526681214,0.08802003577206788,2.5
persistent_strong,-0.8277155526681214,-1.431630368307022,-0.6273946963746209,2.5
persistent_strong,-1.431630368307022,-1.5397435097095493,-0.634309368771722,2.5
persistent_strong,-1.5397435097095493,-1.6766131764771823,-0.13210285721286286,2.5
persistent_strong,-1.6766131764771823,-0.9809284747304529,-0.632341664996169,2.5
persistent_strong,-0.9809284747304529,-0.4994787858350317,-0.4593002054710093,2.5
persistent_strong,-0.4994787858350317,-0.0958525246387707,-0.3595073407169304,2.5
persistent_strong,-0.0958525246387707,0.4172463997215362,-0.4938125794266426,2.5
persistent_strong,0.4172463997215362,-0.64994273726519,0.49081597095712737,2.5
persistent_strong,-0.64994273726519,-0.6253504383707615,-1.0565286507058922,2.5
persistent_strong,-0.6253504383707615,-0.32909290856065737,-0.6210167483091549,2.5
persistent_strong,-0.32909290856065737,-0.5524436269370737,-0.7040372282516998,2.5
persistent_strong,-0.5524436269370737,-0.7078404442943573,0.04169951996100815,2.5
persistent_strong,-0.7078404442943573,-0.9062021913273318,0.9877621449765446,2.5
persistent_strong,-0.9062021913273318,-0.626032149425351,-1.0812065914616622,2.5
persistent_strong,-0.626032149425351,-0.5087589373406199,0.13043480261942153,2.5
persistent_strong,-0.5087589373406199,0.16233198142604055,-0.2298792257353062,2.5
persistent_strong,0.16233198142604055,0.30877066665522557,1.2316489368902603,2.5
persistent_strong,0.30877066665522557,0.3419840773551975,-1.2577935956617157,2.5
persistent_strong,0.3419840773551975,0.2624084932924946,-0.3408666352388391,2.5
persistent_strong,0.2624084932924946,-0.14305254364654085,0.46192005814253956,2.5
persistent_strong,-0.14305254364654085,-0.0501239071494314,-0.018549762086399024,2.5
persistent_strong,-0.0501239071494314,0.337596348288886,0.2563576244150928,2.5
persistent_strong,0.337596348288886,0.4814594221349044,-0.8409013083747106,2.5
persistent_strong,0.4814594221349044,-0.09734336613586586,0.06741622107882161,2.5
persistent_strong,-0.09734336613586586,-0.7491899924093091,-0.37378151146007155,2.5
persistent_strong,-0.7491899924093091,-0.2632093173910981,0.9278922832206542,2.5
persistent_strong,-0.2632093173910981,-0.1127677360836019,0.14676030569576867,2.5
persistent_strong,-0.1127677360836019,0.050231014266902116,0.23049990536306814,2.5
persistent_strong,0.050231014266902116,-0.33847338719517056,-0.08377294511640995,2.5
persistent_strong,-0.33847338719517056,0.07900266868866723,0.7438558774252053,2.5
persistent_strong,0.07900266868866723,0.3960984840484732,0.15187137169250456,2.5
persistent_strong,0.3960984840484732,0.20353394642914258,0.42631391265889795,2.5
persistent_strong,0.20353394642914258,0.42680393896388347,-0.4096114951200468,2.5
persistent_strong,0.42680393896388347,-0.06911605055591258,0.7782675412415534,2.5
persistent_strong,-0.06911605055591258,-0.08215242990546445,0.5419337422070423,2.5
persistent_strong,-0.08215242990546445,-0.9552588656722264,-0.612998006002779,2.5
persistent_strong,-0.9552588656722264,-0.863359057684518,-0.8248862342696242,2.5
persistent_strong,-0.863359057684518,0.44356145530607594,-0.129001792361576,2.5
persistent_strong,0.44356145530607594,0.6749321969425104,0.09795401877119805,2.5
persistent_strong,0.6749321969425104,1.3136428491998364,-0.21986842239939725,2.5
persistent_strong,1.3136428491998364,1.3005530590783652,0.6559709671123158,2.5
persistent_strong,1.3005530590783652,1.139532614438358,0.9535710250593047,2.5
persistent_strong,1.139532614438358,1.0074039975353826,0.48446294461966977,2.5
persistent_strong,1.0074039975353826,0.6262805960393781,0.17964735962942105,2.5
persistent_strong,0.6262805960393781,0.8382037466451526,0.498436659789851,2.5
persistent_strong,0.8382037466451526,0.346341598666722,0.24353568982191456,2.5
persistent_strong,0.346341598666722,0.3151839574877708,-0.015863979438636877,2.5
persistent_strong,0.3151839574877708,1.7398371968499273,0.3851123436230194,2.5
persistent_strong,1.7398371968499273,1.6084328347509573,1.5367190388731196,2.5
persistent_strong,1.6084328347509573,1.0667012806089793,1.4509945234729171,2.5
persistent_strong,1.0667012806089793,1.3380506814208322,0.5927198375804549,2.5
persistent_strong,1.3380506814208322,1.2655439330317944,0.4317070432902954,2.5
persistent_strong,1.2655439330317944,0.8954082530326086,0.5870230610623816,2.5
persistent_strong,0.8954082530326086,0.2235089060370622,0.5709536746371157,2.5
persistent_strong,0.2235089060370622,0.12737551039595443,0.511890645394794,2.5
persistent_strong,0.12737551039595443,-0.07299420999066003,-0.024391392090641166,2.5
persistent_strong,-0.07299420999066003,-0.007781414310287789,-0.015582322283117041,2.5
persistent_strong,-0.007781414310287789,0.19264947210125197,0.21510151971803843,2.5
persistent_strong,0.19264947210125197,0.30648952116253203,-0.45009404946967035,2.5
persistent_strong,0.30648952116253203,-0.15751186865287126,0.13983304927839918,2.5
persistent_strong,-0.15751186865287126,0.13700773677093303,0.12135617708240556,2.5
persistent_strong,0.13700773677093303,0.3159061468654937,0.5245919000658257,2.5
persistent_strong,0.3159061468654937,-0.3910330660568786,0.31441609668056425,2.5
persistent_strong,-0.3910330660568786,-0.13407062632893507,-0.4710855258107227,2.5
persistent_strong,-0.13407062632893507,-0.1199121882328217,-0.7302950519005663,2.5
persistent_strong,-0.1199121882328217,0.09888259950888685,-0.49870267664080675,2.5
persistent_strong,0.09888259950888685,-0.3961688945666668,-0.7372292057243655,2.5
persistent_strong,-0.3961688945666668,-0.437444202270164,-0.8208053507839856,2.5
persistent_strong,-0.437444202270164,-0.43375255632797693,-0.629298911668733,2.5
persistent_strong,-0.43375255632797693,-0.8817743901710647,-0.523453701666214,2.5
persistent_strong,-0.8817743901710647,-0.4435759905100838,-0.09616571346974839,2.5
persistent_strong,-0.4435759905100838,-0.4686044574989507,-0.3577443264720526,2.5
persistent_strong,-0.4686044574989507,-0.1785405861753275,-0.3307855579371555,2.5
persistent_strong,-0.1785405861753275,-0.5803416448111147,-0.022909928764510444,2.5
persistent_strong,-0.5803416448111147,-1.0730692000730133,-0.7347512788338625,2.5
persistent_strong,-1.0730692000730133,-1.3491990576533777,-1.2113678839604822,2.5
persistent_strong,-1.3491990576533777,-2.026855319207831,-0.9744692203265638,2.5
persistent_strong,-2.026855319207831,-1.9206399911716276,-1.4818397591855512,2.5
persistent_strong,-1.9206399911716276,-1.3096694578992014,0.0006768268187680171,2.5
persistent_strong,-1.3096694578992014,-0.3531441329962953,0.25617136946983865,2.5
persistent_strong,-0.3531441329962953,0.2696623254556963,-0.2156756395655294,2.5
persistent_strong,0.2696623254556963,0.8225858823636613,0.2980277896585439,2.5
persistent_strong,0.8225858823636613,1.2516922301596947,1.1668100968163393,2.5
persistent_strong,1.2516922301596947,1.9713054804255203,1.3243128394987254,2.5
persistent_strong,1.9713054804255203,1.6482062135154698,1.4122321687732353,2.5
persistent_strong,1.6482062135154698,1.7390915683418033,1.1161167629705808,2.5
persistent_strong,1.7390915683418033,1.6770610675433395,1.388513792019642,2.5
persistent_strong,1.6770610675433395,0.15714305237038184,0.10090666425599748,2.5
persistent_strong,0.15714305237038184,0.22072703611152966,-1.0801473399884987,2.5
persistent_strong,0.22072703611152966,0.22480350568957785,-0.36384904268420265,2.5
persistent_strong,0.22480350568957785,0.37632439007418994,0.34547760720676846,2.5
persistent_strong,0.37632439007418994,0.08408389287210366,-0.35857774987680446,2.5
persistent_strong,0.08408389287210366,-0.24671964274449087,-0.21758336333600992,2.5
persistent_strong,-0.24671964274449087,-0.40261114292423184,-0.11375150117578678,2.5
persistent_strong,-0.40261114292423184,0.04486260445268553,-0.21387086040890785,2.5
persistent_strong,0.04486260445268553,0.2700042152814478,-0.5943726045012728,2.5
persistent_strong,0.2700042152814478,0.9122848611030397,-0.016231997746204693,2.5
persistent_strong,0.9122848611030397,0.15449055487184915,0.880618609193824,2.5
persistent_strong,0.15449055487184915,0.6591407003575483,0.39703129651211233,2.5
persistent_strong,0.6591407003575483,1.4087638202690833,0.26604165616846437,2.5
persistent_strong,1.4087638202690833,0.7028389582264398,0.47535852361254616,2.5
persistent_strong,0.7028389582264398,0.6044223188589973,1.0972960690871862,2.5
persistent_strong,0.6044223188589973,-0.24200241751730833,1.172277965360633,2.5
persistent_strong,-0.24200241751730833,-1.4544896919888346,-0.6624422488750028,2.5
persistent_strong,-1.4544896919888346,-1.7519705492337763,-0.9638797250154505,2.5
persistent_strong,-1.7519705492337763,-1.3440405409909297,-1.0254923149259105,2.5
persistent_strong,-1.3440405409909297,-0.9463885737340845,-0.2408014648308306,2.5
persistent_strong,-0.9463885737340845,-0.9167248217282609,-0.4152492957062889,2.5
persistent_strong,-0.9167248217282609,-0.4178153975560001,-0.5768059743298339,2.5
persistent_strong,-0.4178153975560001,-0.16260426642459758,0.7220253189572772,2.5
persistent_strong,-0.16260426642459758,0.7474422349923902,0.18159323114806558,2.5
persistent_strong,0.7474422349923902,-0.0730702880378572,-0.15857326647776743,2.5
persistent_strong,-0.0730702880378572,-0.4673247091668471,-0.03135559991100699,2.5
persistent_strong,-0.4673247091668471,-0.642110208976941,-0.27328588192012926,2.5
persistent_strong,-0.642110208976941,-0.8051460566217032,0.5523091840552911,2.5
persistent_strong,-0.8051460566217032,-0.8523640677089634,-1.4013575806659342,2.5
persistent_strong,-0.8523640677089634,0.43540322692171884,-0.394459765357144,2.5
persistent_strong,0.43540322692171884,0.16808693615563564,0.27743575326148584,2.5
persistent_strong,0.16808693615563564,0.43034527032476555,0.7363496920082954,2.5
persistent_strong,0.43034527032476555,-0.3293933366120319,0.17522032368262153,2.5
persistent_strong,-0.3293933366120319,-0.5869057075841242,0.2786605063575517,2.5
persistent_strong,-0.5869057075841242,-0.06486542796567141,0.1842083257046063,2.5
persistent_strong,-0.06486542796567141,0.409743995367264,-0.9889099560872113,2.5
persistent_strong,0.409743995367264,-0.4349001507237345,-0.1612197503674624,2.5
persistent_strong,-0.4349001507237345,0.6369214379030045,-0.5521474476854774,2.5
persistent_strong,0.6369214379030045,0.6930190573134623,0.2938997475739381,2.5
persistent_strong,0.6930190573134623,0.18035496878966917,-0.4565907689410039,2.5
persistent_strong,0.18035496878966917,0.35866505031954615,0.26183643126060924,2.5
persistent_strong,0.35866505031954615,-0.02058522287734399,-0.06613920792405836,2.5
persistent_strong,-0.02058522287734399,-0.6973248111661293,0.07350721618065006,2.5
persistent_strong,-0.6973248111661293,-0.45645482944530646,-1.5861785494264746,2.5
persistent_strong,-0.45645482944530646,0.03221079688675721,-0.05475858323731855,2.5
persistent_strong,0.03221079688675721,0.5273422079816149,0.12492806328551097,2.5
persistent_strong,0.5273422079816149,-0.3709386265959547,-0.6063724504938914,2.5
persistent_strong,-0.3709386265959547,-0.7376598173460673,-0.3370017739286636,2.5
persistent_strong,-0.7376598173460673,-0.6681244560508376,-0.06666685251400326,2.5
persistent_strong,-0.6681244560508376,-0.027395356717779762,0.8100556064838644,2.5
persistent_strong,-0.027395356717779762,0.5917082813373173,-0.42321520476836594,2.5
persistent_strong,0.5917082813373173,0.2712085619585497,0.21885500385044043,2.5
persistent_strong,0.2712085619585497,-0.3606373313075795,-0.410198882631514,2.5
persistent_strong,-0.3606373313075795,-0.016409347745033442,0.08202441186134568,2.5
persistent_strong,-0.016409347745033442,-0.23985979986459832,-0.8439786175321324,2.5
persistent_strong,-0.23985979986459832,0.012021781519921892,-0.5152132149981952,2.5
persistent_strong,0.012021781519921892,0.504591162934416,-0.005012225034074102,2.5
persistent_strong,0.504591162934416,0.682158772550123,0.13541036933871292,2.5
persistent_strong,0.682158772550123,0.05654399965240703,0.0007560963749780325,2.5
persistent_strong,0.05654399965240703,-0.5372579446932003,-0.27085998681512696,2.5
persistent_strong,-0.5372579446932003,-1.1278524389973439,-0.6814308652614198,2.5
persistent_strong,-1.1278524389973439,-0.5284820160629008,-0.054725259792408054,2.5
persistent_strong,-0.5284820160629008,0.12172048898314336,-0.30232569819323724,2.5
persistent_strong,0.12172048898314336,-0.3964570637220227,-0.7803043438722139,2.5
persistent_strong,-0.3964570637220227,-0.5666013748945319,0.013235235738797257,2.5
persistent_strong,-0.5666013748945319,-0.8933235261299626,-0.022836041401085194,2.5
persistent_strong,-0.8933235261299626,-0.7728701675061573,0.278454889731443,2.5
persistent_strong,-0.7728701675061573,-1.016549313677753,0.5840772542392763,2.5
persistent_strong,-1.016549313677753,-1.2085593681172604,-0.46888782933711176,2.5
persistent_strong,-1.2085593681172604,-0.3628779965948248,0.21785395710936262,2.5
persistent_strong,-0.3628779965948248,0.13740045260140604,-0.026645880398588395,2.5
persistent_strong,0.13740045260140604,0.10637965477710844,0.36204872752282247,2.5
persistent_strong,0.10637965477710844,0.6047679629670809,-0.2347178286701116,2.5
persistent_strong,0.6047679629670809,0.1722909500075679,0.21810779507905353,2.5
persistent_strong,0.1722909500075679,0.33589069040858055,-0.14562061000712967,2.5
persistent_strong,0.33589069040858055,-0.20108477870033487,-0.9997859771509714,2.5
persistent_strong,-0.20108477870033487,-0.5321297783595098,-0.2768652319490533,2.5
persistent_strong,-0.5321297783595098,0.021928493427756157,-1.0978207612862274,2.5
persistent_strong,0.021928493427756157,-0.5756691989093973,0.13713681681267503,2.5
persistent_strong,-0.5756691989093973,-0.6716585076363466,-1.615678336033936,2.5
persistent_strong,-0.6716585076363466,-1.104841354282327,-0.23047881953859772,2.5
persistent_strong,-1.104841354282327,-1.4828187403291193,-1.4442961122272784,2.5
persistent_strong,-1.4828187403291193,-1.1853824307257779,-1.1532565842087024,2.5
persistent_strong,-1.1853824307257779,-0.9313349260549374,-0.6796909698705244,2.5
persistent_strong,-0.9313349260549374,-1.4786604036255695,-0.22133641171488794,2.5
persistent_strong,-1.4786604036255695,-0.17518580715581689,-1.2309419564332589,2.5
persistent_strong,-0.17518580715581689,0.5391660023812224,-0.1720274580893299,2.5
persistent_strong,0.5391660023812224,-0.05342734949522571,0.7459575846105501,2.5
persistent_strong,-0.05342734949522571,0.10457872499995159,-0.12086217517720099,2.5
persistent_strong,0.10457872499995159,0.1060236748702884,0.2923632372999169,2.5
persistent_strong,0.1060236748702884,-0.265843902278243,-0.018669434858484935,2.5
persistent_strong,-0.265843902278243,-0.8673705066988602,0.49860439761766046,2.5
persistent_strong,-0.8673705066988602,-0.7222169887200303,0.04602230035173421,2.5
persistent_strong,-0.7222169887200303,-0.7001740487666223,0.3455935587449322,2.5
persistent_strong,-0.7001740487666223,-0.03301933587506711,-0.3717517354398226,2.5
persistent_strong,-0.03301933587506711,-0.0025771179098461015,-0.16461821450922706,2.5
persistent_strong,-0.0025771179098461015,-0.5301675916019621,-1.6463246245793162,2.5
persistent_strong,-0.5301675916019621,-0.7887025055855267,-0.8889742438886887,2.5
persistent_strong,-0.7887025055855267,-0.6768728259499384,-0.9606377133548265,2.5
persistent_strong,-0.6768728259499384,-0.12263189445116102,0.17743265337451575,2.5
persistent_strong,-0.12263189445116102,-0.6971102045202664,-0.34400755545475903,2.5
persistent_strong,-0.6971102045202664,-0.47282024195772165,-0.9151193734678807,2.5
persistent_strong,-0.47282024195772165,0.1968253543876337,-0.3924386363999432,2.5
persistent_strong,0.1968253543876337,-0.5760636942474207,-0.3680796423602409,2.5
persistent_strong,-0.5760636942474207,0.1712086613996472,-0.9086466223774063,2.5
persistent_strong,0.1712086613996472,-0.17134545107331395,-0.6733871592998008,2.5
persistent_strong,-0.17134545107331395,-0.20361859603422466,0.4063002285925903,2.5
persistent_strong,-0.20361859603422466,-0.4528671793849342,0.6880556238980544,2.5
persistent_strong,-0.4528671793849342,-0.22214104233300844,-0.3089190294219383,2.5
persistent_strong,-0.22214104233300844,0.020475092080332075,0.02089516979811243,2.5
persistent_strong,0.020475092080332075,0.22515308169636827,0.4362507950780822,2.5
persistent_strong,0.22515308169636827,1.4533790187818398,-0.19673733087298514,2.5
persistent_strong,1.4533790187818398,-0.07226179053457815,0.7305490061955059,2.5
persistent_strong,-0.07226179053457815,-0.33203701306730077,-0.7911988600063199,2.5
persistent_strong,-0.33203701306730077,-0.9157100519177774,-1.3009703203456695,2.5
persistent_strong,-0.9157100519177774,-0.8503939914672098,-0.8814469787842254,2.5
persistent_strong,-0.8503939914672098,-1.0316357694837617,0.18674550095646308,2.5
persistent_strong,-1.0316357694837617,-0.9620737515725327,-0.5619108993023322,2.5
persistent_strong,-0.9620737515725327,-0.7981235324911952,-1.1754090506713537,2.5
persistent_strong,-0.7981235324911952,-0.9338829329154157,-0.1680014163570505,2.5
persistent_strong,-0.9338829329154157,-0.32541752484562736,0.21733129799404532,2.5
persistent_strong,-0.32541752484562736,-0.9771074409001941,-0.7027705134045207,2.5
persistent_strong,-0.9771074409001941,-1.0407448069357255,-0.13321493089031367,2.5
persistent_strong,-1.0407448069357255,-0.8291615319855787,0.7092529319943697,2.5
persistent_strong,-0.8291615319855787,-0.033669716125629745,-0.5926200511113501,2.5
persistent_strong,-0.033669716125629745,-0.6827992005040916,0.011429781048567006,2.5
persistent_strong,-0.6827992005040916,-1.1391803696774279,-0.7305944729359944,2.5
persistent_strong,-1.1391803696774279,-0.6683405476778399,-1.3178265345998939,2.5
persistent_strong,-0.6683405476778399,-0.5092766453936769,-1.0780147312895778,2.5
persistent_strong,-0.5092766453936769,-1.0928663679908304,0.27087334059194185,2.5
persistent_strong,-1.0928663679908304,-0.33548265187654824,-0.23080691276247262,2.5
persistent_strong,-0.33548265187654824,-0.16363664907266762,-0.29125936638082073,2.5
persistent_strong,-0.16363664907266762,-0.3036294902619884,0.9960863326941168,2.5
persistent_strong,-0.3036294902619884,-0.4136429802867998,-0.35026175206719923,2.5
persistent_strong,-0.4136429802867998,-0.2962721139253009,-0.124529716001735,2.5
persistent_strong,-0.2962721139253009,-0.4213147647318629,0.2844885222665793,2.5
persistent_strong,-0.4213147647318629,-0.19575041834493537,-0.5535692944996247,2.5
persistent_strong,-0.19575041834493537,-0.017010235264025036,-0.6580328871388879,2.5
persistent_strong,-0.017010235264025036,-0.5422493598778556,-0.3158466061117404,2.5
persistent_strong,-0.5422493598778556,-1.1683446990928128,-0.8508738888032061,2.5
persistent_strong,-1.1683446990928128,-0.18824528960408193,-0.4368375615519176,2.5
persistent_strong,-0.18824528960408193,-0.41247324400579105,0.023207638768668784,2.5
persistent_strong,-0.41247324400579105,0.4628016570521402,-0.5271553436887325,2.5
persistent_strong,0.4628016570521402,0.4143884562918745,-1.0029056797064995,2.5
persistent_strong,0.4143884562918745,-0.9319692594568086,-0.1709851072051834,2.5
persistent_strong,-0.9319692594568086,-0.6143547211440739,-1.1622829750380559,2.5
persistent_strong,-0.6143547211440739,-0.8982208869800029,-0.5477279074448527,2.5
persistent_strong,-0.8982208869800029,-1.757351323718824,-0.2447427214679211,2.5
persistent_strong,-1.757351323718824,-1.3929783609404363,0.05851887970433489,2.5
persistent_strong,-1.3929783609404363,-1.6222787037820536,0.1305543057677473,2.5
persistent_strong,-1.6222787037820536,-1.3835847132075474,-1.453442134714967,2.5
persistent_strong,-1.3835847132075474,-0.5700773122606377,-0.5278594058047726,2.5
persistent_strong,-0.5700773122606377,-0.103633026238449,-0.5824641780617815,2.5
persistent_strong,-0.103633026238449,-0.0781483628200718,0.042554345773856715,2.5
persistent_strong,-0.0781483628200718,-0.04577928987556301,0.9287794386595595,2.5
persistent_strong,-0.04577928987556301,-0.019901895020784387,0.34263748520328946,2.5
persistent_strong,-0.019901895020784387,-0.34874484249519216,0.21480296554286804,2.5
persistent_strong,-0.34874484249519216,-0.7668025536274623,-0.39390578218549555,2.5
persistent_strong,-0.7668025536274623,-0.8378996878260764,-0.6985596115904554,2.5
persistent_strong,-0.8378996878260764,-0.6215977286385065,-0.513446761308852,2.5
persistent_strong,-0.6215977286385065,-0.8905253344606436,0.08315853874948004,2.5
persistent_strong,-0.8905253344606436,-0.8457820056721425,0.5055380794621205,2.5
persistent_strong,-0.8457820056721425,-0.692295095323757,-0.013069213017644243,2.5
persistent_strong,-0.692295095323757,-1.0124555353854359,-0.3696519538998557,2.5
persistent_strong,-1.0124555353854359,-0.34854078903250424,-0.4425688673404897,2.5
persistent_strong,-0.34854078903250424,0.27621578274290454,0.29098775781777547,2.5
persistent_strong,0.27621578274290454,0.25765615365280536,1.0831289205628734,2.5
persistent_strong,0.25765615365280536,-0.2784282655710648,1.25178880098632,2.5
persistent_strong,-0.2784282655710648,-1.1594944932304276,-0.6153623834828759,2.5
persistent_strong,-1.1594944932304276,-2.1080024401443445,-1.2540965074548152,2.5
persistent_strong,-2.1080024401443445,-1.1507601887178633,-0.3479745512966963,2.5
persistent_strong,-1.1507601887178633,-0.8476146623934798,0.011295879263231445,2.5
persistent_strong,-0.8476146623934798,-0.9803091213566418,0.25808869950938124,2.5
persistent_strong,-0.9803091213566418,-1.4979157421219105,0.5620963114613735,2.5
persistent_strong,-1.4979157421219105,-1.295562270848854,-0.7100460508161665,2.5
persistent_strong,-1.295562270848854,-0.6266429357262804,-0.06017939072449141,2.5
persistent_strong,-0.6266429357262804,-0.390593781418971,-0.8321264241491592,2.5
persistent_strong,-0.390593781418971,-0.8311831241304274,0.5583526380299755,2.5
persistent_strong,-0.8311831241304274,0.6978516532269318,-0.39528486247865674,2.5
persistent_strong,0.6978516532269318,0.7426207911449672,0.22922888159135296,2.5
persistent_strong,0.7426207911449672,-0.049669364510883884,-0.29500490040359895,2.5
persistent_strong,-0.049669364510883884,0.09423559157641334,0.7690811816281196,2.5
persistent_strong,0.09423559157641334,0.21586523587518633,0.5803052741057624,2.5
persistent_strong,0.21586523587518633,0.46236872144190105,0.4642948372291891,2.5
persistent_strong,0.46236872144190105,0.4874994917497899,-0.5433059527708556,2.5
persistent_strong,0.4874994917497899,-0.2330718791837641,-0.20881072141083748,2.5
persistent_strong,-0.2330718791837641,-0.045103479154230824,0.5054393836414869,2.5
persistent_strong,-0.045103479154230824,-0.4472623124377231,-0.0938289226658449,2.5
persistent_strong,-0.4472623124377231,-0.3260011917247201,-0.0834522687906458,2.5
persistent_strong,-0.3260011917247201,-0.31416937987338656,0.05327989688424109,2.5
persistent_strong,-0.31416937987338656,0.02792724831836313,-0.36877212025802086,2.5
persistent_strong,0.02792724831836313,0.09236802819998244,0.6158332653036223,2.5
persistent_strong,0.09236802819998244,-0.11359810555881265,-1.0775988051908656,2.5
persistent_strong,-0.11359810555881265,1.0983329694036341,0.8556430731008093,2.5
persistent_strong,1.0983329694036341,0.6698333669778832,1.3312752893671962,2.5
persistent_strong,0.6698333669778832,0.32317241630935745,0.537249181274029,2.5
persistent_strong,0.32317241630935745,0.43215975650280036,0.5593461850064396,2.5
persistent_strong,0.43215975650280036,0.5318418212849112,0.11156012431955095,2.5
persistent_strong,0.5318418212849112,0.8396836159316221,1.2445547595939226,2.5
persistent_strong,0.8396836159316221,-0.0430853457593513,0.021550246952661722,2.5
persistent_strong,-0.0430853457593513,-0.3212340680825133,-0.5521176872177878,2.5
persistent_strong,-0.3212340680825133,0.22951123376949917,0.09996472765019462,2.5
persistent_strong,0.22951123376949917,0.27481560314067927,-0.19406243589610597,2.5
persistent_strong,0.27481560314067927,0.31822044588588416,-0.06736570342527838,2.5
persistent_strong,0.31822044588588416,-0.438817337350915,1.0422475018356692,2.5
persistent_strong,-0.438817337350915,-1.0356769833916546,-1.3140532708637207,2.5
persistent_strong,-1.0356769833916546,-1.222610977440763,-0.05604342881159585,2.5
persistent_strong,-1.222610977440763,-0.8832895296569918,-1.1158244953652794,2.5
persistent_strong,-0.8832895296569918,-0.3621083121801309,-0.28402904793167755,2.5
persistent_strong,-0.3621083121801309,0.0965918763202454,0.1066699628201542,2.5
persistent_strong,0.0965918763202454,-0.8310456442688329,0.20822709598893124,2.5
persistent_strong,-0.8310456442688329,-0.7149215147470444,-1.2217001606409228,2.5
persistent_strong,-0.7149215147470444,-0.5584435341954788,-0.27971362180680337,2.5
persistent_strong,-0.5584435341954788,-0.6622333871266816,0.08286797315294497,2.5
persistent_strong,-0.6622333871266816,-0.7350360052923103,0.7983402971124509,2.5
persistent_strong,-0.7350360052923103,-1.1036136360427624,-0.13902162771237073,2.5
persistent_strong,-1.1036136360427624,-1.0652074481492342,-1.1456401734645907,2.5
persistent_strong,-1.0652074481492342,-1.9613406168180476,-0.9039297155922288,2.5
persistent_strong,-1.9613406168180476,-0.9796115131502351,-1.355579296927735,2.5
persistent_strong,-0.9796115131502351,-0.7124072481963625,0.29384156303639486,2.5
persistent_strong,-0.7124072481963625,0.08318749584876672,0.14557871080375634,2.5
persistent_strong,0.08318749584876672,-0.35270892920494257,-0.8867117569228686,2.5
persistent_strong,-0.35270892920494257,-1.1121153102260635,-0.46739724753373846,2.5
persistent_strong,-1.1121153102260635,-0.07981291413127234,0.27478701113025605,2.5
persistent_strong,-0.07981291413127234,-1.105338204795036,-0.5349236030495749,2.5
persistent_strong,-1.105338204795036,-1.4714293052095389,-0.17050449507273635,2.5
persistent_strong,-1.4714293052095389,-0.8381793863293484,-0.808761717497787,2.5
persistent_strong,-0.8381793863293484,-0.04269172423021306,-0.23329099759252048,2.5
persistent_strong,-0.04269172423021306,-0.39242849352727394,-0.2943451272632539,2.5
persistent_strong,-0.39242849352727394,-0.4449261006040829,-0.9434879230327968,2.5
persistent_strong,-0.4449261006040829,-0.5092050394691874,-0.7409920619880332,2.5
persistent_strong,-0.5092050394691874,-0.19095173270098034,0.02048920489986139,2.5
persistent_strong,-0.19095173270098034,-0.5989689375378997,0.6968114606162377,2.5
persistent_strong,-0.5989689375378997,-0.22816074975342704,-0.3670407138828944,2.5
persistent_strong,-0.22816074975342704,0.19511289698457707,0.13983781443220772,2.5
persistent_strong,0.19511289698457707,0.06784699255807106,0.37120459980452286,2.5
persistent_strong,0.06784699255807106,0.06085945834034755,-0.5891347571545985,2.5
persistent_strong,0.06085945834034755,1.0741317612401533,-0.5386072038898352,2.5
persistent_strong,1.0741317612401533,0.947291633324163,0.8051865630686731,2.5
persistent_strong,0.947291633324163,0.5154908464022913,0.6442239613239612,2.5
persistent_strong,0.5154908464022913,0.86919205252736,-0.23954867549872952,2.5
persistent_strong,0.86919205252736,1.2047960838353853,-0.679177166647658,2.5
persistent_strong,1.2047960838353853,0.585795964871195,0.12593424551468202,2.5
persistent_strong,0.585795964871195,-0.020913390595342918,-0.11139373843859743,2.5
persistent_strong,-0.020913390595342918,0.6223221661445194,0.20758337924709824,2.5
persistent_strong,0.6223221661445194,1.0186069223791478,0.00745006050047603,2.5
persistent_strong,1.0186069223791478,1.3739880697730122,0.33758399173489284,2.5
persistent_strong,1.3739880697730122,1.8067262475337984,1.0497749727364043,2.5
persistent_strong,1.8067262475337984,0.8594244340316355,1.0007730132188735,2.5
persistent_strong,0.8594244340316355,-0.10138406951786139,0.07771838556320393,2.5
persistent_strong,-0.10138406951786139,0.3612218165379737,0.5255820289713377,2.5
persistent_strong,0.3612218165379737,0.6955713517181339,0.3945369088518762,2.5
persistent_strong,0.6955713517181339,0.5984327376215977,1.2145313952194563,2.5
persistent_strong,0.5984327376215977,0.782319215539647,-0.1268484288334758,2.5
persistent_strong,0.782319215539647,0.24350007406140262,0.3941631940260943,2.5
persistent_strong,0.24350007406140262,-0.29462005334877717,-0.146277646230478,2.5
persistent_strong,-0.29462005334877717,-0.2976178803019499,-0.7793434917636121,2.5
persistent_strong,-0.2976178803019499,-0.05754829624162236,-0.7145235432755443,2.5
persistent_strong,-0.05754829624162236,0.21891528674535418,0.046514675423014504,2.5
persistent_strong,0.21891528674535418,0.10128167780727115,0.41377476871475405,2.5
persistent_strong,0.10128167780727115,0.3357343537289785,-0.22867016044589855,2.5
persistent_strong,0.3357343537289785,0.7978757461962637,0.025624084820984716,2.5
persistent_strong,0.7978757461962637,0.8238896269812603,1.0229328529744712,2.5
persistent_strong,0.8238896269812603,0.40146083494751295,0.2604869680074699,2.5
persistent_strong,0.40146083494751295,1.0663476265262144,-0.08949343978639082,2.5
persistent_strong,1.0663476265262144,0.2813305265006928,0.9380766919241814,2.5
persistent_strong,0.2813305265006928,0.2940806845861915,-0.17036846851933296,2.5
persistent_strong,0.2940806845861915,1.0800362227089515,0.43033190959151524,2.5
persistent_strong,1.0800362227089515,1.944619100822215,0.19579612890916304,2.5
persistent_strong,1.944619100822215,2.2352757710283284,0.8312721069205435,2.5
persistent_strong,2.2352757710283284,1.5319636714437685,0.7779582489356718,2.5
persistent_strong,1.5319636714437685,0.3744852868463464,0.3349663388452663,2.5
persistent_strong,0.3744852868463464,0.06027672141233176,0.2176360007590027,2.5
persistent_strong,0.06027672141233176,0.011915386589061154,1.009592835110969,2.5
persistent_strong,0.011915386589061154,0.052799014413086966,0.3800582022984752,2.5
persistent_strong,0.052799014413086966,-0.42982786707293363,0.0029340701474110595,2.5
persistent_strong,-0.42982786707293363,-0.5821178144856258,0.5313333796761941,2.5
persistent_strong,-0.5821178144856258,-0.36181783239856014,-1.2623670921339019,2.5
persistent_strong,-0.36181783239856014,-0.2596768369299105,-0.07661197669601438,2.5
persistent_strong,-0.2596768369299105,0.37941041116190977,-0.5262206126730427,2.5
persistent_strong,0.37941041116190977,0.5525507143475816,-0.4975924530483973,2.5
persistent_strong,0.5525507143475816,0.6971664043603568,-0.07792602744450874,2.5
persistent_strong,0.6971664043603568,0.29714742905012503,0.19950203467373676,2.5
persistent_strong,0.29714742905012503,0.2644164367135214,-0.4722304996986548,2.5
persistent_strong,0.2644164367135214,-0.6781747641676283,0.17040671711432892,2.5
persistent_strong,-0.6781747641676283,-0.717190405327937,-1.1834432221617315,2.5
persistent_strong,-0.717190405327937,-1.2833625734011513,-0.02279800483313732,2.5
persistent_strong,-1.2833625734011513,-0.9379355970323636,-0.2565222832049684,2.5
persistent_strong,-0.9379355970323636,-0.4842359702096759,0.7178485033494604,2.5
persistent_strong,-0.4842359702096759,-0.32326462037544035,0.15067343145117001,2.5
persistent_strong,-0.32326462037544035,0.43445612840581993,-0.35371513891807516,2.5
persistent_strong,0.43445612840581993,0.030181131538411843,-0.12919484768090247,2.5
persistent_strong,0.030181131538411843,-0.022167732610690348,0.23892632900226216,2.5
persistent_strong,-0.022167732610690348,-0.2706332294738706,0.21702517744548114,2.5
persistent_strong,-0.2706332294738706,-0.35911779028476287,-0.892345250063285,2.5
persistent_strong,-0.35911779028476287,0.3159956388446192,-1.1067696340987574,2.5
persistent_strong,0.3159956388446192,-0.38102807532918637,0.5279822268856802,2.5
persistent_strong,-0.38102807532918637,0.44835186932088167,0.04854020461870845,2.5
persistent_strong,0.44835186932088167,0.9634210808585275,-0.4679013868447557,2.5
persistent_strong,0.9634210808585275,1.0168960421543447,1.1518592577953894,2.5
persistent_strong,1.0168960421543447,0.6336565568709318,0.5543273427595035,2.5
persistent_strong,0.6336565568709318,0.6021490105208848,0.05398334909426272,2.5
persistent_strong,0.6021490105208848,0.287836037592499,0.10968261366731724,2.5
persistent_strong,0.287836037592499,0.888815070749849,0.40036256537923326,2.5
persistent_strong,0.888815070749849,0.18202959419758913,0.2824899537787149,2.5
persistent_strong,0.18202959419758913,-0.30087615513088684,-0.04415270290995592,2.5
persistent_strong,-0.30087615513088684,-0.2185283359308131,0.3398980046690633,2.5
persistent_strong,-0.2185283359308131,-1.3035656902009083,-0.6582160126894443,2.5
persistent_strong,-1.3035656902009083,-0.3535577116175751,-0.40726126146766406,2.5
persistent_strong,-0.3535577116175751,-0.42242959463301605,-0.004510293501916091,2.5
persistent_strong,-0.42242959463301605,0.012534115575137561,0.45868825557350634,2.5
persistent_strong,0.012534115575137561,0.08876911423217608,0.2223611130597276,2.5
persistent_strong,0.08876911423217608,-0.7295985784239694,0.5140587435761912,2.5
persistent_strong,-0.7295985784239694,-0.5501785209550673,0.23309276007719915,2.5
persistent_strong,-0.5501785209550673,-0.23956705739507142,0.44662382845984094,2.5
persistent_strong,-0.23956705739507142,-0.7261466454006505,-0.4910728854617748,2.5
persistent_strong,-0.7261466454006505,-1.0254703793115656,-0.4163623675963301,2.5
persistent_strong,-1.0254703793115656,-1.2790503178203645,-0.4852412742656184,2.5
persistent_strong,-1.2790503178203645,-0.6476214907971081,0.5625467597100319,2.5
persistent_strong,-0.6476214907971081,-1.0751388938519362,0.37115160555568494,2.5
persistent_strong,-1.0751388938519362,-1.252893481327177,-0.14043392849808212,2.5
persistent_strong,-1.252893481327177,-1.0185593796317307,-0.16648041396534674,2.5
persistent_strong,-1.0185593796317307,-0.7428664234961858,-0.3575669021013492,2.5
persistent_strong,-0.7428664234961858,-0.8559429543767509,0.46745209707981766,2.5
persistent_strong,-0.8559429543767509,0.036426944293412644,-0.39650476315306177,2.5
persistent_strong,0.036426944293412644,0.7535855330930176,0.4774535095702891,2.5
persistent_strong,0.7535855330930176,0.010771960483418885,0.5617016710467948,2.5
persistent_strong,0.010771960483418885,0.8171731275935851,-0.4236352314051379,2.5
persistent_strong,0.8171731275935851,0.8433940387858163,1.0388309203960195,2.5
persistent_strong,0.8433940387858163,0.9535946898205958,0.7432231551199773,2.5
persistent_strong,0.9535946898205958,1.0927335956936655,0.48082805290243275,2.5
persistent_strong,1.0927335956936655,0.2214532832499757,-0.007891429179530174,2.5
persistent_strong,0.2214532832499757,-0.4062207450226708,0.5384146874654603,2.5
persistent_strong,-0.4062207450226708,-0.10519667553895995,-0.4663156433431378,2.5
persistent_strong,-0.10519667553895995,-0.41495898844809526,-0.6468684148787877,2.5
persistent_strong,-0.41495898844809526,0.92306196397463,0.5250771904981123,2.5
persistent_strong,0.92306196397463,0.511658333370211,0.4031791092217001,2.5
persistent_strong,0.511658333370211,0.8202016275092621,0.42539118047503943,2.5
persistent_strong,0.8202016275092621,0.19383047594641212,0.7912784680331446,2.5
persistent_strong,0.19383047594641212,1.1236842736290968,0.8851640565683924,2.5
persistent_strong,1.1236842736290968,1.7222705904570432,-0.07697882138343548,2.5
persistent_strong,1.7222705904570432,0.6606410245613522,-0.1731800465909864,2.5
persistent_strong,0.6606410245613522,0.6730975118207282,0.9035029433482091,2.5
persistent_strong,0.6730975118207282,0.5632130866319651,0.11457642679258831,2.5
persistent_strong,0.5632130866319651,1.1382913781414676,0.39026459485612264,2.5
persistent_strong,1.1382913781414676,-0.20849384358319323,0.9557333195078201,2.5
persistent_strong,-0.20849384358319323,-0.31621933667907964,0.7660289960646807,2.5
persistent_strong,-0.31621933667907964,0.14409330318296712,-0.5073548409549022,2.5
persistent_strong,0.14409330318296712,-0.06452814627943086,-0.18026086017631515,2.5
persistent_strong,-0.06452814627943086,-0.36767055644813196,-1.1299501594032586,2.5
persistent_strong,-0.36767055644813196,-0.9839161491557011,0.03428931139194169,2.5
persistent_strong,-0.9839161491557011,-0.6375509214940738,-0.39849378161687865,2.5
persistent_strong,-0.6375509214940738,-0.630659742783313,-0.21464644506491226,2.5
persistent_strong,-0.630659742783313,-1.1961208697204424,0.7398884835040417,2.5
persistent_strong,-1.1961208697204424,-0.9140237618300858,-1.0903507204968088,2.5
persistent_strong,-0.9140237618300858,-1.0822290137567547,-1.2424153506761235,2.5
persistent_strong,-1.0822290137567547,-0.762787284817447,-0.9910466302722135,2.5
persistent_strong,-0.762787284817447,-0.3080666900076361,0.0515498339358354,2.5
shorter_small,0.42929763339289173,1.5441867260049584,0.8363864585002021,1.3
shorter_small,1.5441867260049584,1.1152411154737965,-0.4550011413738501,1.3
shorter_small,1.1152411154737965,-0.34527391801440627,0.3109950757008785,1.3
shorter_small,-0.34527391801440627,-0.4963764865587672,-0.9404571535001159,1.3
shorter_small,-0.4963764865587672,0.40095191048608925,1.1540824181933529,1.3
shorter_small,0.40095191048608925,0.09974723613993668,-0.0976869022918522,1.3
shorter_small,0.09974723613993668,0.8070353217681774,-0.08752731459408407,1.3
shorter_small,0.8070353217681774,-1.0042000556255335,0.37163138104573606,1.3
shorter_small,-1.0042000556255335,1.0520540857988965,-0.5249886370001429,1.3
shorter_small,1.0520540857988965,1.561896002140896,0.7266245623313791,1.3
shorter_small,1.561896002140896,-0.4415228514636111,0.7968529107476332,1.3
shorter_small,-0.4415228514636111,-0.3336666332292819,0.17884712230011848,1.3
shorter_small,-0.3336666332292819,-0.49912411082221264,0.021541327587004215,1.3
shorter_small,-0.49912411082221264,-0.39956581081586884,-2.808880034614851,1.3
shorter_small,-0.39956581081586884,0.5194335287858218,-0.37687077589045814,1.3
shorter_small,0.5194335287858218,-0.14991142079256284,0.5003776645572424,1.3
shorter_small,-0.14991142079256284,-0.6258498070713177,0.2274939212454591,1.3
shorter_small,-0.6258498070713177,0.2917953324361231,-3.035202480334729,1.3
shorter_small,0.2917953324361231,1.007420051644293,0.5669392747889578,1.3
shorter_small,1.007420051644293,0.0700773852241266,0.8832400285750927,1.3
shorter_small,0.0700773852241266,0.25661333331428376,-0.6131818939322214,1.3
shorter_small,0.25661333331428376,-0.8209528696620809,-0.8072021987904618,1.3
shorter_small,-0.8209528696620809,0.438857269082297,-0.07560843386631198,1.3
shorter_small,0.438857269082297,1.6943717853180134,-0.9045827634217212,1.3
shorter_small,1.6943717853180134,0.9883560808327919,-0.8090000381366023,1.3
shorter_small,0.9883560808327919,0.32755487470028394,-1.140788305230594,1.3
shorter_small,0.32755487470028394,-1.1958016301059167,0.9901516490031521,1.3
shorter_small,-1.1958016301059167,-0.5402974478277747,-0.18809326425629536,1.3
shorter_small,-0.5402974478277747,-1.4873592820911279,-0.7148379919491082,1.3
shorter_small,-1.4873592820911279,0.09379467823157667,-1.239975298567757,1.3
shorter_small,0.09379467823157667,1.271115290831292,0.3966425885865672,1.3
shorter_small,1.271115290831292,1.38891848742159,-0.3728257695196988,1.3
shorter_small,1.38891848742159,0.6077214932326475,-0.26514224109544726,1.3
shorter_small,0.6077214932326475,0.5753407050479978,-0.19053934620718405,1.3
shorter_small,0.5753407050479978,-0.21639893371568275,-0.3902959471262214,1.3
shorter_small,-0.21639893371568275,0.13446890367056477,0.17903931425100045,1.3
shorter_small,0.13446890367056477,0.24620140203202429,0.7931989098574225,1.3
shorter_small,0.24620140203202429,0.1180744437340205,-1.2036670091053374,1.3
shorter_small,0.1180744437340205,-1.7044545107628963,-0.9276008337282438,1.3
shorter_small,-1.7044545107628963,-0.32910740125257226,0.06983385508046533,1.3
shorter_small,-0.32910740125257226,0.23367439682788166,-0.8924104360169822,1.3
shorter_small,0.23367439682788166,-0.39905953687485507,-0.12703518682691883,1.3
shorter_small,-0.39905953687485507,0.18749713785339384,1.0829654435161102,1.3
shorter_small,0.18749713785339384,0.6266818711831886,0.3678234417483612,1.3
shorter_small,0.6266818711831886,-1.222959633263383,0.9117649903120243,1.3
shorter_small,-1.222959633263383,0.229446817170942,0.7970696990103046,1.3
shorter_small,0.229446817170942,-0.26398454888559864,0.9048791836678705,1.3
shorter_small,-0.26398454888559864,-0.8663736315012159,0.16409161394436217,1.3
shorter_small,-0.8663736315012159,-0.19174640280717958,1.1653130983067748,1.3
shorter_small,-0.19174640280717958,-0.6176029465354079,-0.5428151041602487,1.3
shorter_small,-0.6176029465354079,-0.5486395096143337,-0.5844742678482368,1.3
shorter_small,-0.5486395096143337,-0.8929466693257687,0.4442407294634766,1.3
shorter_small,-0.8929466693257687,-0.7802743330744188,-0.8117521464524056,1.3
shorter_small,-0.7802743330744188,-1.1073843436998614,0.008782649273741533,1.3
shorter_small,-1.1073843436998614,-0.793999176629494,-0.5449230589996334,1.3
shorter_small,-0.793999176629494,-1.0290992564074966,0.8017632644214994,1.3
shorter_small,-1.0290992564074966,-1.2772875120330007,0.3840142503666496,1.3
shorter_small,-1.2772875120330007,0.2717956766772532,0.800194372642087,1.3
shorter_small,0.2717956766772532,0.07301551897015711,-0.3870096666252794,1.3
shorter_small,0.07301551897015711,0.2791398822781376,-1.4853665564803773,1.3
shorter_small,0.2791398822781376,1.2242668376481833,1.0345632274199699,1.3
shorter_small,1.2242668376481833,0.8173668407183028,1.490197212916146,1.3
shorter_small,0.8173668407183028,0.25008827234073655,-0.6105826219819638,1.3
shorter_small,0.25008827234073655,-0.6773144683126336,-0.9014197526025025,1.3
shorter_small,-0.6773144683126336,0.29855218422273017,-1.5945205328561005,1.3
shorter_small,0.29855218422273017,0.3976512936799866,1.0041531079809414,1.3
shorter_small,0.3976512936799866,0.8061177616068342,-1.0318768670108607,1.3
shorter_small,0.8061177616068342,0.1557064069637285,0.2595997612720607,1.3
shorter_small,0.1557064069637285,-0.21457851567105654,0.19073065973811867,1.3
shorter_small,-0.21457851567105654,-1.4916066035917226,-0.546881253929593,1.3
shorter_small,-1.4916066035917226,-0.12301113508282996,-0.3775956461603044,1.3
shorter_small,-0.12301113508282996,-1.097916269775884,-0.4651653834600784,1.3
shorter_small,-1.097916269775884,-0.7100490072875596,0.5092931300493276,1.3
shorter_small,-0.7100490072875596,0.07397040128285529,1.0615750831473187,1.3
shorter_small,0.07397040128285529,0.036799795257150505,1.0818395218041608,1.3
shorter_small,0.036799795257150505,-0.08712538221074034,-1.2820036284154877,1.3
shorter_small,-0.08712538221074034,0.23625579962780507,-1.1357856338213317,1.3
shorter_small,0.23625579962780507,-1.1551923763270318,-0.4630259220097143,1.3
shorter_small,-1.1551923763270318,-0.3750106840394044,0.1527421546488919,1.3
shorter_small,-0.3750106840394044,0.688611619568079,0.5117526910870503,1.3
shorter_small,0.688611619568079,0.9605466185808866,-1.778076581192495,1.3
shorter_small,0.9605466185808866,-0.7400064022272566,0.12049566629651594,1.3
shorter_small,-0.7400064022272566,0.35962071761796904,0.5774920285981133,1.3
shorter_small,0.35962071761796904,0.3684934755906415,-0.013954611853488494,1.3
shorter_small,0.3684934755906415,-0.5856351037917361,-0.13226008320947374,1.3
shorter_small,-0.5856351037917361,-1.1436585388163976,-1.6743508223217451,1.3
shorter_small,-1.1436585388163976,-0.5069839704698553,1.0619868933572965,1.3
shorter_small,-0.5069839704698553,0.7295392550664439,0.30869992052605855,1.3
shorter_small,0.7295392550664439,0.515506060780143,-0.3073315766228766,1.3
shorter_small,0.515506060780143,-0.5139401067834809,-0.43172089320769785,1.3
shorter_small,-0.5139401067834809,-0.13582682932788698,0.5879317047839938,1.3
shorter_small,-0.13582682932788698,0.620840201475496,0.9833065106877553,1.3
shorter_small,0.620840201475496,0.0967126023301045,-0.17067702893735,1.3
shorter_small,0.0967126023301045,-0.3223020818956789,-1.179622235874384,1.3
shorter_small,-0.3223020818956789,0.16625131846394267,0.34510863975369827,1.3
shorter_small,0.16625131846394267,-1.3931192064820015,-0.6405615566136915,1.3
shorter_small,-1.3931192064820015,-0.1933037555131754,-0.30999557242309295,1.3
shorter_small,-0.1933037555131754,-1.0238847844928247,-0.31450979062778384,1.3
shorter_small,-1.0238847844928247,-0.4290182895436945,-1.0906001251308204,1.3
shorter_small,-0.4290182895436945,0.06130999578526586,0.9920274150801813,1.3
shorter_small,0.06130999578526586,-0.1197850619107708,-1.0868723304060919,1.3
shorter_small,-0.1197850619107708,-0.586523332073098,1.1257089686221584,1.3
shorter_small,-0.586523332073098,-0.4901263158291705,-0.8324754177483773,1.3
shorter_small,-0.4901263158291705,0.34807550236400453,-0.2846981530568419,1.3
shorter_small,0.34807550236400453,-0.8426508867805618,-0.006847697852111111,1.3
shorter_small,-0.8426508867805618,-0.915682185669203,0.23355506941565415,1.3
shorter_small,-0.915682185669203,-0.12201093790380146,-0.966189532977018,1.3
shorter_small,-0.12201093790380146,0.45503775866480894,1.505809992922082,1.3
shorter_small,0.45503775866480894,0.09266999404709898,-0.10259416313040139,1.3
shorter_small,0.09266999404709898,-0.36950343447074524,1.4075306120582247,1.3
shorter_small,-0.36950343447074524,0.31275109292269565,0.713847991452633,1.3
shorter_small,0.31275109292269565,-0.20382265113455647,0.046575008163286705,1.3
shorter_small,-0.20382265113455647,1.2740881920844314,-0.6102458350925732,1.3
shorter_small,1.2740881920844314,1.2636542722217317,0.5545342619025315,1.3
shorter_small,1.2636542722217317,1.6351469876061193,0.5412046742948863,1.3
shorter_small,1.6351469876061193,-0.15784063677285654,-0.4412701807017798,1.3
shorter_small,-0.15784063677285654,-0.4103782984231852,-0.06341715603215643,1.3
shorter_small,-0.4103782984231852,-0.35174504750619995,0.5928040296782624,1.3
shorter_small,-0.35174504750619995,-0.9870705487568157,0.9381735696544509,1.3
shorter_small,-0.9870705487568157,-0.7062365938545405,-0.12481934526621646,1.3
shorter_small,-0.7062365938545405,0.3789630645244998,-0.14958145095499636,1.3
shorter_small,0.3789630645244998,-0.5942739522369461,-0.5879844910430616,1.3
shorter_small,-0.5942739522369461,-0.42139207073246987,-1.059588806068072,1.3
shorter_small,-0.42139207073246987,0.8409117204689701,0.790531354329463,1.3
shorter_small,0.8409117204689701,0.44443618219176056,0.31420908833535266,1.3
shorter_small,0.44443618219176056,0.45008075862908997,-0.1483489503827985,1.3
shorter_small,0.45008075862908997,0.12374780423491946,1.1133434129386395,1.3
shorter_small,0.12374780423491946,-0.4156826609633556,0.786211443798251,1.3
shorter_small,-0.4156826609633556,-0.4107767670810087,-1.435061029362188,1.3
shorter_small,-0.4107767670810087,0.014748337407581524,-1.9731998737861276,1.3
shorter_small,0.014748337407581524,-0.4201644979961111,0.08588787140405403,1.3
shorter_small,-0.4201644979961111,-0.13344435902885482,-0.5126935310277994,1.3
shorter_small,-0.13344435902885482,-0.3763498838357291,0.7680419003879406,1.3
shorter_small,-0.3763498838357291,-0.2088978032797139,-1.061688267077894,1.3
shorter_small,-0.2088978032797139,0.9557870008480822,0.5138774566683972,1.3
shorter_small,0.9557870008480822,0.6915355121325552,0.5681665654180577,1.3
shorter_small,0.6915355121325552,-0.6840029250687579,-0.8864249401351432,1.3
shorter_small,-0.6840029250687579,-0.37457534552591476,1.7212711638941391,1.3
shorter_small,-0.37457534552591476,1.090362979102999,-0.6864437452717228,1.3
shorter_small,1.090362979102999,1.545660344194385,0.189533688646346,1.3
shorter_small,1.545660344194385,-0.31694156090338915,-0.2418427587632221,1.3
shorter_small,-0.31694156090338915,0.16887585213817252,-0.3939389421609826,1.3
shorter_small,0.16887585213817252,0.033030355814729816,-0.7795311592385765,1.3
shorter_small,0.033030355814729816,-1.7094642488346359,-0.6256539797466679,1.3
shorter_small,-1.7094642488346359,-0.37262945760731425,0.1733770032451832,1.3
shorter_small,-0.37262945760731425,1.197789341560718,-1.4551797613095363,1.3
shorter_small,1.197789341560718,-0.12271351893307586,-0.017659894640389445,1.3
shorter_small,-0.12271351893307586,-0.26716067861096554,-0.025523068410614413,1.3
shorter_small,-0.26716067861096554,0.5321368500268563,0.011977703450367787,1.3
shorter_small,0.5321368500268563,-0.15484448644461762,0.04357908029334448,1.3
shorter_small,-0.15484448644461762,-0.3740115562661235,1.6195056038557007,1.3
shorter_small,-0.3740115562661235,0.04487564019073645,-0.025085566416194124,1.3
shorter_small,0.04487564019073645,-0.9789477255337842,-0.10048333199026303,1.3
shorter_small,-0.9789477255337842,-0.0036062131628671334,-0.7146101563094467,1.3
shorter_small,-0.0036062131628671334,-0.9124403739470052,1.1346218166904125,1.3
shorter_small,-0.9124403739470052,-0.2794331862198601,0.9980571670843716,1.3
shorter_small,-0.2794331862198601,0.4381099229292289,-0.8437265563563859,1.3
shorter_small,0.4381099229292289,1.230056979793805,-0.8334131873949914,1.3
shorter_small,1.230056979793805,-0.15119821368662423,-0.7499485401549425,1.3
shorter_small,-0.15119821368662423,0.08645168673946307,0.8000436234505464,1.3
shorter_small,0.08645168673946307,0.17114076274016404,0.19314252721547465,1.3
shorter_small,0.17114076274016404,-1.1811158192463187,0.6286644750077706,1.3
shorter_small,-1.1811158192463187,-0.4648581089561494,-0.9419653761435095,1.3
shorter_small,-0.4648581089561494,-0.015067116993093266,-0.10027600700040532,1.3
shorter_small,-0.015067116993093266,0.34175073957047175,-0.003105249905423378,1.3
shorter_small,0.34175073957047175,1.4187038747392835,0.9471855656256993,1.3
shorter_small,1.4187038747392835,0.5109525223164035,-0.5559036069191355,1.3
shorter_small,0.5109525223164035,0.10745308832657005,-2.2036365147774406,1.3
shorter_small,0.10745308832657005,-0.03843046891024939,-0.23541804091641594,1.3
shorter_small,-0.03843046891024939,-0.04023186092471437,0.909046016086851,1.3
shorter_small,-0.04023186092471437,0.2930059607323857,1.5003358258859543,1.3
shorter_small,0.2930059607323857,1.1337703370417038,-1.76999991850327,1.3
shorter_small,1.1337703370417038,-0.35792457122654975,0.5437569562472891,1.3
shorter_small,-0.35792457122654975,-0.11552232164647806,0.6505679548561957,1.3
shorter_small,-0.11552232164647806,-1.6582455861349357,0.16550978132781177,1.3
shorter_small,-1.6582455861349357,-1.6710724878005387,-0.5396171734416267,1.3
shorter_small,-1.6710724878005387,-0.45191759547216054,0.2382472891433604,1.3
shorter_small,-0.45191759547216054,-1.5861325313328027,-0.0761234950542861,1.3
shorter_small,-1.5861325313328027,-0.3102383775570673,1.1545124779570286,1.3
shorter_small,-0.3102383775570673,0.7395404870413571,-0.5443671228217312,1.3
shorter_small,0.7395404870413571,-0.36599812735641335,1.6378083545095512,1.3
shorter_small,-0.36599812735641335,-0.6259385108986307,-0.034858033670312594,1.3
shorter_small,-0.6259385108986307,-0.22542710781006348,-0.5288261644523007,1.3
shorter_small,-0.22542710781006348,-0.4509831250875319,0.8790679727232256,1.3
shorter_small,-0.4509831250875319,-0.21352381275817103,-0.004165330482061733,1.3
shorter_small,-0.21352381275817103,-0.5713193354926933,0.7303801390815141,1.3
shorter_small,-0.5713193354926933,0.36338842523855763,0.4359536537136542,1.3
shorter_small,0.36338842523855763,0.2887624286888353,-0.31459980137165655,1.3
shorter_small,0.2887624286888353,0.014149976930505875,-0.15465606089450096,1.3
shorter_small,0.014149976930505875,-1.5348385427939402,1.704357797859811,1.3
shorter_small,-1.5348385427939402,-0.9966301701629247,-1.059165614315079,1.3
shorter_small,-0.9966301701629247,-0.32614429135740886,0.2776824460420641,1.3
shorter_small,-0.32614429135740886,0.329081226397934,1.0035590904603378,1.3
shorter_small,0.329081226397934,-0.36872222204896715,0.6361015983947166,1.3
shorter_small,-0.36872222204896715,0.25026873623352053,1.0568012054573686,1.3
shorter_small,0.25026873623352053,0.6110289669433673,-0.6644747418087336,1.3
shorter_small,0.6110289669433673,-0.23928731939981218,0.7692009732084897,1.3
shorter_small,-0.23928731939981218,0.37471903894009956,0.9474536690480495,1.3
shorter_small,0.37471903894009956,-0.034674022633071164,-1.3299655439137097,1.3
shorter_small,-0.034674022633071164,-0.7840126649048469,0.4167549326454942,1.3
shorter_small,-0.7840126649048469,-0.315760566764095,-0.4303568306812312,1.3
shorter_small,-0.315760566764095,0.7376534378825148,-0.5435289052184383,1.3
shorter_small,0.7376534378825148,0.46420958041577104,0.7771181754378925,1.3
shorter_small,0.46420958041577104,0.1288748294525348,0.3631645585810212,1.3
shorter_small,0.1288748294525348,0.5649608519296034,1.1609330667244537,1.3
shorter_small,0.5649608519296034,0.6227227626077815,0.4369855776212631,1.3
shorter_small,0.6227227626077815,0.29952141522352216,-1.4274593188534792,1.3
shorter_small,0.29952141522352216,-1.1609171189727863,-0.45549307063453226,1.3
shorter_small,-1.1609171189727863,-2.0861348785051237,0.20551634261728763,1.3
shorter_small,-2.0861348785051237,-1.7872741429902361,0.4468135580068935,1.3
shorter_small,-1.7872741429902361,0.4797186399030662,-0.6699689096031671,1.3
shorter_small,0.4797186399030662,0.5649191260249807,0.5245693739398063,1.3
shorter_small,0.5649191260249807,-0.9031606114069961,-0.5090901048958574,1.3
shorter_small,-0.9031606114069961,0.17252667656286202,0.9655497474727726,1.3
shorter_small,0.17252667656286202,-0.9386594360960967,0.2464788536854802,1.3
shorter_small,-0.9386594360960967,-0.24192819505680396,0.2535872550947963,1.3
shorter_small,-0.24192819505680396,0.4648934574022182,-2.266029571997301,1.3
shorter_small,0.4648934574022182,-0.003033010231353439,0.09549718032643757,1.3
shorter_small,-0.003033010231353439,0.4550742472104171,0.1461454561793435,1.3
shorter_small,0.4550742472104171,0.645092356714155,-0.614363589022777,1.3
shorter_small,0.645092356714155,-0.9921727017625407,-0.43526561684882736,1.3
shorter_small,-0.9921727017625407,-0.4610603712812408,0.48578348921728104,1.3
shorter_small,-0.4610603712812408,0.0781053439454659,-0.6117217957275274,1.3
shorter_small,0.0781053439454659,-0.41115869152408685,0.1392288800602163,1.3
shorter_small,-0.41115869152408685,-1.1316043293208655,-1.8040457022989862,1.3
shorter_small,-1.1316043293208655,0.49375436347063767,0.37011397801584633,1.3
shorter_small,0.49375436347063767,0.21830936439776524,-1.6264634880125801,1.3
shorter_small,0.21830936439776524,-0.4236704281580026,-1.6654543017514238,1.3
shorter_small,-0.4236704281580026,-0.838361334935829,-0.08375274575997782,1.3
shorter_small,-0.838361334935829,-0.4165506284445076,-0.8172110639069821,1.3
shorter_small,-0.4165506284445076,0.5279037882069895,-1.2034613583249003,1.3
shorter_small,0.5279037882069895,-0.26524262375246643,0.2869153778204147,1.3
shorter_small,-0.26524262375246643,0.1356215914092509,-0.37202398534826353,1.3
shorter_small,0.1356215914092509,0.13352892943050998,1.130023368874216,1.3
shorter_small,0.13352892943050998,-0.20432885746145252,0.031036950971177264,1.3
shorter_small,-0.20432885746145252,-0.15720959479354502,0.9112253398433869,1.3
shorter_small,-0.15720959479354502,-0.10554795137503917,-0.8287541514647283,1.3
shorter_small,-0.10554795137503917,-0.7503223206422293,0.13822113661214402,1.3
shorter_small,-0.7503223206422293,-1.2720572663568877,2.3381690479535777,1.3
shorter_small,-1.2720572663568877,-0.044308686832167044,0.23821883246637396,1.3
shorter_small,-0.044308686832167044,0.8376801557754988,-0.7187384527652498,1.3
shorter_small,0.8376801557754988,0.557972872192209,-0.33955220746096826,1.3
shorter_small,0.557972872192209,-0.46064303377654137,-0.27580534337632473,1.3
shorter_small,-0.46064303377654137,-0.20975385910124422,0.3765072486972786,1.3
shorter_small,-0.20975385910124422,-0.49427702085500724,-1.8078584605060277,1.3
shorter_small,-0.49427702085500724,-1.1434186812114948,0.6446988153651505,1.3
shorter_small,-1.1434186812114948,-1.1048355001698782,0.16983200049771363,1.3
shorter_small,-1.1048355001698782,-0.8010007732653328,-0.39223483496831035,1.3
shorter_small,-0.8010007732653328,0.020050566220467525,0.5946365409811716,1.3
shorter_small,0.020050566220467525,-0.8063703751097824,-2.0091024800464194,1.3
shorter_small,-0.8063703751097824,0.40756331441150195,1.3618982746141477,1.3
shorter_small,0.40756331441150195,0.07820304776978457,0.15332717369722876,1.3
shorter_small,0.07820304776978457,0.7333449879249944,0.8086642851980578,1.3
shorter_small,0.7333449879249944,0.8108662889418078,-0.7130537769553377,1.3
shorter_small,0.8108662889418078,0.3204212002034606,0.42148146134665654,1.3
shorter_small,0.3204212002034606,0.1178016607531467,0.03096476444088404,1.3
shorter_small,0.1178016607531467,0.1825871981301852,0.8530656863938556,1.3
shorter_small,0.1825871981301852,0.19819641931276694,-1.0507644069160755,1.3
shorter_small,0.19819641931276694,0.4758649446445494,1.8913600738938712,1.3
shorter_small,0.4758649446445494,1.2969296866782853,0.33962776035516634,1.3
shorter_small,1.2969296866782853,0.7823178293069369,1.5484331730933203,1.3
shorter_small,0.7823178293069369,1.2345146272272223,0.27740992426770883,1.3
shorter_small,1.2345146272272223,0.9736284518643357,0.22088394619387752,1.3
shorter_small,0.9736284518643357,0.040741125156788516,0.20936159392647713,1.3
shorter_small,0.040741125156788516,0.30307365915477175,0.9104366688320238,1.3
shorter_small,0.30307365915477175,0.48023549808190064,0.6695481035623403,1.3
shorter_small,0.48023549808190064,0.687291912425187,-0.6566567954128018,1.3
shorter_small,0.687291912425187,-0.06230626657586971,-0.3675481649115423,1.3
shorter_small,-0.06230626657586971,0.6479371780385897,0.46622378763818373,1.3
shorter_small,0.6479371780385897,-0.21492960803578165,-0.8622983955851763,1.3
shorter_small,-0.21492960803578165,-0.2203556397903192,0.42130320725372356,1.3
shorter_small,-0.2203556397903192,0.31409412652078633,-0.5479190232336391,1.3
shorter_small,0.31409412652078633,0.16803955202913892,0.8789459893051751,1.3
shorter_small,0.16803955202913892,-0.5438625379444191,0.47589424117624896,1.3
shorter_small,-0.5438625379444191,-1.0466637603835491,0.45008000074034343,1.3
shorter_small,-1.0466637603835491,-0.7130189198426942,-0.25721850943412794,1.3
shorter_small,-0.7130189198426942,-0.7241353150994176,0.9045519524732978,1.3
shorter_small,-0.7241353150994176,1.11034996047336,-0.2708409165292976,1.3
shorter_small,1.11034996047336,-0.3668080537608718,1.4066277397456797,1.3
shorter_small,-0.3668080537608718,-1.083493367338928,-0.9696165428729199,1.3
shorter_small,-1.083493367338928,1.0351380184526537,0.2122743773280198,1.3
shorter_small,1.0351380184526537,-0.7988405500861431,-0.2261686532511613,1.3
shorter_small,-0.7988405500861431,-0.6859057701682686,1.2527105712895894,1.3
shorter_small,-0.6859057701682686,0.05649021703361046,0.6663470380812946,1.3
shorter_small,0.05649021703361046,-0.01855030261409981,0.7470358315075011,1.3
shorter_small,-0.01855030261409981,0.14952524836740283,-0.46051700289228453,1.3
shorter_small,0.14952524836740283,1.0042044910615282,0.05451389089989949,1.3
shorter_small,1.0042044910615282,1.7912799001227684,-0.7137130995616128,1.3
shorter_small,1.7912799001227684,0.6692386886065332,-0.43454037092333886,1.3
shorter_small,0.6692386886065332,0.40323534067353334,1.293083776459113,1.3
shorter_small,0.40323534067353334,-0.1196069132207164,-0.8712824854265854,1.3
shorter_small,-0.1196069132207164,-0.43728001719427406,0.3446670737391183,1.3
shorter_small,-0.43728001719427406,-0.4803460562767791,0.8053578805667965,1.3
shorter_small,-0.4803460562767791,-0.07240814855512318,0.587137708504148,1.3
shorter_small,-0.07240814855512318,-0.4035622327296374,1.4408986650270768,1.3
shorter_small,-0.4035622327296374,-0.008474125484424028,-1.3960660749745082,1.3
shorter_small,-0.008474125484424028,-0.3788185665877903,0.9443286774150036,1.3
shorter_small,-0.3788185665877903,-0.9042805159872638,1.4640717494803643,1.3
shorter_small,-0.9042805159872638,-0.5956223175257149,-0.8972142535853879,1.3
shorter_small,-0.5956223175257149,-0.4486150590069734,-0.04754073050468426,1.3
shorter_small,-0.4486150590069734,-0.5683842245906002,-0.23214436728733118,1.3
shorter_small,-0.5683842245906002,-0.5593044612282744,-0.6395864070668489,1.3
shorter_small,-0.5593044612282744,0.06658957286621714,0.6028033122332583,1.3
shorter_small,0.06658957286621714,-0.9283068549251106,-0.6313550142589306,1.3
shorter_small,-0.9283068549251106,0.19356949871975832,0.17665926804271442,1.3
shorter_small,0.19356949871975832,-0.43546549068692153,0.4676435536845041,1.3
shorter_small,-0.43546549068692153,-0.3319305242542742,-1.3566215432755209,1.3
shorter_small,-0.3319305242542742,0.597945751396032,-0.7243934577940576,1.3
shorter_small,0.597945751396032,0.6908245868526949,-0.14616053100904963,1.3
shorter_small,0.6908245868526949,-1.072026483875602,1.23789193876882,1.3
shorter_small,-1.072026483875602,-0.22477660747577033,-0.1370752764483738,1.3
shorter_small,-0.22477660747577033,0.7000280436499917,0.19658057177162927,1.3
shorter_small,0.7000280436499917,-0.5001572824553927,-1.3751103196368373,1.3
shorter_small,-0.5001572824553927,-0.5610560854839204,1.8835885891574937,1.3
shorter_small,-0.5610560854839204,0.5919183705325703,0.16684309748839327,1.3
shorter_small,0.5919183705325703,-0.7457337728015039,0.7264874797342048,1.3
shorter_small,-0.7457337728015039,0.8025773160986054,1.129065071119092,1.3
shorter_small,0.8025773160986054,-0.7114350824072285,0.5986317785485726,1.3
shorter_small,-0.7114350824072285,-0.7965155851761877,-0.552563452295588,1.3
shorter_small,-0.7965155851761877,-0.7142767242303216,-0.7475456443120531,1.3
shorter_small,-0.7142767242303216,-0.6140218878633119,1.2969573823537268,1.3
shorter_small,-0.6140218878633119,0.2005667646795983,-1.2816342849528541,1.3
shorter_small,0.2005667646795983,0.23499941470578534,1.0116545261253984,1.3
shorter_small,0.23499941470578534,0.0879446256923913,1.7550015763866498,1.3
shorter_small,0.0879446256923913,0.06909215195114209,-0.2873194726872708,1.3
shorter_small,0.06909215195114209,-1.1301364445187434,-0.23380580525205727,1.3
shorter_small,-1.1301364445187434,-0.8768484053518808,0.6069579510480916,1.3
shorter_small,-0.8768484053518808,0.32040965941079846,0.5624144917811078,1.3
shorter_small,0.32040965941079846,-0.7786521109591888,0.40525083262314016,1.3
shorter_small,-0.7786521109591888,0.5587890290008468,2.5654484641164386,1.3
shorter_small,0.5587890290008468,-0.04012648054421944,-0.10324381712999625,1.3
shorter_small,-0.04012648054421944,-0.7863244348524832,1.328236502790344,1.3
shorter_small,-0.7863244348524832,0.1539221188093805,2.376363022904526,1.3
shorter_small,0.1539221188093805,0.43462934401969233,0.42167096526210157,1.3
shorter_small,0.43462934401969233,-0.3990762566285961,-0.3647163053266277,1.3
shorter_small,-0.3990762566285961,-0.6041883814845794,2.1769655955741003,1.3
shorter_small,-0.6041883814845794,-0.856600174098374,-0.14619059865445855,1.3
shorter_small,-0.856600174098374,-0.7854253130575716,1.2130110515500523,1.3
shorter_small,-0.7854253130575716,-1.8611199724607697,-1.106852692096441,1.3
shorter_small,-1.8611199724607697,-1.1445637301026421,0.22771997642660924,1.3
shorter_small,-1.1445637301026421,0.35833444123060687,-1.847873786881697,1.3
shorter_small,0.35833444123060687,-0.3193409855330468,-1.1490414206180364,1.3
shorter_small,-0.3193409855330468,0.048632483972994175,-1.1206264579129455,1.3
shorter_small,0.048632483972994175,0.45518829492637003,-0.04921324920172301,1.3
shorter_small,0.45518829492637003,0.15484221725081782,0.7527640488737679,1.3
shorter_small,0.15484221725081782,-0.36340540001919724,1.0586424917740342,1.3
shorter_small,-0.36340540001919724,-0.5669568273834524,-0.3811661090492668,1.3
shorter_small,-0.5669568273834524,-0.6357111769602253,-1.57783171342991,1.3
shorter_small,-0.6357111769602253,-0.08732514803565967,-3.01739381708781,1.3
shorter_small,-0.08732514803565967,-0.3667540800097484,0.22091195175711345,1.3
shorter_small,-0.3667540800097484,0.280986768828809,-0.3317485971802476,1.3
shorter_small,0.280986768828809,1.1606479034746626,-0.4391678238056924,1.3
shorter_small,1.1606479034746626,0.6186352873304438,0.9389156993121957,1.3
shorter_small,0.6186352873304438,-0.8132822269865992,0.7952775672172134,1.3
shorter_small,-0.8132822269865992,-0.1190531234120733,1.35176279353169,1.3
shorter_small,-0.1190531234120733,-0.24686116440875897,1.3367971689459601,1.3
shorter_small,-0.24686116440875897,-0.42264732536239036,1.3810017828179464,1.3
shorter_small,-0.42264732536239036,-0.6944941577253823,0.07202820094049084,1.3
shorter_small,-0.6944941577253823,-0.4738089661751712,-0.6398627703202352,1.3
shorter_small,-0.4738089661751712,1.8645993223066237,-0.789460818070095,1.3
shorter_small,1.8645993223066237,2.554832298043113,0.04256930381967938,1.3
shorter_small,2.554832298043113,1.8876427517205565,0.5748994862659955,1.3
shorter_small,1.8876427517205565,-0.058986431545077656,-1.2509385165056663,1.3
shorter_small,-0.058986431545077656,0.020819061430409225,-0.1851521834772674,1.3
shorter_small,0.020819061430409225,0.6414071093324871,0.3292678184413597,1.3
shorter_small,0.6414071093324871,-0.07952980964359632,1.4056362569875869,1.3
shorter_small,-0.07952980964359632,0.3123904146646876,-0.2642812790124213,1.3
shorter_small,0.3123904146646876,0.7600039362453206,-0.23843825502343496,1.3
shorter_small,0.7600039362453206,1.194033271743232,-0.25310688807020765,1.3
shorter_small,1.194033271743232,0.6095044779647173,1.2596603202317522,1.3
shorter_small,0.6095044779647173,0.3504455277197911,-1.4835365397568796,1.3
shorter_small,0.3504455277197911,-0.10856715862597048,0.6870422717485908,1.3
shorter_small,-0.10856715862597048,-0.3204808836405294,-1.1279558192552488,1.3
shorter_small,-0.3204808836405294,-0.08161458523169708,-0.23066231658293113,1.3
shorter_small,-0.08161458523169708,-0.17300215292035165,0.9485970053184802,1.3
shorter_small,-0.17300215292035165,0.38357279545272926,-0.2715999327452507,1.3
shorter_small,0.38357279545272926,0.2588764622040688,0.07346557102748048,1.3
shorter_small,0.2588764622040688,-0.13624545692522977,-0.7443561973562408,1.3
shorter_small,-0.13624545692522977,0.847445713587695,-1.3580106658115398,1.3
shorter_small,0.847445713587695,-0.017414888845505738,1.3827270973015764,1.3
shorter_small,-0.017414888845505738,0.3135354933670008,-0.16133863332223666,1.3
shorter_small,0.3135354933670008,0.3525434465238778,0.2940053390267094,1.3
shorter_small,0.3525434465238778,-0.3441739467386806,-0.26508057588312706,1.3
shorter_small,-0.3441739467386806,-0.19165302916365878,-0.03866947877555795,1.3
shorter_small,-0.19165302916365878,0.019634130396152007,0.12766161844590868,1.3
shorter_small,0.019634130396152007,-0.4381953718635494,0.45945889497150977,1.3
shorter_small,-0.4381953718635494,-1.0741845582457865,-0.8483937089567488,1.3
shorter_small,-1.0741845582457865,1.291899339972948,-0.47206887817172316,1.3
shorter_small,1.291899339972948,-0.08456912163215347,0.49056336576458515,1.3
shorter_small,-0.08456912163215347,-0.31778521836307655,-0.12407177652230023,1.3
shorter_small,-0.31778521836307655,-0.352407285299797,0.11666870314083927,1.3
shorter_small,-0.352407285299797,-0.20411278706537322,-0.39167270249006425,1.3
shorter_small,-0.20411278706537322,0.4117145745127365,0.32974556024760243,1.3
shorter_small,0.4117145745127365,0.5715543994956146,-0.13516522688072152,1.3
shorter_small,0.5715543994956146,-0.282658094060679,-1.6766594318341286,1.3
shorter_small,-0.282658094060679,0.058192222571940566,-0.7818293191575388,1.3
shorter_small,0.058192222571940566,0.37270197685228285,0.5644379591133559,1.3
shorter_small,0.37270197685228285,-0.08430186831757039,2.496010458993636,1.3
shorter_small,-0.08430186831757039,0.619409183863066,-0.5448417882265345,1.3
shorter_small,0.619409183863066,0.29133311431053166,-1.5249225210412276,1.3
shorter_small,0.29133311431053166,0.6152144996819457,0.7220422383141253,1.3
shorter_small,0.6152144996819457,-0.540809923607419,2.242179810777914,1.3
shorter_small,-0.540809923607419,0.9147696444268848,-0.5516029427474407,1.3
shorter_small,0.9147696444268848,0.13053440952381642,0.021021879910805938,1.3
shorter_small,0.13053440952381642,-0.6555186550513674,-0.06688950649932249,1.3
shorter_small,-0.6555186550513674,-0.8280075641623024,1.2389150657003754,1.3
shorter_small,-0.8280075641623024,-0.802788343374614,-1.6680753008141627,1.3
shorter_small,-0.802788343374614,-0.07969451632993202,0.7727910774546203,1.3
shorter_small,-0.07969451632993202,-1.5152038160879118,0.17649308662819754,1.3
shorter_small,-1.5152038160879118,-1.1329955835698855,-0.04609374130058576,1.3
shorter_small,-1.1329955835698855,0.3308662490607864,-0.14614112609306015,1.3
shorter_small,0.3308662490607864,0.898725097869753,0.7692747160866255,1.3
shorter_small,0.898725097869753,-0.4103391605650721,1.1201721969062344,1.3
shorter_small,-0.4103391605650721,-0.030424748091718967,-1.127660504325389,1.3
shorter_small,-0.030424748091718967,0.1499569462421278,-0.11618765544625179,1.3
shorter_small,0.1499569462421278,-0.08176622153497436,0.8490086214310777,1.3
shorter_small,-0.08176622153497436,-0.36741990223133425,-1.0256583438350735,1.3
shorter_small,-0.36741990223133425,0.44242882704284237,0.913883837215203,1.3
shorter_small,0.44242882704284237,0.004870641824665123,0.9211056992337642,1.3
shorter_small,0.004870641824665123,0.17343969163582715,0.1063031975037846,1.3
shorter_small,0.17343969163582715,0.610111515454205,-1.1854442345395948,1.3
shorter_small,0.610111515454205,-0.37244701687521153,-0.6809499161355264,1.3
shorter_small,-0.37244701687521153,-0.6628902082577386,-0.36713228480602106,1.3
shorter_small,-0.6628902082577386,1.2868233058563388,0.41422811683271255,1.3
shorter_small,1.2868233058563388,-0.1892669222291064,0.23942740169733023,1.3
shorter_small,-0.1892669222291064,0.7224232357118789,0.061695095733190694,1.3
shorter_small,0.7224232357118789,1.0542756877148296,0.8236159914812095,1.3
shorter_small,1.0542756877148296,0.45876158949275575,0.1529664829751031,1.3
shorter_small,0.45876158949275575,0.000688994725073111,-0.04730354946563185,1.3
shorter_small,0.000688994725073111,0.00317297863167306,0.08361246898117175,1.3
shorter_small,0.00317297863167306,-0.4242111586095855,0.24393867020414828,1.3
shorter_small,-0.4242111586095855,-0.06615274000256281,-0.38736345866724825,1.3
shorter_small,-0.06615274000256281,-0.10562552579798559,-0.7163844415525702,1.3
shorter_small,-0.10562552579798559,-0.32216137647785803,-0.27055900688079215,1.3
shorter_small,-0.32216137647785803,-0.28304688240634424,0.11349047998647663,1.3
shorter_small,-0.28304688240634424,0.5052450777468711,-1.3941210501219437,1.3
shorter_small,0.5052450777468711,0.2235549125339566,-0.2597215845440257,1.3
shorter_small,0.2235549125339566,-0.013467865080650426,-0.5022995886364368,1.3
shorter_small,-0.013467865080650426,1.2869175538115105,-1.2208345350982532,1.3
shorter_small,1.2869175538115105,0.4515098624132882,1.017656619240663,1.3
shorter_small,0.4515098624132882,0.5980628721888221,-0.31973714100145945,1.3
shorter_small,0.5980628721888221,-0.32178692707718703,-2.01149064643412,1.3
shorter_small,-0.32178692707718703,-0.7298797573273517,0.9942731015690575,1.3
shorter_small,-0.7298797573273517,0.1287255713798638,0.2542645321070906,1.3
shorter_small,0.1287255713798638,0.7144287329109712,-2.4165265810392107,1.3
shorter_small,0.7144287329109712,-1.6515332658936654,0.5485443085142083,1.3
shorter_small,-1.6515332658936654,-0.04288703724768239,0.17621108360173543,1.3
shorter_small,-0.04288703724768239,0.5357810350277159,-0.047590546271877365,1.3
shorter_small,0.5357810350277159,0.23349859598656808,0.7529870842502814,1.3
shorter_small,0.23349859598656808,0.5300472375999876,-0.5021236132582936,1.3
shorter_small,0.5300472375999876,-0.47212515201632843,0.8967194869478837,1.3
shorter_small,-0.47212515201632843,0.13471255209193536,-0.6959812873409196,1.3
shorter_small,0.13471255209193536,-0.6428142434018165,0.0779391205426924,1.3
shorter_small,-0.6428142434018165,-0.3342467951797172,-0.34262836804042274,1.3
shorter_small,-0.3342467951797172,-0.32937115769212266,-0.027863022319469067,1.3
shorter_small,-0.32937115769212266,0.013314727683358632,-0.2781802793589395,1.3
shorter_small,0.013314727683358632,-0.848634825543281,-0.9970079161184853,1.3
shorter_small,-0.848634825543281,-0.08509436364753098,0.036050506836706575,1.3
shorter_small,-0.08509436364753098,0.2174494699164836,-0.39841570536217524,1.3
shorter_small,0.2174494699164836,0.8188893292906543,0.15900250841040303,1.3
shorter_small,0.8188893292906543,-0.10701066884256538,-1.243117656353448,1.3
shorter_small,-0.10701066884256538,0.28977047899376157,0.5734996851574503,1.3
shorter_small,0.28977047899376157,-0.3307358738575681,-1.2352448779500147,1.3
shorter_small,-0.3307358738575681,0.22264999646334538,-1.2913244760911373,1.3
shorter_small,0.22264999646334538,-0.34583111172610825,-0.6463352986529913,1.3
shorter_small,-0.34583111172610825,-0.8058509302389592,0.7815723046685552,1.3
shorter_small,-0.8058509302389592,-0.6445794123584412,-0.1260608576082898,1.3
shorter_small,-0.6445794123584412,0.7954650106248045,-0.2655178825595619,1.3
shorter_small,0.7954650106248045,1.1919535009577584,0.2800249809957557,1.3
shorter_small,1.1919535009577584,0.4324017853007842,-0.5781887838736351,1.3
shorter_small,0.4324017853007842,0.21465881258563535,-0.039150364019842655,1.3
shorter_small,0.21465881258563535,0.31658194343509416,0.49807361911537,1.3
shorter_small,0.31658194343509416,-0.8534073601652385,-0.1234485386260567,1.3
shorter_small,-0.8534073601652385,1.0099020529873841,-1.3049092041936499,1.3
shorter_small,1.0099020529873841,-0.2763847386671103,1.457212953670217,1.3
shorter_small,-0.2763847386671103,-0.8607894151035713,-0.0024317158575821035,1.3
shorter_small,-0.8607894151035713,-0.38529317772453636,-1.5230710738174562,1.3
shorter_small,-0.38529317772453636,-0.7407873704388643,-0.7920775024072875,1.3
shorter_small,-0.7407873704388643,-0.028544085417115533,2.8604887558214718,1.3
shorter_small,-0.028544085417115533,0.4116044236348217,0.2028249897770072,1.3
shorter_small,0.4116044236348217,-0.0766140601076421,-0.870658225952446,1.3
shorter_small,-0.0766140601076421,0.08574979799975146,-1.5257075582701203,1.3
shorter_small,0.08574979799975146,-0.3583339334943445,-1.2515145415530906,1.3
shorter_small,-0.3583339334943445,-1.1991146538209323,-0.09175288716764379,1.3
shorter_small,-1.1991146538209323,-1.1877400364391342,0.6916496856815628,1.3
shorter_small,-1.1877400364391342,0.9016109238378054,0.49968102568456774,1.3
shorter_small,0.9016109238378054,0.2195514552971224,0.2974493875893071,1.3
shorter_small,0.2195514552971224,-1.1087082922456746,0.3682719613908932,1.3
shorter_small,-1.1087082922456746,-1.0782537353586883,0.10872454297598534,1.3
shorter_small,-1.0782537353586883,-0.895705091882466,-0.10525055675224262,1.3
shorter_small,-0.895705091882466,0.19231464623580918,0.6410702700419486,1.3
shorter_small,0.19231464623580918,0.13505368989990998,-0.21483128186070766,1.3
shorter_small,0.13505368989990998,0.9702321745308002,0.5962469166099892,1.3
shorter_small,0.9702321745308002,1.5340802142422045,-2.031479868457667,1.3
shorter_small,1.5340802142422045,0.8858592424786544,-1.3813480533438625,1.3
shorter_small,0.8858592424786544,0.6367865696443817,0.5617839999191473,1.3
shorter_small,0.6367865696443817,1.0049419324854367,-0.11006867878830122,1.3
shorter_small,1.0049419324854367,0.06402870519934967,-1.2343708191901628,1.3
shorter_small,0.06402870519934967,-0.1467224265710144,1.4592035798784115,1.3
shorter_small,-0.1467224265710144,-1.1111810421434853,1.7919412197897888,1.3
shorter_small,-1.1111810421434853,0.15324362703340705,-0.16317449232148074,1.3
shorter_small,0.15324362703340705,-0.5067187442480257,0.15219942130335148,1.3
shorter_small,-0.5067187442480257,0.023800309232486105,-0.8716410808178592,1.3
shorter_small,0.023800309232486105,1.5663715110455907,-1.6414288126990753,1.3
shorter_small,1.5663715110455907,-0.3589200407551494,-0.13906921239084566,1.3
shorter_small,-0.3589200407551494,-0.4299631812918818,-0.8900905210942849,1.3
shorter_small,-0.4299631812918818,-0.7958945320872268,-0.2279734603653523,1.3
shorter_small,-0.7958945320872268,-0.9924668076388865,-0.44995215938748995,1.3
shorter_small,-0.9924668076388865,0.13879491964399987,-0.6610049240609277,1.3
shorter_small,0.13879491964399987,-1.0041884479061782,-0.11145432303627571,1.3
shorter_small,-1.0041884479061782,-0.14068611170936432,1.0589423939538587,1.3
shorter_small,-0.14068611170936432,-0.002608092742756571,-1.1100124185205862,1.3
shorter_small,-0.002608092742756571,0.6684984333408297,-0.08811244651511133,1.3
shorter_small,0.6684984333408297,-0.9500677208312354,1.0351222032443315,1.3
shorter_small,-0.9500677208312354,-1.1309326616795046,0.20292809016493535,1.3
shorter_small,-1.1309326616795046,0.2565168812476138,-0.13002940126524565,1.3
shorter_small,0.2565168812476138,-1.1243290526164662,-0.30384434349489936,1.3
shorter_small,-1.1243290526164662,-0.27417809753965766,-1.0168127319204903,1.3
shorter_small,-0.27417809753965766,0.6123694518746384,-0.7564749155284318,1.3
shorter_small,0.6123694518746384,-0.8195655712767269,0.7335219098532947,1.3
shorter_small,-0.8195655712767269,-0.9838045303661015,-0.5054088501162277,1.3
shorter_small,-0.9838045303661015,0.2181745457393391,1.1422309156757995,1.3
shorter_small,0.2181745457393391,-0.7901982532323277,0.9216068099758086,1.3
shorter_small,-0.7901982532323277,0.24532372248792672,0.36568355650931145,1.3
shorter_small,0.24532372248792672,0.7995659986008467,0.9493406777982792,1.3
shorter_small,0.7995659986008467,0.2396095754149421,-0.007394096469880693,1.3
shorter_small,0.2396095754149421,-0.018908109061245723,1.6936495467584767,1.3
shorter_small,-0.018908109061245723,-0.0776746055968704,-0.3222023135106829,1.3
shorter_small,-0.0776746055968704,-0.5039165982303323,0.6926934498194788,1.3
shorter_small,-0.5039165982303323,0.3118645059527466,0.15748910295721286,1.3
shorter_small,0.3118645059527466,0.5170452998529576,0.18185316293553266,1.3
shorter_small,0.5170452998529576,0.11474894436916658,-0.44632204302705936,1.3
shorter_small,0.11474894436916658,0.1834408545994422,0.2868205331435483,1.3
shorter_small,0.1834408545994422,-0.8890856883408632,-0.5575535877453438,1.3
shorter_small,-0.8890856883408632,-0.9538569019731746,0.9320646628107412,1.3
shorter_small,-0.9538569019731746,-1.7508317168218934,0.07659715591080662,1.3
shorter_small,-1.7508317168218934,-0.9958134869466476,0.5135642184624238,1.3
shorter_small,-0.9958134869466476,0.1834653363399415,-0.3098201657435954,1.3
shorter_small,0.1834653363399415,0.17739495806460243,0.06911990468566172,1.3
shorter_small,0.17739495806460243,-0.3335528839537513,0.10199051920405595,1.3
shorter_small,-0.3335528839537513,-0.4214764906734159,-0.5113149718659298,1.3
shorter_small,-0.4214764906734159,-0.45846710575952615,-0.0674643213899262,1.3
shorter_small,-0.45846710575952615,0.47453897428312175,-1.122101742821582,1.3
shorter_small,0.47453897428312175,-0.6628334623454293,-0.5991425404033011,1.3
shorter_small,-0.6628334623454293,0.5144528097404379,0.43004586981701753,1.3
shorter_small,0.5144528097404379,0.45051152555213103,-1.2534129288507447,1.3
shorter_small,0.45051152555213103,-0.870653329766468,-2.2192340988665453,1.3
shorter_small,-0.870653329766468,0.06807120504592618,-0.024386274902542804,1.3
shorter_small,0.06807120504592618,0.4487984345163635,1.2554964064003205,1.3
shorter_small,0.4487984345163635,-0.16438555557153048,-0.4884438277059158,1.3
shorter_small,-0.16438555557153048,1.0710375289495662,-0.25117723361655975,1.3
shorter_small,1.0710375289495662,-0.2159100993791142,-0.142731833965753,1.3
shorter_small,-0.2159100993791142,-0.3577773624844148,0.6934231146342682,1.3
shorter_small,-0.3577773624844148,-0.014405959763642062,-1.162636401190668,1.3
shorter_small,-0.014405959763642062,0.28987104550004705,-0.13638803974930444,1.3
shorter_small,0.28987104550004705,-0.05979879632694245,-0.11776616613671152,1.3
shorter_small,-0.05979879632694245,0.5380779107679742,1.4063401398298674,1.3
shorter_small,0.5380779107679742,-0.2598431941578089,0.10936658048806286,1.3
shorter_small,-0.2598431941578089,0.21428450868283858,-0.48360728639026124,1.3
shorter_small,0.21428450868283858,-0.062869116640209,-0.889248422013947,1.3
shorter_small,-0.062869116640209,-0.04366818750257909,-1.0207362623941811,1.3
shorter_small,-0.04366818750257909,-0.6896128306081251,-1.7589375361189927,1.3
shorter_small,-0.6896128306081251,-0.3362821529566172,-1.3128162448458975,1.3
shorter_small,-0.3362821529566172,-1.135347069567135,-0.6386888678277026,1.3
shorter_small,-1.135347069567135,-1.3453147440999995,-0.251027438285309,1.3
shorter_small,-1.3453147440999995,-0.5814805771565132,-1.0256501635845052,1.3
shorter_small,-0.5814805771565132,0.2984105616318075,0.33778966830869406,1.3
shorter_small,0.2984105616318075,-0.6197226324178643,-0.23010806784981772,1.3
shorter_small,-0.6197226324178643,0.05777686922280925,-0.05835092993788454,1.3
shorter_small,0.05777686922280925,1.4176313760722594,1.735077605793119,1.3
shorter_small,1.4176313760722594,0.7605579907546222,-0.4051754820526655,1.3
shorter_small,0.7605579907546222,0.5916306901535291,0.30084686021079343,1.3
shorter_small,0.5916306901535291,0.0432771996823223,0.9257320498938205,1.3
shorter_small,0.0432771996823223,-1.2873037353831562,-0.8267676539497694,1.3
shorter_small,-1.2873037353831562,-0.73413755040874,-0.7025964261853206,1.3
shorter_small,-0.73413755040874,-0.24039817388097376,-0.12375585747284523,1.3
shorter_small,-0.24039817388097376,-0.8514472143080192,-0.1286962624535648,1.3
shorter_small,-0.8514472143080192,-0.20107114609328913,0.024975493169785104,1.3
shorter_small,-0.20107114609328913,-0.5893463253408429,0.07114258869415645,1.3
shorter_small,-0.5893463253408429,0.31216954021083676,0.44328781002051143,1.3
shorter_small,0.31216954021083676,0.12352358427621263,-0.45466599660871665,1.3
shorter_small,0.12352358427621263,0.15620665414324086,-0.8321013292039919,1.3
shorter_small,0.15620665414324086,0.26443157739770834,-0.02640170360943208,1.3
shorter_small,0.26443157739770834,-0.05900968022270822,0.5201920787907215,1.3
shorter_small,-0.05900968022270822,0.9653407414637527,-0.8754467457727478,1.3
shorter_small,0.9653407414637527,-0.4513450812228383,0.3005016853808251,1.3
shorter_small,-0.4513450812228383,-0.7192275455422183,-0.058854291292813624,1.3
shorter_small,-0.7192275455422183,-0.3050814845425999,-0.31927895571233833,1.3
shorter_small,-0.3050814845425999,-0.0510846443135145,-0.2929659658246079,1.3
shorter_small,-0.0510846443135145,-0.9168529706172535,0.3822617640828252,1.3
shorter_small,-0.9168529706172535,0.307931889999153,0.1885338050831652,1.3
shorter_small,0.307931889999153,-0.06683026787104104,0.435518082340994,1.3
shorter_small,-0.06683026787104104,0.3604960623919795,-0.3748360382590234,1.3
shorter_small,0.3604960623919795,-0.2902696760743336,0.1402149303999114,1.3
shorter_small,-0.2902696760743336,-0.45285803118668755,0.1887343533658393,1.3
shorter_small,-0.45285803118668755,0.005721962287801474,-0.0021234289403482473,1.3
shorter_small,0.005721962287801474,-0.31617392782559534,-0.9230427595856158,1.3
shorter_small,-0.31617392782559534,-0.5632126997287352,0.862846149959095,1.3
shorter_small,-0.5632126997287352,-0.018028627756540766,0.7526714804706994,1.3
shorter_small,-0.018028627756540766,0.46521290931891973,-0.10783466097554097,1.3
shorter_small,0.46521290931891973,-0.031418311100843865,1.0362982506684317,1.3
shorter_small,-0.031418311100843865,0.23314274197855717,-0.8719555587488228,1.3
shorter_small,0.23314274197855717,-0.4682648709166142,-0.008862286735117051,1.3
shorter_small,-0.4682648709166142,0.0798815351315359,-0.9637571963106537,1.3
shorter_small,0.0798815351315359,-0.5560025241560085,-1.6726465614029407,1.3
shorter_small,-0.5560025241560085,-0.0017647236486456885,-0.12745320538039828,1.3
shorter_small,-0.0017647236486456885,-0.6967198205805875,-0.5432425261993596,1.3
shorter_small,-0.6967198205805875,-0.10547325500972968,-0.26470131263760094,1.3
shorter_small,-0.10547325500972968,0.5558760585909405,0.7341971061117059,1.3
shorter_small,0.5558760585909405,0.2031399383223424,1.114642408823906,1.3
shorter_small,0.2031399383223424,-1.0311617715634387,0.1516976533210581,1.3
shorter_small,-1.0311617715634387,0.5636653221527805,0.18853443021401095,1.3
shorter_small,0.5636653221527805,-0.2758472826169216,0.6770895934895904,1.3
shorter_small,-0.2758472826169216,-1.5500656850480115,0.10520685863989991,1.3
shorter_small,-1.5500656850480115,0.6381414905455819,-0.8889762548546172,1.3
shorter_small,0.6381414905455819,-0.25133463123922606,0.41715350020540604,1.3
shorter_small,-0.25133463123922606,0.30094597105366805,0.03411420297688639,1.3
shorter_small,0.30094597105366805,0.19996042384597068,1.8987820610533768,1.3
shorter_small,0.19996042384597068,1.231001486405704,-0.5360772897841589,1.3
shorter_small,1.231001486405704,1.3667999782694402,1.0064385463538212,1.3
shorter_small,1.3667999782694402,-0.7361188088160637,1.0582616441309463,1.3
shorter_small,-0.7361188088160637,-0.0055375938812926295,-0.35534922622700443,1.3
shorter_small,-0.0055375938812926295,-0.7445477290584772,1.4443882148598894,1.3
shorter_small,-0.7445477290584772,-0.35111049614600787,1.1189833873573525,1.3
shorter_small,-0.35111049614600787,-0.30035752006552985,1.3184932362907296,1.3
shorter_small,-0.30035752006552985,-0.27098726515558735,1.2477602474470608,1.3
shorter_small,-0.27098726515558735,-0.937215108958806,0.19674101576008735,1.3
shorter_small,-0.937215108958806,0.044660405141165316,-1.1525559672602645,1.3
shorter_small,0.044660405141165316,0.4774103231774223,0.974494689534702,1.3
shorter_small,0.4774103231774223,0.6063103171917944,0.602726283701267,1.3
shorter_small,0.6063103171917944,1.3457041468304387,-1.2587200490713057,1.3
shorter_small,1.3457041468304387,0.2527796251620387,-1.1882486061195037,1.3
shorter_small,0.2527796251620387,-0.5643293002067817,-0.766479508468181,1.3
shorter_small,-0.5643293002067817,-0.18489279925107224,-0.5618004490402898,1.3
shorter_small,-0.18489279925107224,-1.7639973020450694,-0.8209542817547628,1.3
shorter_small,-1.7639973020450694,-0.8083495942413488,-1.2099735217651388,1.3
shorter_small,-0.8083495942413488,-1.1245634578075923,-0.9390350450742225,1.3
shorter_small,-1.1245634578075923,-1.1672079658751215,-0.027530063266810734,1.3
shorter_small,-1.1672079658751215,-1.301156578322518,0.24248867294922077,1.3
shorter_small,-1.301156578322518,-1.2977874351349752,-0.830747769788416,1.3
shorter_small,-1.2977874351349752,-0.34284151643454874,0.2264572718743714,1.3
shorter_small,-0.34284151643454874,-1.3093858880664957,-1.106721621097869,1.3
shorter_small,-1.3093858880664957,-1.1731418178828887,-1.9513074158990629,1.3
shorter_small,-1.1731418178828887,-0.450678075503011,-0.14057212244580297,1.3
shorter_small,-0.450678075503011,-0.4413175309032556,-0.5884087489735172,1.3
shorter_small,-0.4413175309032556,0.583708009232628,-0.7765342906882694,1.3
shorter_small,0.583708009232628,0.11161695330194593,-0.26277330800811244,1.3
shorter_small,0.11161695330194593,1.198662619530629,0.6516180142601716,1.3
shorter_small,1.198662619530629,0.8037011594158865,1.0023831966153673,1.3
shorter_small,0.8037011594158865,-0.5447961878822072,-0.028580283049788074,1.3
shorter_small,-0.5447961878822072,-0.40208408738354295,-0.22008540156760942,1.3
shorter_small,-0.40208408738354295,0.7490888030693816,0.9415841162831379,1.3
shorter_small,0.7490888030693816,-0.7399133117035636,0.2820446985517799,1.3
shorter_small,-0.7399133117035636,-0.9828464282440439,-0.4690644942630039,1.3
shorter_small,-0.9828464282440439,-1.6214336454586453,-0.7962046955528911,1.3
shorter_small,-1.6214336454586453,-0.7094415530534011,-0.6882798279199827,1.3
shorter_small,-0.7094415530534011,0.2655075733862836,-0.5386077901210987,1.3
shorter_small,0.2655075733862836,0.691511154352278,-0.34305729918362854,1.3
shorter_small,0.691511154352278,-0.013699555179623901,-0.9435405996048454,1.3
shorter_small,-0.013699555179623901,-0.9854925029114922,1.0482026125719652,1.3
shorter_small,-0.9854925029114922,-0.2779229960861244,1.72147973464839,1.3
shorter_small,-0.2779229960861244,-0.309257059640889,-0.14982398969646582,1.3
shorter_small,-0.309257059640889,0.304647353898795,-0.8738475809439444,1.3
shorter_small,0.304647353898795,0.13732849604061262,0.4406939433512978,1.3
shorter_small,0.13732849604061262,0.7124148698304439,-2.097371759229049,1.3
shorter_small,0.7124148698304439,-0.2454030954911906,-1.0053017688562316,1.3
shorter_small,-0.2454030954911906,-0.1462216610459548,-0.4650469288734598,1.3
shorter_small,-0.1462216610459548,-0.21345562070189505,0.4948973132230587,1.3
shorter_small,-0.21345562070189505,-0.44648959653413445,0.7830779260260499,1.3
shorter_small,-0.44648959653413445,0.06061546185359712,-0.03950366984942216,1.3
shorter_small,0.06061546185359712,-1.168457090680311,0.6805006538046714,1.3
shorter_small,-1.168457090680311,-1.436892088331166,-0.8039236485447949,1.3
shorter_small,-1.436892088331166,-2.1556859595311626,-0.7456823941305398,1.3
shorter_small,-2.1556859595311626,-0.7502716646879863,-0.47344912447860965,1.3
shorter_small,-0.7502716646879863,0.18548298955669335,0.5326228707785496,1.3
shorter_small,0.18548298955669335,0.25092758199324017,-0.038587641540509546,1.3
shorter_small,0.25092758199324017,1.031738694331711,0.917551810096799,1.3
shorter_small,1.031738694331711,0.33265865086655716,-0.7548840681017809,1.3
shorter_small,0.33265865086655716,-0.5497147877895361,0.3690248906515604,1.3
shorter_small,-0.5497147877895361,-0.02321922235697299,0.7162378752571192,1.3
shorter_small,-0.02321922235697299,0.05050386145932687,-0.589560392865395,1.3
shorter_small,0.05050386145932687,0.07567892211180735,0.9578552223818716,1.3
shorter_small,0.07567892211180735,0.6765620159519319,-0.037449551992029734,1.3
shorter_small,0.6765620159519319,-0.38506835425158004,-0.47915243138504876,1.3
shorter_small,-0.38506835425158004,-0.688656434231608,0.5304155504706546,1.3
shorter_small,-0.688656434231608,-0.30290480229739336,-0.3741587254030763,1.3
shorter_small,-0.30290480229739336,0.6314934755408305,0.636481542648017,1.3
shorter_small,0.6314934755408305,-0.3331133038042075,-1.585539788187416,1.3
shorter_small,-0.3331133038042075,0.7114798953081922,-0.019825409690220726,1.3
shorter_small,0.7114798953081922,1.072488277094115,0.8421079870147204,1.3
shorter_small,1.072488277094115,0.06656269277703553,-1.2870276673973184,1.3
shorter_small,0.06656269277703553,-0.41135345855807925,1.5301986627884034,1.3
shorter_small,-0.41135345855807925,-0.21650751846512334,-0.3495799173468353,1.3
shorter_small,-0.21650751846512334,-1.0962582656965822,1.2089348271417495,1.3
shorter_small,-1.0962582656965822,0.6164233952690192,-0.41125040558785314,1.3
shorter_small,0.6164233952690192,0.28933005124475353,0.828459765316596,1.3
shorter_small,0.28933005124475353,0.7795231247622771,0.7017000815490402,1.3
shorter_small,0.7795231247622771,-0.1817826720069277,0.505122127614478,1.3
shorter_small,-0.1817826720069277,0.045797431089282394,-1.2889353458978474,1.3
shorter_small,0.045797431089282394,-0.10658664638485175,0.5314875907388167,1.3
shorter_small,-0.10658664638485175,0.9909213254172996,-1.388557818973213,1.3
shorter_small,0.9909213254172996,-0.3923758882822514,0.353710670880768,1.3
shorter_small,-0.3923758882822514,0.6339747400088429,0.1557122662032831,1.3
shorter_small,0.6339747400088429,0.21099323354930588,-0.15659521980610058,1.3
shorter_small,0.21099323354930588,0.024183547871367242,0.008870922861019844,1.3
shorter_small,0.024183547871367242,-1.13466625009659,-0.7827854516356093,1.3
shorter_small,-1.13466625009659,-0.47921256763260794,0.9315894245769043,1.3
shorter_small,-0.47921256763260794,-0.44491746901722773,-0.1349095751791014,1.3
shorter_small,-0.44491746901722773,0.20522668049522363,0.9911633742474342,1.3
shorter_small,0.20522668049522363,-0.2766539836966124,1.8059736267060549,1.3
shorter_small,-0.2766539836966124,-0.5176779228733465,0.8223122531403618,1.3
shorter_small,-0.5176779228733465,0.3969124416336569,1.1192353134491795,1.3
shorter_small,0.3969124416336569,0.2458243875969111,-0.6864445051757604,1.3
shorter_small,0.2458243875969111,-0.23475290997087608,-0.9024504115736791,1.3
shorter_small,-0.23475290997087608,0.02576433036506072,0.6226505704251555,1.3
shorter_small,0.02576433036506072,0.3213910355003735,-0.9306165720260607,1.3
shorter_small,0.3213910355003735,-0.03682534134090065,1.1018569205308855,1.3
shorter_small,-0.03682534134090065,-0.09700861433985804,-0.18889662138170682,1.3
shorter_small,-0.09700861433985804,0.9227017268699984,1.6603196466772605,1.3
shorter_small,0.9227017268699984,0.238150154768435,0.36470243119102497,1.3
shorter_small,0.238150154768435,-1.3496599421203446,0.3188204593933215,1.3
shorter_small,-1.3496599421203446,0.07651783777153398,1.7872253953150856,1.3
shorter_small,0.07651783777153398,0.8427877793202377,0.9649772737533129,1.3
shorter_small,0.8427877793202377,0.9041640351697486,0.8203241116565118,1.3
shorter_small,0.9041640351697486,0.8705669112263039,1.075025299555972,1.3
shorter_small,0.8705669112263039,-1.0609325262856886,-0.3884805027780779,1.3
shorter_small,-1.0609325262856886,-0.9526346032325428,-1.1736913718337154,1.3
shorter_small,-0.9526346032325428,-0.2890885114971102,1.4904630056336865,1.3
shorter_small,-0.2890885114971102,-0.03517910795443086,-0.506182923799842,1.3
shorter_small,-0.03517910795443086,-0.07701240254791576,0.0011903426402184256,1.3
shorter_small,-0.07701240254791576,-0.9039551024180368,-1.0122758470775748,1.3
shorter_small,-0.9039551024180368,-0.7874837611704555,0.57365448699339,1.3
shorter_small,-0.7874837611704555,-0.5503137781019117,-1.5882514393263893,1.3
shorter_small,-0.5503137781019117,0.36362418765630317,-0.043667245639440536,1.3
shorter_small,0.36362418765630317,1.4209876989259984,0.7243274206477345,1.3
shorter_small,1.4209876989259984,-0.6246469852146401,1.0191679434446972,1.3
shorter_small,-0.6246469852146401,-0.21761022512775507,0.8378018038139274,1.3
shorter_small,-0.21761022512775507,-0.7400633540351184,-0.25812946788808655,1.3
shorter_small,-0.7400633540351184,0.302307200759642,0.364814415835947,1.3
shorter_small,0.302307200759642,0.1802698088351914,-0.603100253458542,1.3
shorter_small,0.1802698088351914,0.2787583735040541,0.6778233793452879,1.3
shorter_small,0.2787583735040541,0.07907411405385595,1.2207855227110385,1.3
shorter_small,0.07907411405385595,-0.4782689869222759,0.016648323788402496,1.3
shorter_small,-0.4782689869222759,-0.6779822489244903,1.0157764500169544,1.3
shorter_small,-0.6779822489244903,-0.4765586042106319,0.30694587431511483,1.3
shorter_small,-0.4765586042106319,0.3689940088998532,-0.18759392049639245,1.3
shorter_small,0.3689940088998532,1.322197033520194,0.36832285649456814,1.3
shorter_small,1.322197033520194,1.0193725418234552,0.10411959937436713,1.3
shorter_small,1.0193725418234552,0.12029812009622473,0.0157256910180424,1.3
shorter_small,0.12029812009622473,0.9890998644159801,-0.10348821335281168,1.3
shorter_small,0.9890998644159801,0.4775176194930986,2.2264112598607784,1.3
shorter_small,0.4775176194930986,0.12578210773778156,-0.3416773296860126,1.3
shorter_small,0.12578210773778156,0.0266199941087372,0.07135425631550238,1.3
shorter_small,0.0266199941087372,-0.6568116924162154,1.0573563845690306,1.3
shorter_small,-0.6568116924162154,-1.2174019185853264,-0.5978817206969063,1.3
shorter_small,-1.2174019185853264,-0.9110837292458074,-0.22483322304960424,1.3
shorter_small,-0.9110837292458074,-0.49331714537169713,0.5648273909169758,1.3
shorter_small,-0.49331714537169713,-0.11165444895541804,-0.39091538523256825,1.3
shorter_small,-0.11165444895541804,-0.8952223245535141,-0.004632095507686327,1.3
shorter_small,-0.8952223245535141,-0.4833659092467514,-0.5867385551234525,1.3
shorter_small,-0.4833659092467514,-1.361955426300211,-0.48256367882892043,1.3
shorter_small,-1.361955426300211,0.3249537849441419,-0.7969247860515124,1.3
shorter_small,0.3249537849441419,-0.317834498468732,-1.4796952269056562,1.3
shorter_small,-0.317834498468732,-0.8297384151301599,0.5671172283115554,1.3
shorter_small,-0.8297384151301599,0.10557727801658695,-0.2304017832685898,1.3
shorter_small,0.10557727801658695,0.0014443711047823077,-0.4558891608143597,1.3
shorter_small,0.0014443711047823077,-0.716253051778409,-1.0389381910884092,1.3
shorter_small,-0.716253051778409,0.826436028008274,-0.6645457007000853,1.3
shorter_small,0.826436028008274,-0.3204217823473776,-0.366871982512535,1.3
shorter_small,-0.3204217823473776,0.13606810694499732,-2.092481460783,1.3
shorter_small,0.13606810694499732,-0.3631029004648801,0.5998718424883347,1.3
shorter_small,-0.3631029004648801,0.3388183648510629,-0.2958023647656849,1.3
shorter_small,0.3388183648510629,0.5674255828912838,-0.931722175701275,1.3
shorter_small,0.5674255828912838,-0.29802447751875627,-0.3418641018717033,1.3
shorter_small,-0.29802447751875627,-0.5904265987279648,-0.2974382632730863,1.3
shorter_small,-0.5904265987279648,0.5295390164725986,0.22525589164662366,1.3
shorter_small,0.5295390164725986,0.2965034622591745,-0.3180762836993591,1.3
shorter_small,0.2965034622591745,0.6558896646030111,0.7974049206796548,1.3
shorter_small,0.6558896646030111,0.4092319954460145,-0.5726234769943175,1.3
shorter_small,0.4092319954460145,0.8160356858162077,0.5620658514525451,1.3
shorter_small,0.8160356858162077,0.6344476987512475,-0.39922172368830217,1.3
shorter_small,0.6344476987512475,-0.11572532828305945,-0.28229787275357104,1.3
shorter_small,-0.11572532828305945,0.9633090684002641,0.5195771036374843,1.3
shorter_small,0.9633090684002641,0.2807081846166288,0.3678593907249517,1.3
shorter_small,0.2807081846166288,0.16254818721029166,-0.17262680852022097,1.3
shorter_small,0.16254818721029166,0.23491916372636376,0.4013539654772316,1.3
shorter_small,0.23491916372636376,0.8733341652449538,-0.380053192826845,1.3
shorter_small,0.8733341652449538,-0.2013850752373601,-0.7864140661734087,1.3
shorter_small,-0.2013850752373601,-0.021420802405284205,0.8122271138445561,1.3
shorter_small,-0.021420802405284205,-0.07271441374618405,-0.0458266478372144,1.3
shorter_small,-0.07271441374618405,-0.17378844183725245,-1.811348689875045,1.3
shorter_small,-0.17378844183725245,-0.7301885720122248,0.03826463204763424,1.3
shorter_small,-0.7301885720122248,-1.97720234081828,-0.378124958169267,1.3
shorter_small,-1.97720234081828,-1.1222525629251674,0.4639523464889824,1.3
shorter_small,-1.1222525629251674,0.2560115117738892,-0.12766864997968497,1.3
shorter_small,0.2560115117738892,0.0009217743070067536,1.0329574542979005,1.3
shorter_small,0.0009217743070067536,-0.28743817435635116,0.6443223932162593,1.3
shorter_small,-0.28743817435635116,-0.23741145366540245,-1.6869707780551966,1.3
shorter_small,-0.23741145366540245,0.45942425158432715,1.5864707497099249,1.3
shorter_small,0.45942425158432715,0.039690808099797456,0.4210256639222584,1.3
shorter_small,0.039690808099797456,-0.20620013980019689,0.4125075010235275,1.3
shorter_small,-0.20620013980019689,0.22732322791557968,1.3407139884248465,1.3
shorter_small,0.22732322791557968,0.7251633791294285,-0.49650825117532066,1.3
shorter_small,0.7251633791294285,0.44731471246211546,0.03562065940553106,1.3
shorter_small,0.44731471246211546,0.25034512492659217,-0.8460076571761627,1.3
shorter_small,0.25034512492659217,-1.01496732166917,1.1255561887379688,1.3
shorter_small,-1.01496732166917,-1.3914450105127072,0.6939043747414716,1.3
shorter_small,-1.3914450105127072,-0.4541721617075282,0.8197173633070557,1.3
shorter_small,-0.4541721617075282,-0.5390831850742128,-1.5563345216477027,1.3
shorter_small,-0.5390831850742128,-0.5668208557301617,-1.837447202986099,1.3
shorter_small,-0.5668208557301617,-0.07216541927307914,0.27738312345720395,1.3
shorter_small,-0.07216541927307914,0.3875240492747603,1.7400590827646312,1.3
shorter_small,0.3875240492747603,1.8796110891598914,0.6444914653039665,1.3
shorter_small,1.8796110891598914,-0.024525783103579557,0.19970527100682017,1.3
shorter_small,-0.024525783103579557,0.07996741849040245,0.036895060493888944,1.3
shorter_small,0.07996741849040245,1.4825820393340712,-1.2011587404305943,1.3
shorter_small,1.4825820393340712,-0.05059516916191792,1.1516061437075098,1.3
shorter_small,-0.05059516916191792,0.32172525192596774,-0.2281529794243213,1.3
shorter_small,0.32172525192596774,-0.6200072135568409,-0.3473731568431025,1.3
shorter_small,-0.6200072135568409,0.5517641651572501,-0.16604782247092015,1.3
shorter_small,0.5517641651572501,-0.3205131251877822,-0.5490003453294008,1.3
shorter_small,-0.3205131251877822,0.24771288065107228,-1.2256108608113747,1.3
shorter_small,0.24771288065107228,0.5685530558489058,-0.46569295289059576,1.3
shorter_small,0.5685530558489058,-0.13107402905315502,0.25091062801552166,1.3
shorter_small,-0.13107402905315502,-0.9925703181553794,-0.5603906352780998,1.3
shorter_small,-0.9925703181553794,-0.8747774578339823,-0.5572363590977506,1.3
shorter_small,-0.8747774578339823,-0.21425870494304336,0.917610194462013,1.3
shorter_small,-0.21425870494304336,0.24869141932388916,0.8421239658410534,1.3
shorter_small,0.24869141932388916,0.5457220995434608,0.009195425259430737,1.3
shorter_small,0.5457220995434608,-0.4206242766718906,0.22866214627175102,1.3
shorter_small,-0.4206242766718906,0.710794704962631,2.2397262669630287,1.3
shorter_small,0.710794704962631,0.5069820949719097,-1.949656349987808,1.3
shorter_small,0.5069820949719097,0.13231249576542856,2.6835705993234344,1.3
shorter_small,0.13231249576542856,-0.38409474445426434,0.6657330725926757,1.3
shorter_small,-0.38409474445426434,-0.7799163746782043,-0.359897839170149,1.3
shorter_small,-0.7799163746782043,-1.6794880024817986,-0.5998839677263638,1.3
shorter_small,-1.6794880024817986,-0.9325903351896796,-1.0014119420980148,1.3
shorter_small,-0.9325903351896796,-0.39087938766608,-0.7653670380348645,1.3
shorter_small,-0.39087938766608,0.8113094228780567,-0.26371735097841253,1.3
shorter_small,0.8113094228780567,0.6994088297113241,1.236641890827944,1.3
shorter_small,0.6994088297113241,-0.5586581134184565,0.7813586944623203,1.3
shorter_small,-0.5586581134184565,0.1963660943237027,-0.05789467553356199,1.3
shorter_small,0.1963660943237027,-0.6595665427135653,1.2932305711861343,1.3
shorter_small,-0.6595665427135653,1.094424949682709,-0.6406554845648209,1.3
shorter_small,1.094424949682709,1.999252666626678,0.8415504084748004,1.3
shorter_small,1.999252666626678,0.870752774487708,0.09085853394548583,1.3
shorter_small,0.870752774487708,-0.0652044413621714,1.0897075888358452,1.3
shorter_small,-0.0652044413621714,0.8579352478325821,-1.0280050709401662,1.3
shorter_small,0.8579352478325821,0.565228165211227,-0.5319587064312662,1.3
shorter_small,0.565228165211227,0.5372110102779252,1.389536960468555,1.3
shorter_small,0.5372110102779252,0.362730761876081,-0.15774414177968465,1.3
shorter_small,0.362730761876081,-0.2912728795514594,0.637936329579639,1.3
shorter_small,-0.2912728795514594,0.3431518031694549,0.2752209758870695,1.3
shorter_small,0.3431518031694549,0.9228973636237678,0.634116227327718,1.3
shorter_small,0.9228973636237678,0.45926536678484736,-1.4638102147172491,1.3
shorter_small,0.45926536678484736,-0.037586045793703365,-1.205359114180055,1.3
shorter_small,-0.037586045793703365,-0.21909858310053562,-1.9793751030882398,1.3
shorter_small,-0.21909858310053562,0.4156846663871263,-0.1291316113069718,1.3
shorter_small,0.4156846663871263,0.8086616503077985,-1.9708837767592058,1.3
shorter_small,0.8086616503077985,0.10369144618130444,0.6148716228284462,1.3
shorter_small,0.10369144618130444,-0.7321717375645118,-1.1497458102623939,1.3
shorter_small,-0.7321717375645118,0.03887708792779379,-1.1117938299721102,1.3
shorter_small,0.03887708792779379,-0.17175075962825637,0.257297067198815,1.3
shorter_small,-0.17175075962825637,0.0876866774519977,1.358035677914601,1.3
shorter_small,0.0876866774519977,1.2912418620615551,0.2489700124607193,1.3
shorter_small,1.2912418620615551,1.308991360825652,-0.3636898369682211,1.3
shorter_small,1.308991360825652,-0.8097726620777652,1.3454331811891547,1.3
shorter_small,-0.8097726620777652,-0.8326735318930112,-0.4201420322945131,1.3
shorter_small,-0.8326735318930112,-0.22699050367147083,-0.64266769675593,1.3
shorter_small,-0.22699050367147083,-1.1396309145050254,-0.9981873764397436,1.3
shorter_small,-1.1396309145050254,-1.6192566508199622,-0.697703814546437,1.3
shorter_small,-1.6192566508199622,-0.7774791640035972,0.38369024444442634,1.3
shorter_small,-0.7774791640035972,-0.5674613737660001,-1.0492498738675355,1.3
shorter_small,-0.5674613737660001,-0.4097093466081153,0.04764494617696258,1.3
shorter_small,-0.4097093466081153,0.0027015114914884786,-1.1107419710080368,1.3
shorter_small,0.0027015114914884786,-0.48923134524269357,0.35051170649888297,1.3
shorter_small,-0.48923134524269357,-0.3466866173920726,-1.5838400966632784,1.3
shorter_small,-0.3466866173920726,-0.26572493268033626,0.01026982255593497,1.3
shorter_small,-0.26572493268033626,0.4971915295990996,0.5525155944315991,1.3
shorter_small,0.4971915295990996,-1.17867364657851,-1.4969479700243187,1.3
shorter_small,-1.17867364657851,-0.16811522550448868,-0.6527849131652633,1.3
shorter_small,-0.16811522550448868,-1.3368327831017817,-0.8567418154690125,1.3
shorter_small,-1.3368327831017817,-1.47825126741161,-0.3028613122932704,1.3
shorter_small,-1.47825126741161,-0.35035047982848344,0.5261618793129754,1.3
shorter_small,-0.35035047982848344,0.026984440419457592,-0.6191259522653705,1.3
shorter_small,0.026984440419457592,0.1221340848971032,-1.2536857363521479,1.3
shorter_small,0.1221340848971032,-0.09897041136877041,2.450776114105316,1.3
shorter_small,-0.09897041136877041,-0.084115425815117,-0.2797831568034027,1.3
shorter_small,-0.084115425815117,-0.6036018928234762,-0.17737364192203814,1.3
shorter_small,-0.6036018928234762,-0.1697587940852103,0.1044783061974186,1.3
shorter_small,-0.1697587940852103,0.7223426472826572,0.8859456167933325,1.3
shorter_small,0.7223426472826572,-1.1919481869094655,-0.6490900597000506,1.3
shorter_small,-1.1919481869094655,-0.6422920348424683,0.06389311763482439,1.3
shorter_small,-0.6422920348424683,-0.78208504825224,-0.06065716633711761,1.3
shorter_small,-0.78208504825224,-1.3533612141807727,0.5475424940547313,1.3
shorter_small,-1.3533612141807727,-0.7296215844980751,-0.852879041942082,1.3
shorter_small,-0.7296215844980751,-0.41638494713814767,-0.7006711659898975,1.3
shorter_small,-0.41638494713814767,-2.020348202521111,-1.074605016100831,1.3
shorter_small,-2.020348202521111,-2.196994227330923,0.41710876493527727,1.3
shorter_small,-2.196994227330923,-0.8184168607911182,-0.3555038316377846,1.3
shorter_small,-0.8184168607911182,-0.49407743980594954,1.1679601859088085,1.3
shorter_small,-0.49407743980594954,0.659558231375408,-0.9458715396536814,1.3
shorter_small,0.659558231375408,-0.12376623489048055,1.7175090080315556,1.3
shorter_small,-0.12376623489048055,0.6647512864619797,-0.9111252008289188,1.3
shorter_small,0.6647512864619797,-0.11968628958076194,0.09802089655008009,1.3
shorter_small,-0.11968628958076194,-0.844287379599594,0.9785252401071347,1.3
shorter_small,-0.844287379599594,-0.17314899973932865,-0.686951001464348,1.3
shorter_small,-0.17314899973932865,-0.33590492694208385,0.5380115772668683,1.3
shorter_small,-0.33590492694208385,-0.21903861939734268,1.1894941404514954,1.3
shorter_small,-0.21903861939734268,-1.7169851551662996,-2.22217623987689,1.3
shorter_small,-1.7169851551662996,-0.3381797492165508,-1.3807308537792162,1.3
shorter_small,-0.3381797492165508,-0.22432938506207079,-0.1377544306341593,1.3
shorter_small,-0.22432938506207079,0.04417573765138254,-0.3181278872494575,1.3
shorter_small,0.04417573765138254,0.25154667545836396,0.24668680374754642,1.3
shorter_small,0.25154667545836396,1.1212218506025962,0.5486692184333318,1.3
shorter_small,1.1212218506025962,0.28633257382182314,-1.5498198508032042,1.3
shorter_small,0.28633257382182314,-0.019842549174551846,0.665632369938133,1.3
shorter_small,-0.019842549174551846,0.5794859496456084,0.3565069235281779,1.3
shorter_small,0.5794859496456084,0.8863615171946428,-0.6816416906332371,1.3
shorter_small,0.8863615171946428,0.4729057556808096,0.49848095103525913,1.3
shorter_small,0.4729057556808096,-0.058814220393168665,0.7429602600663268,1.3
shorter_small,-0.058814220393168665,-0.34796267442198797,-0.4880982476002373,1.3
shorter_small,-0.34796267442198797,-0.541562573480769,-0.6233423210617559,1.3
shorter_small,-0.541562573480769,-0.6503592487085538,0.18590912007003624,1.3
shorter_small,-0.6503592487085538,0.3118259750451222,0.14625982640573276,1.3
shorter_small,0.3118259750451222,-0.24312155861736018,1.485103236252407,1.3
shorter_small,-0.24312155861736018,0.288452577703732,-0.8767386572258875,1.3
shorter_small,0.288452577703732,-0.4493223019707407,-0.914190005063553,1.3
shorter_small,-0.4493223019707407,0.44725606284637587,-0.587965994626148,1.3
shorter_small,0.44725606284637587,0.07438881153491049,1.2583757842578278,1.3
shorter_small,0.07438881153491049,0.8802011645943595,0.659871356150267,1.3
shorter_small,0.8802011645943595,0.6437382386437309,1.7804556867453112,1.3
shorter_small,0.6437382386437309,0.42777350039780504,-1.03998819863181,1.3
shorter_small,0.42777350039780504,-0.27438942085754436,-0.6268338359517844,1.3
shorter_small,-0.27438942085754436,-0.4333466901078465,-0.13935214332972407,1.3
shorter_small,-0.4333466901078465,-0.37645674559266756,0.8640616395931593,1.3
shorter_small,-0.37645674559266756,-0.262866930315347,-0.9793612889211549,1.3
shorter_small,-0.262866930315347,-0.5635852260331077,0.06365240118264334,1.3
shorter_small,-0.5635852260331077,0.1724730896773772,-0.05214892802418965,1.3
shorter_small,0.1724730896773772,0.4438895177287657,-0.1669172286671681,1.3
shorter_small,0.4438895177287657,-0.03054827212525052,-0.10718734255846313,1.3
shorter_small,-0.03054827212525052,1.018556199937523,0.5079130747539209,1.3
shorter_small,1.018556199937523,0.32047748070186477,0.8479834405697697,1.3
shorter_small,0.32047748070186477,-0.8326843848188414,-0.5523440892493594,1.3
shorter_small,-0.8326843848188414,-0.42268836264119614,0.7049738397131267,1.3
shorter_small,-0.42268836264119614,-0.09367991338274631,0.5962609860273861,1.3
shorter_small,-0.09367991338274631,-0.25499334221047326,0.29637442072805414,1.3
shorter_small,-0.25499334221047326,0.07440747739462576,-0.8263399829901448,1.3
shorter_small,0.07440747739462576,-0.5856844948248898,0.6809744339497976,1.3
shorter_small,-0.5856844948248898,-0.30390843146268187,-0.6932699960498102,1.3
shorter_small,-0.30390843146268187,-0.19177733015838694,-0.4399978335224699,1.3
shorter_small,-0.19177733015838694,0.12378577024387208,1.0737460701006842,1.3
shorter_small,0.12378577024387208,-0.3122504998342448,0.9449612936281967,1.3
shorter_small,-0.3122504998342448,-0.5777649909048135,0.5722614689369755,1.3
shorter_small,-0.5777649909048135,-0.2718384578695799,0.3033256589103017,1.3
shorter_small,-0.2718384578695799,0.058123136829446906,1.0321806419878587,1.3
shorter_small,0.058123136829446906,-0.20559747002700762,0.32285477367342585,1.3
shorter_small,-0.20559747002700762,-0.2242341066493208,0.721378748215256,1.3
shorter_small,-0.2242341066493208,-0.8926531592845597,-1.1265866830469693,1.3
shorter_small,-0.8926531592845597,0.6061736833729362,-1.8404637754048718,1.3
shorter_small,0.6061736833729362,-0.5169853442143991,-0.005256974539489652,1.3
shorter_small,-0.5169853442143991,1.4944987803883385,-0.27551337457799374,1.3
shorter_small,1.4944987803883385,0.3314206693912629,-0.6778448123348517,1.3
shorter_small,0.3314206693912629,0.9331009617277694,0.685142884782408,1.3
shorter_small,0.9331009617277694,-0.012634205546005972,-0.5143559097231967,1.3
shorter_small,-0.012634205546005972,0.2816503245456493,0.6734528069895646,1.3
shorter_small,0.2816503245456493,0.1815385047579769,1.5660031897320652,1.3
shorter_small,0.1815385047579769,-0.16851248253278486,-0.3982120549361446,1.3
shorter_small,-0.16851248253278486,-0.8587028082328175,-0.15521560563085118,1.3
shorter_small,-0.8587028082328175,-0.5903681268946203,-0.5163024520675563,1.3
shorter_small,-0.5903681268946203,-1.1129689771808278,-1.9821110691393071,1.3
shorter_small,-1.1129689771808278,0.5687922836459391,-0.48662744845274913,1.3
shorter_small,0.5687922836459391,-0.4492561750663331,-0.5616638740318535,1.3
shorter_small,-0.4492561750663331,0.9723817733796296,-0.5388038310965678,1.3
shorter_small,0.9723817733796296,0.1696624404884315,-0.5682538550523761,1.3
shorter_small,0.1696624404884315,-1.0752546881342027,-0.5846624295187807,1.3
shorter_small,-1.0752546881342027,0.8889100712492675,0.6466848832302351,1.3
shorter_small,0.8889100712492675,0.9915099482614873,-0.18378015008933302,1.3
shorter_small,0.9915099482614873,0.07127396401925293,-1.6173317318567375,1.3
shorter_small,0.07127396401925293,-0.3413765559145311,0.7409233316490063,1.3
shorter_small,-0.3413765559145311,-0.5066308044091952,0.6311563133054162,1.3
shorter_small,-0.5066308044091952,0.5066425314782695,1.0112573919450156,1.3
shorter_small,0.5066425314782695,-0.7202485222421798,0.15904742464965024,1.3
shorter_small,-0.7202485222421798,-0.5730014696345095,-0.15148924801891278,1.3
shorter_small,-0.5730014696345095,0.46951949994865816,0.5968476203564695,1.3
shorter_small,0.46951949994865816,1.404790653715577,0.6477253860039682,1.3
shorter_small,1.404790653715577,0.042940470854389345,0.03542315144249887,1.3
shorter_small,0.042940470854389345,-0.3152473474454816,0.4971150783107994,1.3
shorter_small,-0.3152473474454816,-0.5966401103344948,0.7460576005206768,1.3
shorter_small,-0.5966401103344948,0.395373113749283,1.901303925039786,1.3
shorter_small,0.395373113749283,-0.3973872128452978,0.37482896479960215,1.3
shorter_small,-0.3973872128452978,-0.2897733572487545,0.5318250673581285,1.3
shorter_small,-0.2897733572487545,0.19721365914209993,-1.4016932550362868,1.3
shorter_small,0.19721365914209993,0.4730848873096306,-0.3707755392102428,1.3
shorter_small,0.4730848873096306,0.6598090091521593,-0.6447184691685947,1.3
shorter_small,0.6598090091521593,-0.3099798642437509,-0.9271509926754765,1.3
shorter_small,-0.3099798642437509,-0.018926591057056144,-1.7418261416816343,1.3
shorter_small,-0.018926591057056144,0.22325143159708363,1.1780593698777921,1.3
shorter_small,0.22325143159708363,0.5996760497094351,1.2503788987587867,1.3
shorter_small,0.5996760497094351,1.1344191496395892,0.3158775823062389,1.3
persistent_uncertain,1.1924235588837344,-0.1012931305850463,1.5402298731380004,3.5
persistent_uncertain,-0.1012931305850463,0.41318328048611175,-0.4979060182748461,3.5
persistent_uncertain,0.41318328048611175,-0.6021933700700708,0.3060417532291234,3.5
persistent_uncertain,-0.6021933700700708,0.37027129713623647,1.993354757911041,3.5
persistent_uncertain,0.37027129713623647,-0.9004583172450711,2.911455861513546,3.5
persistent_uncertain,-0.9004583172450711,-1.1812282106920662,-1.2265025508305707,3.5
persistent_uncertain,-1.1812282106920662,-1.3054799591543578,-0.47215516233283583,3.5
persistent_uncertain,-1.3054799591543578,-2.518937501142226,-2.463284805794747,3.5
persistent_uncertain,-2.518937501142226,-1.1740547016104177,-1.8249549616140308,3.5
persistent_uncertain,-1.1740547016104177,-2.008859342467002,1.8605670776881071,3.5
persistent_uncertain,-2.008859342467002,-2.4268246357136243,-0.5130473642778857,3.5
persistent_uncertain,-2.4268246357136243,-2.170836012576009,-0.6033697715687081,3.5
persistent_uncertain,-2.170836012576009,-1.0048238437062809,-0.5454305610389101,3.5
persistent_uncertain,-1.0048238437062809,-1.3334835803218752,1.1534466100654734,3.5
persistent_uncertain,-1.3334835803218752,0.5314792641965477,-1.453093708252048,3.5
persistent_uncertain,0.5314792641965477,0.3639660742840932,-0.746663234353152,3.5
persistent_uncertain,0.3639660742840932,0.04526626763848529,-0.20899869680984828,3.5
persistent_uncertain,0.04526626763848529,0.3690362611614619,-0.7207649222385095,3.5
persistent_uncertain,0.3690362611614619,0.1673293810168063,0.35507300271166015,3.5
persistent_uncertain,0.1673293810168063,-0.6728005308273758,1.7110443488548963,3.5
persistent_uncertain,-0.6728005308273758,-0.8968184300642503,-0.6024084312508967,3.5
persistent_uncertain,-0.8968184300642503,-0.5206483726019718,0.1376299356050117,3.5
persistent_uncertain,-0.5206483726019718,0.8078503886942405,1.5787873162133232,3.5
persistent_uncertain,0.8078503886942405,0.7792366772106716,0.20359814949525457,3.5
persistent_uncertain,0.7792366772106716,0.9177068095633653,-1.0336300563568135,3.5
persistent_uncertain,0.9177068095633653,-1.0174135556723436,0.8551452557970634,3.5
persistent_uncertain,-1.0174135556723436,-0.9333577139204313,0.795213265140338,3.5
persistent_uncertain,-0.9333577139204313,-0.6929586974339266,1.7286958114359403,3.5
persistent_uncertain,-0.6929586974339266,0.8208514688884774,-0.07812791281589723,3.5
persistent_uncertain,0.8208514688884774,1.786405417797359,1.294616623616793,3.5
persistent_uncertain,1.786405417797359,1.3751472240948122,1.5407039111301908,3.5
persistent_uncertain,1.3751472240948122,1.3861344083315688,-1.9933001221137554,3.5
persistent_uncertain,1.3861344083315688,0.9458551218081354,-0.016692686493823092,3.5
persistent_uncertain,0.9458551218081354,0.13308055073722147,2.1443651597177893,3.5
persistent_uncertain,0.13308055073722147,0.10783332668446152,-0.8904185559801576,3.5
persistent_uncertain,0.10783332668446152,-0.20535765934759675,1.4515013923276427,3.5
persistent_uncertain,-0.20535765934759675,0.09411543650693466,-0.2608162995633787,3.5
persistent_uncertain,0.09411543650693466,0.5792471445427582,-1.5711984312231897,3.5
persistent_uncertain,0.5792471445427582,0.26610077246537966,-2.672539975289508,3.5
persistent_uncertain,0.26610077246537966,1.0274539974909787,-0.782445108332508,3.5
persistent_uncertain,1.0274539974909787,-0.10860815587091566,-1.421862759661661,3.5
persistent_uncertain,-0.10860815587091566,-0.06859524223479703,1.8809231707210994,3.5
persistent_uncertain,-0.06859524223479703,0.10116882743082006,-2.550511408299708,3.5
persistent_uncertain,0.10116882743082006,-1.3056034050226888,0.9946415029549994,3.5
persistent_uncertain,-1.3056034050226888,-0.47280462852997546,-0.44724586196734767,3.5
persistent_uncertain,-0.47280462852997546,0.19837659375767913,0.9957398007929587,3.5
persistent_uncertain,0.19837659375767913,1.4344246626250137,-1.646532775768504,3.5
persistent_uncertain,1.4344246626250137,0.9991773626721765,0.34507582155180605,3.5
persistent_uncertain,0.9991773626721765,1.1765639033690392,-1.001918416701227,3.5
persistent_uncertain,1.1765639033690392,1.3378835893364331,0.8252414448386574,3.5
persistent_uncertain,1.3378835893364331,-0.26325385601545215,1.6474377990415505,3.5
persistent_uncertain,-0.26325385601545215,0.03619679598035136,0.5041161459192771,3.5
persistent_uncertain,0.03619679598035136,-1.056303760787268,-0.021654665197824892,3.5
persistent_uncertain,-1.056303760787268,-0.5432056109308703,0.7843311410897231,3.5
persistent_uncertain,-0.5432056109308703,0.157068926326983,0.5734358162162939,3.5
persistent_uncertain,0.157068926326983,0.31986540459992086,-0.7756599352110944,3.5
persistent_uncertain,0.31986540459992086,-1.3107296847081749,-2.4020855428224617,3.5
persistent_uncertain,-1.3107296847081749,0.15564079533657826,-0.6660366955707762,3.5
persistent_uncertain,0.15564079533657826,0.3416122851616794,-2.5004727492210415,3.5
persistent_uncertain,0.3416122851616794,0.9983074710383776,-0.9818265800161927,3.5
persistent_uncertain,0.9983074710383776,0.20484060730043296,2.7457889123502883,3.5
persistent_uncertain,0.20484060730043296,-0.1441010992055794,1.6508506959742169,3.5
persistent_uncertain,-0.1441010992055794,1.4630744924255368,-0.7024108352162148,3.5
persistent_uncertain,1.4630744924255368,0.9068313804070149,0.44782418291606046,3.5
persistent_uncertain,0.9068313804070149,0.33157051885504996,1.8028363339599374,3.5
persistent_uncertain,0.33157051885504996,-0.03948237366065502,-0.08879357109579028,3.5
persistent_uncertain,-0.03948237366065502,0.7246159830696518,-2.0521092934480887,3.5
persistent_uncertain,0.7246159830696518,-0.6591399155197729,-1.8681254148425872,3.5
persistent_uncertain,-0.6591399155197729,-0.7133303159439341,1.421300534299885,3.5
persistent_uncertain,-0.7133303159439341,-1.1801588456885208,1.462915364447145,3.5
persistent_uncertain,-1.1801588456885208,1.0321987216766209,1.2811701251436387,3.5
persistent_uncertain,1.0321987216766209,1.5590787443118552,0.648715047291514,3.5
persistent_uncertain,1.5590787443118552,1.2008561287725266,0.460409978885477,3.5
persistent_uncertain,1.2008561287725266,1.0413484490578324,0.44307505733535685,3.5
persistent_uncertain,1.0413484490578324,0.5813296056763597,-0.2652338419089082,3.5
persistent_uncertain,0.5813296056763597,0.09012595615579189,0.4235862858392325,3.5
persistent_uncertain,0.09012595615579189,-0.05756968055322448,0.5819088677981638,3.5
persistent_uncertain,-0.05756968055322448,1.2935047905345929,-1.1170256201018185,3.5
persistent_uncertain,1.2935047905345929,0.7130227156774671,2.363238182444161,3.5
persistent_uncertain,0.7130227156774671,0.31389552928536313,0.7763604787269232,3.5
persistent_uncertain,0.31389552928536313,0.4608030138891911,1.1126032891177466,3.5
persistent_uncertain,0.4608030138891911,1.4465647891518374,-0.6926580441347292,3.5
persistent_uncertain,1.4465647891518374,1.4053623472301244,0.1871821359942697,3.5
persistent_uncertain,1.4053623472301244,0.2156119352550161,-0.22689336014229342,3.5
persistent_uncertain,0.2156119352550161,0.2050735233277,-1.1546739018136805,3.5
persistent_uncertain,0.2050735233277,0.16754484455361124,-0.6161132035062188,3.5
persistent_uncertain,0.16754484455361124,-0.8719764983162083,2.608894303260643,3.5
persistent_uncertain,-0.8719764983162083,-1.1835759713418672,0.40770175516068635,3.5
persistent_uncertain,-1.1835759713418672,-0.5884637384453547,0.7877254469584561,3.5
persistent_uncertain,-0.5884637384453547,-0.7449939321871828,0.25347716486456817,3.5
persistent_uncertain,-0.7449939321871828,0.7303378471845766,0.22025653016881894,3.5
persistent_uncertain,0.7303378471845766,0.794435141074336,-0.6042604150281504,3.5
persistent_uncertain,0.794435141074336,0.23049023140324804,0.722409900375991,3.5
persistent_uncertain,0.23049023140324804,0.11461786223727796,-0.7464072744110989,3.5
persistent_uncertain,0.11461786223727796,-0.596455517288402,0.5896345168102415,3.5
persistent_uncertain,-0.596455517288402,-0.9208827992635298,-1.4162253682215828,3.5
persistent_uncertain,-0.9208827992635298,-0.07514994267632802,-0.7977818440696576,3.5
persistent_uncertain,-0.07514994267632802,-0.09622647659719592,-0.30729898838791275,3.5
persistent_uncertain,-0.09622647659719592,-1.504787398054298,0.6332527906199844,3.5
persistent_uncertain,-1.504787398054298,-2.0858404518066775,-1.2276428827992607,3.5
persistent_uncertain,-2.0858404518066775,-1.0544942597819098,0.13526530377772242,3.5
persistent_uncertain,-1.0544942597819098,-1.6077767905639004,0.4779102800870727,3.5
persistent_uncertain,-1.6077767905639004,-1.3816332157346318,0.8118929584840344,3.5
persistent_uncertain,-1.3816332157346318,-0.15852127411051864,0.1431765327711358,3.5
persistent_uncertain,-0.15852127411051864,-0.2722682685265305,0.2822067479247592,3.5
persistent_uncertain,-0.2722682685265305,-0.39243798030127086,-0.018498551414241015,3.5
persistent_uncertain,-0.39243798030127086,-0.5672802834160409,-1.2745181107695338,3.5
persistent_uncertain,-0.5672802834160409,0.4103364043579029,0.5262725574289296,3.5
persistent_uncertain,0.4103364043579029,-0.21056645710501198,-0.44025975286930147,3.5
persistent_uncertain,-0.21056645710501198,-1.05721617312534,0.23995485831674931,3.5
persistent_uncertain,-1.05721617312534,-0.6809727988328054,1.698930582734973,3.5
persistent_uncertain,-0.6809727988328054,0.7583833290112026,0.8770564778815619,3.5
persistent_uncertain,0.7583833290112026,0.8452312576225995,0.4258131940521267,3.5
persistent_uncertain,0.8452312576225995,1.7999071881162243,-0.10823216837889683,3.5
persistent_uncertain,1.7999071881162243,2.2468597144597178,-0.4059030311583154,3.5
persistent_uncertain,2.2468597144597178,0.8074279765334328,-1.1178790823780071,3.5
persistent_uncertain,0.8074279765334328,0.663600723597885,0.24050413421235478,3.5
persistent_uncertain,0.663600723597885,0.4358373729696742,1.7407935888507704,3.5
persistent_uncertain,0.4358373729696742,0.35633302044378645,0.5524730418949282,3.5
persistent_uncertain,0.35633302044378645,1.218229202809842,-0.8471023438813144,3.5
persistent_uncertain,1.218229202809842,1.9770736033717582,1.2722074654040891,3.5
persistent_uncertain,1.9770736033717582,2.0212438212062267,-0.7551398757487873,3.5
persistent_uncertain,2.0212438212062267,2.410768661439067,-0.6546280169204823,3.5
persistent_uncertain,2.410768661439067,1.3302332439362539,1.345175168930415,3.5
persistent_uncertain,1.3302332439362539,1.6201039777278208,0.881862591108167,3.5
persistent_uncertain,1.6201039777278208,0.42068162360850714,1.9952640635427765,3.5
persistent_uncertain,0.42068162360850714,0.09033959773647013,-1.0602572456124584,3.5
persistent_uncertain,0.09033959773647013,-0.8209316766498642,0.47578865508336005,3.5
persistent_uncertain,-0.8209316766498642,0.38412209875592407,0.289128531607306,3.5
persistent_uncertain,0.38412209875592407,0.0078109862267533026,0.021711535432282752,3.5
persistent_uncertain,0.0078109862267533026,0.6380816956930596,0.07362489342319326,3.5
persistent_uncertain,0.6380816956930596,-0.46479587630828734,-1.873824231233251,3.5
persistent_uncertain,-0.46479587630828734,-0.0993503850457107,0.06197525986614218,3.5
persistent_uncertain,-0.0993503850457107,0.6070997539355892,-0.9820090586739684,3.5
persistent_uncertain,0.6070997539355892,0.5762128020311824,0.27065131078530236,3.5
persistent_uncertain,0.5762128020311824,0.6282544059020974,-0.9167459709391022,3.5
persistent_uncertain,0.6282544059020974,0.639934998546926,1.0039757537910994,3.5
persistent_uncertain,0.639934998546926,0.4909957358760134,0.4277206602418246,3.5
persistent_uncertain,0.4909957358760134,0.15133351734477007,-0.01842507816076741,3.5
persistent_uncertain,0.15133351734477007,-0.4532042000118722,0.10000997086068414,3.5
persistent_uncertain,-0.4532042000118722,0.5259863588634202,-0.7078544591796598,3.5
persistent_uncertain,0.5259863588634202,0.4627519117995573,1.2846449367485988,3.5
persistent_uncertain,0.4627519117995573,0.4669065891879178,0.5941484303654584,3.5
persistent_uncertain,0.4669065891879178,0.6623605614235675,0.18217644637646416,3.5
persistent_uncertain,0.6623605614235675,-0.38731822774532887,0.06405926545504499,3.5
persistent_uncertain,-0.38731822774532887,-1.2245397866103986,-0.024424023350179423,3.5
persistent_uncertain,-1.2245397866103986,-1.813026133260223,0.11707737602201464,3.5
persistent_uncertain,-1.813026133260223,0.1185557848317984,-0.5683641519583928,3.5
persistent_uncertain,0.1185557848317984,-0.0430021556744318,-1.440195051911584,3.5
persistent_uncertain,-0.0430021556744318,0.5851334914639003,-2.135852519787968,3.5
persistent_uncertain,0.5851334914639003,-0.8777741188129535,-1.5024524679327547,3.5
persistent_uncertain,-0.8777741188129535,-0.847762746428343,0.9367674992949077,3.5
persistent_uncertain,-0.847762746428343,-0.45808976951430785,-0.8927982745021045,3.5
persistent_uncertain,-0.45808976951430785,-0.6811135642540097,0.6410167228406881,3.5
persistent_uncertain,-0.6811135642540097,0.4169269948413982,1.5173964421511519,3.5
persistent_uncertain,0.4169269948413982,0.11684871681717196,0.29801982686386225,3.5
persistent_uncertain,0.11684871681717196,0.10004523301133075,-0.1839929401807864,3.5
persistent_uncertain,0.10004523301133075,0.9987112753396646,-0.030035921073257563,3.5
persistent_uncertain,0.9987112753396646,2.011008116012742,1.180253294447088,3.5
persistent_uncertain,2.011008116012742,1.7823538694106031,-0.575454704840674,3.5
persistent_uncertain,1.7823538694106031,1.0221546375468573,0.8873276252928524,3.5
persistent_uncertain,1.0221546375468573,0.6030461108486038,2.460611602648626,3.5
persistent_uncertain,0.6030461108486038,1.4219953905095895,0.9539992369374827,3.5
persistent_uncertain,1.4219953905095895,0.2913316761654219,0.8624773719630717,3.5
persistent_uncertain,0.2913316761654219,-0.4777528181956593,0.5983269396456392,3.5
persistent_uncertain,-0.4777528181956593,-0.9961583737921686,-0.12135096084957259,3.5
persistent_uncertain,-0.9961583737921686,0.12395332078108368,-1.4058666673556188,3.5
persistent_uncertain,0.12395332078108368,0.4717320084394033,1.0090877177629753,3.5
persistent_uncertain,0.4717320084394033,-0.27669895103114744,1.1048127478471506,3.5
persistent_uncertain,-0.27669895103114744,-0.7074890651039237,-1.5041770453146714,3.5
persistent_uncertain,-0.7074890651039237,-0.47072723349315415,0.2090856530604282,3.5
persistent_uncertain,-0.47072723349315415,-0.6919123634803994,1.494678841502082,3.5
persistent_uncertain,-0.6919123634803994,-1.2486207139319057,1.0441753651009928,3.5
persistent_uncertain,-1.2486207139319057,-1.4937861077871648,0.8640952040613464,3.5
persistent_uncertain,-1.4937861077871648,-1.1919613736842503,-0.7766633411081314,3.5
persistent_uncertain,-1.1919613736842503,-1.2878852866847046,-0.9159315951586732,3.5
persistent_uncertain,-1.2878852866847046,-0.9237742889969622,0.12054458958540619,3.5
persistent_uncertain,-0.9237742889969622,-0.9120105359905248,1.3791491910497187,3.5
persistent_uncertain,-0.9120105359905248,-1.1791841780266874,-0.49615780171364243,3.5
persistent_uncertain,-1.1791841780266874,-0.49720857484728487,2.039170964039342,3.5
persistent_uncertain,-0.49720857484728487,0.018123677935168614,-1.0463976547712301,3.5
persistent_uncertain,0.018123677935168614,-1.4557236978106984,-0.42185357392901535,3.5
persistent_uncertain,-1.4557236978106984,-0.8300797665562317,1.3559312905978962,3.5
persistent_uncertain,-0.8300797665562317,-0.9354152861091173,-1.4417844382681966,3.5
persistent_uncertain,-0.9354152861091173,-1.4267474345070261,0.854027189915658,3.5
persistent_uncertain,-1.4267474345070261,-0.4481038262574232,0.6785682103139269,3.5
persistent_uncertain,-0.4481038262574232,-0.11551578953376954,0.7412015555054476,3.5
persistent_uncertain,-0.11551578953376954,0.3568088245123951,0.16591498823144282,3.5
persistent_uncertain,0.3568088245123951,-0.1413035062210098,0.016023383000835036,3.5
persistent_uncertain,-0.1413035062210098,1.2649487163327575,-1.2143236820421814,3.5
persistent_uncertain,1.2649487163327575,1.3036184249109661,-0.028186702582953777,3.5
persistent_uncertain,1.3036184249109661,0.48962768851946914,-0.3325030678186925,3.5
persistent_uncertain,0.48962768851946914,1.802222854775807,-1.446723028423576,3.5
persistent_uncertain,1.802222854775807,0.6740010666806238,-1.1101607360972172,3.5
persistent_uncertain,0.6740010666806238,1.636382002510553,0.9601401920971143,3.5
persistent_uncertain,1.636382002510553,0.9580343322466784,-0.27300904504865947,3.5
persistent_uncertain,0.9580343322466784,0.22774808455934903,-0.7057019376918454,3.5
persistent_uncertain,0.22774808455934903,-0.3889138056928584,-0.01165206236629969,3.5
persistent_uncertain,-0.3889138056928584,-1.047481847204639,-1.9006188602682728,3.5
persistent_uncertain,-1.047481847204639,-1.4559253427721912,0.6454601697904597,3.5
persistent_uncertain,-1.4559253427721912,-0.7741625160955781,0.9520475181440529,3.5
persistent_uncertain,-0.7741625160955781,-0.6287917820194449,2.1716888577040887,3.5
persistent_uncertain,-0.6287917820194449,-1.6929029463113183,-0.17691539939438894,3.5
persistent_uncertain,-1.6929029463113183,-1.0674900715192115,0.9798437925627693,3.5
persistent_uncertain,-1.0674900715192115,-1.9028909882493301,-0.5803482556956068,3.5
persistent_uncertain,-1.9028909882493301,-0.9916724932276879,-0.8543466536550184,3.5
persistent_uncertain,-0.9916724932276879,-1.0732711567706263,-0.6397193516882685,3.5
persistent_uncertain,-1.0732711567706263,-0.9511777057072213,0.19373870626445844,3.5
persistent_uncertain,-0.9511777057072213,0.2071999487504832,-0.49888867250238966,3.5
persistent_uncertain,0.2071999487504832,-1.4058525674877964,0.22165041845612574,3.5
persistent_uncertain,-1.4058525674877964,0.665260839040485,-0.9178398334998036,3.5
persistent_uncertain,0.665260839040485,2.8119734433206434,-0.9770762503625079,3.5
persistent_uncertain,2.8119734433206434,2.849685553978212,1.0925692528867572,3.5
persistent_uncertain,2.849685553978212,2.4810482491666184,-1.1441392025724748,3.5
persistent_uncertain,2.4810482491666184,1.2634848358234072,-0.1773334124542759,3.5
persistent_uncertain,1.2634848358234072,1.7356511686249472,1.5017909109431904,3.5
persistent_uncertain,1.7356511686249472,1.1042351597755506,0.3421483789272817,3.5
persistent_uncertain,1.1042351597755506,0.5746362082231172,0.40632842508970535,3.5
persistent_uncertain,0.5746362082231172,-0.19413749417681275,-0.41831747917994616,3.5
persistent_uncertain,-0.19413749417681275,0.9207525250319641,-0.8829762913342764,3.5
persistent_uncertain,0.9207525250319641,1.3095873638580433,1.0345590954294503,3.5
persistent_uncertain,1.3095873638580433,-0.14777550841442555,-0.13595226363115245,3.5
persistent_uncertain,-0.14777550841442555,-0.1850115994947129,-0.025054049234782966,3.5
persistent_uncertain,-0.1850115994947129,-1.127966574867963,0.6097304180675225,3.5
persistent_uncertain,-1.127966574867963,-0.11012583019558064,-1.1326243966759804,3.5
persistent_uncertain,-0.11012583019558064,-0.7690257464521673,-0.012622261261025145,3.5
persistent_uncertain,-0.7690257464521673,-0.6073356574071305,-3.858661464396852,3.5
persistent_uncertain,-0.6073356574071305,-0.009217388620504807,1.3878438848308245,3.5
persistent_uncertain,-0.009217388620504807,-0.15744659477466402,1.0312888127962454,3.5
persistent_uncertain,-0.15744659477466402,-1.0560768696118803,-1.74986473659932,3.5
persistent_uncertain,-1.0560768696118803,-1.1027598680283892,0.09007796136890706,3.5
persistent_uncertain,-1.1027598680283892,-1.8190253619148087,-0.0989434384606524,3.5
persistent_uncertain,-1.8190253619148087,-0.2241184756682273,-1.8282968466943936,3.5
persistent_uncertain,-0.2241184756682273,0.5440074917383305,-0.6244692389490014,3.5
persistent_uncertain,0.5440074917383305,-0.9483046514950032,-1.0129319343031433,3.5
persistent_uncertain,-0.9483046514950032,-1.5663096913285446,-1.1415103311247503,3.5
persistent_uncertain,-1.5663096913285446,0.5774653441967499,-0.787569871432925,3.5
persistent_uncertain,0.5774653441967499,0.9143324603383012,0.3434535395275919,3.5
persistent_uncertain,0.9143324603383012,0.41497248010005217,-0.9975046741644045,3.5
persistent_uncertain,0.41497248010005217,1.0029258806607664,-0.8778712324678642,3.5
persistent_uncertain,1.0029258806607664,0.9862649051764927,-0.9770486774553716,3.5
persistent_uncertain,0.9862649051764927,1.3099194938941003,-1.8469855206793047,3.5
persistent_uncertain,1.3099194938941003,0.651811657318754,-0.08715534513349274,3.5
persistent_uncertain,0.651811657318754,1.7141899147077686,1.705123755374713,3.5
persistent_uncertain,1.7141899147077686,1.4263837614884438,1.009858782667986,3.5
persistent_uncertain,1.4263837614884438,0.12532752563483496,-1.4272735271877603,3.5
persistent_uncertain,0.12532752563483496,0.0541693769201609,0.12770595260812362,3.5
persistent_uncertain,0.0541693769201609,-0.20743122274114206,-1.116379369939107,3.5
persistent_uncertain,-0.20743122274114206,0.15240041994198325,0.8366725186299516,3.5
persistent_uncertain,0.15240041994198325,0.32438426637063994,-2.156558905748609,3.5
persistent_uncertain,0.32438426637063994,0.3197369537811815,1.2396733420661445,3.5
persistent_uncertain,0.3197369537811815,-0.4132386070565933,-1.8394330509552888,3.5
persistent_uncertain,-0.4132386070565933,-0.13172862284095105,0.44943616472389103,3.5
persistent_uncertain,-0.13172862284095105,-0.5341433644650917,1.3095541686373897,3.5
persistent_uncertain,-0.5341433644650917,0.8522015456110374,-0.037254685523660465,3.5
persistent_uncertain,0.8522015456110374,-0.26122095857232985,1.6006703456666214,3.5
persistent_uncertain,-0.26122095857232985,-0.4015354238165323,-0.3375417658061554,3.5
persistent_uncertain,-0.4015354238165323,-0.6791994553227426,1.667957943625608,3.5
persistent_uncertain,-0.6791994553227426,-1.2509162962778446,-0.6775389928168719,3.5
persistent_uncertain,-1.2509162962778446,-0.5921923465899722,-0.16628749804706433,3.5
persistent_uncertain,-0.5921923465899722,-0.19408590327052694,0.5389605045554173,3.5
persistent_uncertain,-0.19408590327052694,0.005608581869485901,2.614442409796787,3.5
persistent_uncertain,0.005608581869485901,1.1617319206256072,-0.7599254752645463,3.5
persistent_uncertain,1.1617319206256072,0.40608663231146014,-0.8034208437937449,3.5
persistent_uncertain,0.40608663231146014,0.6420740620152694,1.4208196072991015,3.5
persistent_uncertain,0.6420740620152694,0.5351752917333624,0.21064315744206466,3.5
persistent_uncertain,0.5351752917333624,0.5979008194624813,-0.7067310924946536,3.5
persistent_uncertain,0.5979008194624813,-0.5426011579659364,-0.14714563413689627,3.5
persistent_uncertain,-0.5426011579659364,-1.3109302578330748,0.9524559294538013,3.5
persistent_uncertain,-1.3109302578330748,-0.30674831496199695,-0.912017169639893,3.5
persistent_uncertain,-0.30674831496199695,-1.1202481995879336,-0.9441754341695345,3.5
persistent_uncertain,-1.1202481995879336,0.0386483447713345,0.4590522502871983,3.5
persistent_uncertain,0.0386483447713345,1.190329293872399,0.7451446986816465,3.5
persistent_uncertain,1.190329293872399,0.42585843769918075,-0.45752658885895275,3.5
persistent_uncertain,0.42585843769918075,0.5707425560105339,-0.06674114649061808,3.5
persistent_uncertain,0.5707425560105339,0.5557462744539452,1.4303792248010436,3.5
persistent_uncertain,0.5557462744539452,1.561794637103638,-1.2218826507804919,3.5
persistent_uncertain,1.561794637103638,2.756032954706346,-0.8804656674772454,3.5
persistent_uncertain,2.756032954706346,2.6083101655282794,1.823916611732856,3.5
persistent_uncertain,2.6083101655282794,2.551433750231122,1.2819731345192404,3.5
persistent_uncertain,2.551433750231122,2.7944602877275204,2.190990038970743,3.5
persistent_uncertain,2.7944602877275204,1.2978157006907614,0.7704775811231388,3.5
persistent_uncertain,1.2978157006907614,0.8930251398050911,0.4522164469301627,3.5
persistent_uncertain,0.8930251398050911,1.3254429420485403,0.7989761838392944,3.5
persistent_uncertain,1.3254429420485403,0.5965059710016366,-1.3975733733385742,3.5
persistent_uncertain,0.5965059710016366,1.7099414911166342,-0.9426337615968257,3.5
persistent_uncertain,1.7099414911166342,0.5289411171365118,0.9410945885058847,3.5
persistent_uncertain,0.5289411171365118,0.24594051507145362,0.8845869056491173,3.5
persistent_uncertain,0.24594051507145362,0.2663692183161045,1.0956800390844232,3.5
persistent_uncertain,0.2663692183161045,0.708338414731226,0.8585558943837629,3.5
persistent_uncertain,0.708338414731226,-0.19168384310907471,0.3962449174850876,3.5
persistent_uncertain,-0.19168384310907471,-0.4311105535533246,-1.0840256531606398,3.5
persistent_uncertain,-0.4311105535533246,-0.03831727423455622,0.6717739165309802,3.5
persistent_uncertain,-0.03831727423455622,0.0332142577061908,0.4362479932491598,3.5
persistent_uncertain,0.0332142577061908,0.45238906631526427,-1.5523669391780688,3.5
persistent_uncertain,0.45238906631526427,-0.3159370466130818,1.0331511811513225,3.5
persistent_uncertain,-0.3159370466130818,-1.0947774235244583,0.42658280848010316,3.5
persistent_uncertain,-1.0947774235244583,-2.9883049437249927,0.7554442051929195,3.5
persistent_uncertain,-2.9883049437249927,-3.208239500238392,-1.06456015437805,3.5
persistent_uncertain,-3.208239500238392,-2.755580959059826,-0.6878683346140375,3.5
persistent_uncertain,-2.755580959059826,-3.1973474267704627,3.0053989898999673,3.5
persistent_uncertain,-3.1973474267704627,-2.704997688548366,-0.6489226783243262,3.5
persistent_uncertain,-2.704997688548366,-1.412568682248299,-0.38833191471807627,3.5
persistent_uncertain,-1.412568682248299,-1.4907134094036492,0.9888078773770888,3.5
persistent_uncertain,-1.4907134094036492,-0.48415548128303165,-2.368310948542869,3.5
persistent_uncertain,-0.48415548128303165,0.1097343742306508,0.2680045894087341,3.5
persistent_uncertain,0.1097343742306508,-0.004156267283822054,0.8134929773415029,3.5
persistent_uncertain,-0.004156267283822054,0.44472944964248273,1.0569606932681017,3.5
persistent_uncertain,0.44472944964248273,0.9062503259903699,0.858491337803379,3.5
persistent_uncertain,0.9062503259903699,-0.4801932282684894,-1.4451938401392928,3.5
persistent_uncertain,-0.4801932282684894,0.7818187778983063,0.3351594732076135,3.5
persistent_uncertain,0.7818187778983063,-0.8682846557819143,0.725241353875396,3.5
persistent_uncertain,-0.8682846557819143,-0.5090721266301532,-2.4608010568542658,3.5
persistent_uncertain,-0.5090721266301532,-0.9131382269179134,0.5695116016912075,3.5
persistent_uncertain,-0.9131382269179134,-1.1560611456999133,-0.45472019457574053,3.5
persistent_uncertain,-1.1560611456999133,-0.7547392197516027,0.21890268192070722,3.5
persistent_uncertain,-0.7547392197516027,-0.9120069694483494,0.15675330281517982,3.5
persistent_uncertain,-0.9120069694483494,-0.8769030024137484,-0.08159271928392411,3.5
persistent_uncertain,-0.8769030024137484,-0.7329950399256282,0.6296446460117067,3.5
persistent_uncertain,-0.7329950399256282,-1.2671499909861912,0.4856305933619729,3.5
persistent_uncertain,-1.2671499909861912,-0.7948827970172951,1.105578624543942,3.5
persistent_uncertain,-0.7948827970172951,-1.4452551652428625,0.5194840860272226,3.5
persistent_uncertain,-1.4452551652428625,-0.6617593815416714,-0.8715959175115527,3.5
persistent_uncertain,-0.6617593815416714,-1.4071324442306101,1.846775241303217,3.5
persistent_uncertain,-1.4071324442306101,-0.8386728282507651,0.22961592215517126,3.5
persistent_uncertain,-0.8386728282507651,-0.9972632880699932,-1.6229103487536516,3.5
persistent_uncertain,-0.9972632880699932,0.40193396442368734,0.6248687116873848,3.5
persistent_uncertain,0.40193396442368734,-0.41893355564933654,0.5390367966641219,3.5
persistent_uncertain,-0.41893355564933654,0.6324001683365503,1.036685570499109,3.5
persistent_uncertain,0.6324001683365503,0.2043047921680794,1.6866257645416973,3.5
persistent_uncertain,0.2043047921680794,-1.0216103000598935,0.41136357594487527,3.5
persistent_uncertain,-1.0216103000598935,0.3808766772739035,-0.796282836353233,3.5
persistent_uncertain,0.3808766772739035,1.0888942251878169,1.2462943142303806,3.5
persistent_uncertain,1.0888942251878169,2.139730538849689,-0.315166289553941,3.5
persistent_uncertain,2.139730538849689,1.2977390056820561,0.10966869249798786,3.5
persistent_uncertain,1.2977390056820561,1.7114520097971972,0.8367057066852895,3.5
persistent_uncertain,1.7114520097971972,2.485776329090152,-0.2700702930496898,3.5
persistent_uncertain,2.485776329090152,2.0448377869808807,-0.2528874580659599,3.5
persistent_uncertain,2.0448377869808807,3.771882569876129,1.8151258314920689,3.5
persistent_uncertain,3.771882569876129,2.6968282459071355,0.5522766222938243,3.5
persistent_uncertain,2.6968282459071355,2.8718806201768783,0.8558470384555326,3.5
persistent_uncertain,2.8718806201768783,1.5962817013958204,0.06835961191530249,3.5
persistent_uncertain,1.5962817013958204,0.796452373122857,0.1511658002273739,3.5
persistent_uncertain,0.796452373122857,0.5060035993644026,-0.4165645956990125,3.5
persistent_uncertain,0.5060035993644026,0.5219737527738384,0.340664990011796,3.5
persistent_uncertain,0.5219737527738384,0.7835718948613765,-0.020672189172826018,3.5
persistent_uncertain,0.7835718948613765,1.1780518347985032,0.04762155704041493,3.5
persistent_uncertain,1.1780518347985032,-0.5332301057297302,-0.4175169115665919,3.5
persistent_uncertain,-0.5332301057297302,-0.07388369720807886,2.8517653147610202,3.5
persistent_uncertain,-0.07388369720807886,-0.25784360872306417,1.2366835767456634,3.5
persistent_uncertain,-0.25784360872306417,-1.3279596597940264,-0.7130831357184084,3.5
persistent_uncertain,-1.3279596597940264,-1.3049338164669035,-1.5892964625759884,3.5
persistent_uncertain,-1.3049338164669035,-0.24177670796980255,0.8479034020637962,3.5
persistent_uncertain,-0.24177670796980255,0.3867254747672093,0.04838660957374248,3.5
persistent_uncertain,0.3867254747672093,-0.705513317416373,-0.5743682773329997,3.5
persistent_uncertain,-0.705513317416373,-0.819880409635956,0.5580616372670781,3.5
persistent_uncertain,-0.819880409635956,-0.8433053414843146,-0.7950790014425145,3.5
persistent_uncertain,-0.8433053414843146,0.49260641568144614,1.8188247599104483,3.5
persistent_uncertain,0.49260641568144614,0.23077388531884932,0.07007883798869688,3.5
persistent_uncertain,0.23077388531884932,-0.3427737757810516,-1.1495874316143633,3.5
persistent_uncertain,-0.3427737757810516,-0.22444625612504923,-1.7608111080379407,3.5
persistent_uncertain,-0.22444625612504923,-1.9989401147157262,1.8742643958210965,3.5
persistent_uncertain,-1.9989401147157262,-1.3448311181101864,-0.6992751223032642,3.5
persistent_uncertain,-1.3448311181101864,-0.2311558330077429,-0.44171093288439844,3.5
persistent_uncertain,-0.2311558330077429,0.14355839529621583,0.29721737450689917,3.5
persistent_uncertain,0.14355839529621583,-1.2691992033130615,-0.8837187972787401,3.5
persistent_uncertain,-1.2691992033130615,0.9068366099217532,-1.4595303715599466,3.5
persistent_uncertain,0.9068366099217532,1.0959283476897246,-0.6958781808105585,3.5
persistent_uncertain,1.0959283476897246,0.6836260751438629,0.4082501572302039,3.5
persistent_uncertain,0.6836260751438629,0.40792544087183713,0.09368158206734857,3.5
persistent_uncertain,0.40792544087183713,0.9089963611095351,-0.8674776000142205,3.5
persistent_uncertain,0.9089963611095351,0.5407385956506665,-0.3022241662587899,3.5
persistent_uncertain,0.5407385956506665,0.2785201222688644,1.7254269024808278,3.5
persistent_uncertain,0.2785201222688644,0.6544363685224371,1.2033427240846697,3.5
persistent_uncertain,0.6544363685224371,-0.35261415084581565,-0.3105452327848518,3.5
persistent_uncertain,-0.35261415084581565,0.30406154355391224,0.3100672762903011,3.5
persistent_uncertain,0.30406154355391224,-0.5041222543301862,-0.006934385853170539,3.5
persistent_uncertain,-0.5041222543301862,-0.040419813860472276,0.5200279960517563,3.5
persistent_uncertain,-0.040419813860472276,0.752714752498261,2.3474196607526454,3.5
persistent_uncertain,0.752714752498261,0.9279641922627678,-0.4233957099618182,3.5
persistent_uncertain,0.9279641922627678,1.2766112550728268,0.6770809966542214,3.5
persistent_uncertain,1.2766112550728268,0.631080555884133,0.3035318187985271,3.5
persistent_uncertain,0.631080555884133,-0.13723618657179731,0.4681381643716117,3.5
persistent_uncertain,-0.13723618657179731,0.6761532475049534,0.009675966022122848,3.5
persistent_uncertain,0.6761532475049534,0.3791350680172323,-0.8610418715555689,3.5
persistent_uncertain,0.3791350680172323,-0.3661222617920787,-0.5912067358948423,3.5
persistent_uncertain,-0.3661222617920787,-0.6708615497763968,-2.248010139263812,3.5
persistent_uncertain,-0.6708615497763968,-1.027549981390193,-1.214942327011077,3.5
persistent_uncertain,-1.027549981390193,-0.202194740262022,-0.4723304361366537,3.5
persistent_uncertain,-0.202194740262022,0.28761917810226534,0.8993859809000867,3.5
persistent_uncertain,0.28761917810226534,1.2937454379390199,0.9919186136580026,3.5
persistent_uncertain,1.2937454379390199,0.0911178587837913,0.12721083956157886,3.5
persistent_uncertain,0.0911178587837913,0.09930570221959759,-0.6210767768635581,3.5
persistent_uncertain,0.09930570221959759,0.002128422269647115,-1.1980892021485277,3.5
persistent_uncertain,0.002128422269647115,-1.5604066719969978,-1.6984555966883463,3.5
persistent_uncertain,-1.5604066719969978,-1.1805014534539366,0.02520830074285564,3.5
persistent_uncertain,-1.1805014534539366,-0.401330301046005,0.6088417993916722,3.5
persistent_uncertain,-0.401330301046005,-0.9157514443997313,-0.05432504617699341,3.5
persistent_uncertain,-0.9157514443997313,-1.6066161416840885,-1.1835555954387738,3.5
persistent_uncertain,-1.6066161416840885,0.5879265450524251,-1.2047406070527313,3.5
persistent_uncertain,0.5879265450524251,-0.5952088343729327,1.788318141563729,3.5
persistent_uncertain,-0.5952088343729327,0.6909207653777574,0.42779874103771565,3.5
persistent_uncertain,0.6909207653777574,0.7298258562119055,-0.34786934853822904,3.5
persistent_uncertain,0.7298258562119055,0.8409100353395385,1.1426059548778307,3.5
persistent_uncertain,0.8409100353395385,0.20638278024436207,0.2733609107410188,3.5
persistent_uncertain,0.20638278024436207,-0.5961194452709542,-1.6822176161703284,3.5
persistent_uncertain,-0.5961194452709542,0.6533004672072737,0.28576214125631755,3.5
persistent_uncertain,0.6533004672072737,1.8691268279303221,0.39478361632809605,3.5
persistent_uncertain,1.8691268279303221,0.7172557975064564,1.6101719459386585,3.5
persistent_uncertain,0.7172557975064564,1.4236046116802816,-0.7121094928901854,3.5
persistent_uncertain,1.4236046116802816,1.0275110228195914,0.9735585125212407,3.5
persistent_uncertain,1.0275110228195914,1.3305751028767707,0.901630366978864,3.5
persistent_uncertain,1.3305751028767707,0.8042939127050397,0.5289479368320946,3.5
persistent_uncertain,0.8042939127050397,0.05908591757088022,0.14272347796482251,3.5
persistent_uncertain,0.05908591757088022,-1.1229606265412804,0.08664042995136531,3.5
persistent_uncertain,-1.1229606265412804,-2.110214827522862,-0.18353262049083963,3.5
persistent_uncertain,-2.110214827522862,-1.6173501767069327,0.04041025282188876,3.5
persistent_uncertain,-1.6173501767069327,-1.3539464922932445,0.6594239764589348,3.5
persistent_uncertain,-1.3539464922932445,-1.878414227202441,-0.16610064597656082,3.5
persistent_uncertain,-1.878414227202441,-2.59190958557216,-0.8325536196495487,3.5
persistent_uncertain,-2.59190958557216,-2.490550180119639,-0.601471443141955,3.5
persistent_uncertain,-2.490550180119639,-1.5194533070844989,-0.5144785550625799,3.5
persistent_uncertain,-1.5194533070844989,-0.4671828267305742,-0.4078610708905298,3.5
persistent_uncertain,-0.4671828267305742,0.38038279770399064,0.0028867353544844016,3.5
persistent_uncertain,0.38038279770399064,0.2849293952164954,-1.5904620562207374,3.5
persistent_uncertain,0.2849293952164954,0.718648885490976,0.41495528065259923,3.5
persistent_uncertain,0.718648885490976,-0.4404424355882073,2.2133917660005187,3.5
persistent_uncertain,-0.4404424355882073,0.823657435299163,0.9488344594402867,3.5
persistent_uncertain,0.823657435299163,0.6243184498837049,-0.5353988562348493,3.5
persistent_uncertain,0.6243184498837049,-0.20156019268468578,-1.542619664523528,3.5
persistent_uncertain,-0.20156019268468578,-0.9088041307397647,-0.2543949470367801,3.5
persistent_uncertain,-0.9088041307397647,-1.531008109136485,-0.3738064769165204,3.5
persistent_uncertain,-1.531008109136485,-1.4069199666479577,-0.07963243625961355,3.5
persistent_uncertain,-1.4069199666479577,-0.45337342726659713,-1.1188158393084109,3.5
persistent_uncertain,-0.45337342726659713,-0.9467932937588293,-1.0251482044649682,3.5
persistent_uncertain,-0.9467932937588293,-0.06602801463893326,0.593697110043856,3.5
persistent_uncertain,-0.06602801463893326,-0.006435712175391864,-0.32827994904047586,3.5
persistent_uncertain,-0.006435712175391864,-1.334968201621226,1.159904532076481,3.5
persistent_uncertain,-1.334968201621226,-1.872381190388062,-1.2862474403108366,3.5
persistent_uncertain,-1.872381190388062,-2.1190930280305444,-2.0008330831770142,3.5
persistent_uncertain,-2.1190930280305444,-1.936033110962259,0.3240362793490712,3.5
persistent_uncertain,-1.936033110962259,-0.11477758095740631,-1.209611687806325,3.5
persistent_uncertain,-0.11477758095740631,1.6121281303926143,-0.8697906027707076,3.5
persistent_uncertain,1.6121281303926143,1.2844514213885228,0.8861905911974679,3.5
persistent_uncertain,1.2844514213885228,1.0659354548129283,-0.3550694670674847,3.5
persistent_uncertain,1.0659354548129283,0.11516508414895976,0.8828439101246884,3.5
persistent_uncertain,0.11516508414895976,0.8393982082945863,-0.6979697001476587,3.5
persistent_uncertain,0.8393982082945863,-0.1023577837597448,0.16210747218899135,3.5
persistent_uncertain,-0.1023577837597448,-0.5062010424476829,0.4463477887059212,3.5
persistent_uncertain,-0.5062010424476829,-0.3813052572613818,0.9841561524971961,3.5
persistent_uncertain,-0.3813052572613818,0.30405058338299373,0.7437643596343192,3.5
persistent_uncertain,0.30405058338299373,0.3545174127822169,-0.40975806771067014,3.5
persistent_uncertain,0.3545174127822169,-1.5412373485722353,-0.3500347893601899,3.5
persistent_uncertain,-1.5412373485722353,-0.9073609764678523,0.8439546127624971,3.5
persistent_uncertain,-0.9073609764678523,-1.0060614735050677,1.0328836411091646,3.5
persistent_uncertain,-1.0060614735050677,-0.5372287925198533,0.9593277144195183,3.5
persistent_uncertain,-0.5372287925198533,0.5631605910303425,-1.575114263870414,3.5
persistent_uncertain,0.5631605910303425,-0.8337523928593267,-1.6439440847709674,3.5
persistent_uncertain,-0.8337523928593267,-0.5026699978308373,0.024115096949058848,3.5
persistent_uncertain,-0.5026699978308373,0.27762026415813224,-1.1925454884892184,3.5
persistent_uncertain,0.27762026415813224,-0.9932691748815535,-0.47941430926488704,3.5
persistent_uncertain,-0.9932691748815535,0.23462592293336937,-0.011078046084920162,3.5
persistent_uncertain,0.23462592293336937,0.5916318113519176,-0.30940071803966995,3.5
persistent_uncertain,0.5916318113519176,0.5940213664680585,0.19611114049932216,3.5
persistent_uncertain,0.5940213664680585,-0.20420854647187686,1.7990489990029632,3.5
persistent_uncertain,-0.20420854647187686,0.12410655183534652,-1.2244906491702077,3.5
persistent_uncertain,0.12410655183534652,0.5821639954962982,0.11424437127332811,3.5
persistent_uncertain,0.5821639954962982,-0.21900341156016784,-0.7231136952149879,3.5
persistent_uncertain,-0.21900341156016784,-0.6636819535082628,-0.44388327673393657,3.5
persistent_uncertain,-0.6636819535082628,-1.1759558815864413,-1.2788322359253625,3.5
persistent_uncertain,-1.1759558815864413,-0.7084621409854169,0.34009971375498277,3.5
persistent_uncertain,-0.7084621409854169,-0.3163072925751033,-0.45376276986561614,3.5
persistent_uncertain,-0.3163072925751033,0.38725624490940724,1.7420573940031223,3.5
persistent_uncertain,0.38725624490940724,0.4828093823507731,1.0746310869484765,3.5
persistent_uncertain,0.4828093823507731,0.0044511178352237835,-1.6084672788174128,3.5
persistent_uncertain,0.0044511178352237835,-0.02414814869222391,0.6467006552678984,3.5
persistent_uncertain,-0.02414814869222391,-0.7081339738718767,-0.30369537300832544,3.5
persistent_uncertain,-0.7081339738718767,0.17887503387636516,-0.3675218654109142,3.5
persistent_uncertain,0.17887503387636516,-0.6176348859453769,1.2469315649289145,3.5
persistent_uncertain,-0.6176348859453769,-1.1131903143572295,2.343341416911892,3.5
persistent_uncertain,-1.1131903143572295,-0.7862219444087134,-1.3496366336428935,3.5
persistent_uncertain,-0.7862219444087134,-1.9852760110355203,-1.1396905813754683,3.5
persistent_uncertain,-1.9852760110355203,-1.1200777519995664,-1.0812507055172467,3.5
persistent_uncertain,-1.1200777519995664,0.15938300686657758,0.46944492830468554,3.5
persistent_uncertain,0.15938300686657758,0.5685242481902333,-0.6721360064517509,3.5
persistent_uncertain,0.5685242481902333,0.9187915018170543,0.9773683159472237,3.5
persistent_uncertain,0.9187915018170543,1.0210154797174218,-2.529357454793382,3.5
persistent_uncertain,1.0210154797174218,0.7530622278182677,-1.006605045379765,3.5
persistent_uncertain,0.7530622278182677,0.5050581193094485,0.9541769760202712,3.5
persistent_uncertain,0.5050581193094485,-0.48423748968601804,1.3158951332557425,3.5
persistent_uncertain,-0.48423748968601804,-0.09860384066058597,-1.3452785695762737,3.5
persistent_uncertain,-0.09860384066058597,0.5741249298090592,-1.5416951608581082,3.5
persistent_uncertain,0.5741249298090592,1.831214459138916,-0.4698180018618148,3.5
persistent_uncertain,1.831214459138916,1.0289514226828054,-0.37987070397013356,3.5
persistent_uncertain,1.0289514226828054,1.0191661430279129,-0.4435852796742792,3.5
persistent_uncertain,1.0191661430279129,1.0950676437594706,-0.7632273702808796,3.5
persistent_uncertain,1.0950676437594706,0.5110554727820908,2.87109373591856,3.5
persistent_uncertain,0.5110554727820908,0.046059318732278864,1.0815651398583286,3.5
persistent_uncertain,0.046059318732278864,-0.2580697386317479,-0.8526753347889889,3.5
persistent_uncertain,-0.2580697386317479,-0.37906781303698134,-0.7755675035600594,3.5
persistent_uncertain,-0.37906781303698134,0.9203709079040822,-0.03000772548323491,3.5
persistent_uncertain,0.9203709079040822,-0.5670002106972203,0.6237943125036293,3.5
persistent_uncertain,-0.5670002106972203,-1.2689584524503554,1.7633301527974694,3.5
persistent_uncertain,-1.2689584524503554,-1.9487571201076217,1.2658427042563012,3.5
persistent_uncertain,-1.9487571201076217,-1.1569996474106543,0.16244199145690616,3.5
persistent_uncertain,-1.1569996474106543,-0.40459913022138294,-0.5923154386086825,3.5
persistent_uncertain,-0.40459913022138294,-1.0022365471083112,1.1330689618923762,3.5
persistent_uncertain,-1.0022365471083112,-0.04042053492835207,0.892702176275896,3.5
persistent_uncertain,-0.04042053492835207,-0.7850631379919742,-1.0285503402762874,3.5
persistent_uncertain,-0.7850631379919742,0.5687380249282895,-1.882648910516874,3.5
persistent_uncertain,0.5687380249282895,0.48197335517384743,-0.23253736523357085,3.5
persistent_uncertain,0.48197335517384743,1.0607187215988358,0.3625913449433001,3.5
persistent_uncertain,1.0607187215988358,-0.24812268633876033,-0.12068030832174349,3.5
persistent_uncertain,-0.24812268633876033,0.4992758050995464,-0.6467919466713986,3.5
persistent_uncertain,0.4992758050995464,0.4722385315704162,-1.023236400590791,3.5
persistent_uncertain,0.4722385315704162,-0.07554407176235306,1.6642089585524396,3.5
persistent_uncertain,-0.07554407176235306,-1.214601869916786,-0.19171645417604244,3.5
persistent_uncertain,-1.214601869916786,-0.2745572292741768,-1.2104910651315643,3.5
persistent_uncertain,-0.2745572292741768,0.3389597439857317,-1.2142431203885868,3.5
persistent_uncertain,0.3389597439857317,-0.00041324256479019494,0.43035315244179,3.5
persistent_uncertain,-0.00041324256479019494,0.7188159129557454,-1.2225428405767207,3.5
persistent_uncertain,0.7188159129557454,1.2545688421268744,1.5981777458837996,3.5
persistent_uncertain,1.2545688421268744,1.7537947338308744,-1.5934156613406658,3.5
persistent_uncertain,1.7537947338308744,0.5501520597996786,-0.9214442612260083,3.5
persistent_uncertain,0.5501520597996786,0.9462391560487244,-1.8453743742839712,3.5
persistent_uncertain,0.9462391560487244,0.8456124164747824,0.5567925323703808,3.5
persistent_uncertain,0.8456124164747824,0.1409703904832949,-1.708914329332241,3.5
persistent_uncertain,0.1409703904832949,0.2599573601693402,-1.720069084737604,3.5
persistent_uncertain,0.2599573601693402,-0.16462105653500206,0.5183601790851777,3.5
persistent_uncertain,-0.16462105653500206,0.7559513388591825,1.0138105079134627,3.5
persistent_uncertain,0.7559513388591825,0.4895382084748344,-0.749449825260665,3.5
persistent_uncertain,0.4895382084748344,0.689084636034397,1.4332686926145373,3.5
persistent_uncertain,0.689084636034397,1.1960311824170562,0.9487231602662028,3.5
persistent_uncertain,1.1960311824170562,2.304337435059226,-2.0989585899849064,3.5
persistent_uncertain,2.304337435059226,2.2289518417395455,0.8157974993178914,3.5
persistent_uncertain,2.2289518417395455,0.7566620527817027,1.7756869415024383,3.5
persistent_uncertain,0.7566620527817027,1.7151400810704729,0.16773328909679697,3.5
persistent_uncertain,1.7151400810704729,1.4686272164030896,-0.8855092169029242,3.5
persistent_uncertain,1.4686272164030896,1.9687445270765873,-0.20682732530596262,3.5
persistent_uncertain,1.9687445270765873,1.5888152019576232,-0.7609567410584182,3.5
persistent_uncertain,1.5888152019576232,0.9450717467926981,0.40065671803932223,3.5
persistent_uncertain,0.9450717467926981,-0.30052421410836483,1.2794887939579704,3.5
persistent_uncertain,-0.30052421410836483,-0.03907329119950717,0.33214164814972813,3.5
persistent_uncertain,-0.03907329119950717,0.6183838968260781,0.4324827472249176,3.5
persistent_uncertain,0.6183838968260781,0.08919248746869946,2.285285427724496,3.5
persistent_uncertain,0.08919248746869946,-0.31047821570121037,0.1874819109637703,3.5
persistent_uncertain,-0.31047821570121037,-0.7056033477144914,1.5117266072493307,3.5
persistent_uncertain,-0.7056033477144914,-0.5851787903815269,-1.1771760464804866,3.5
persistent_uncertain,-0.5851787903815269,-0.30590691338187104,-0.6399698088500498,3.5
persistent_uncertain,-0.30590691338187104,0.4345640531525339,0.9393716549337259,3.5
persistent_uncertain,0.4345640531525339,0.1006417444674638,1.597058103353158,3.5
persistent_uncertain,0.1006417444674638,0.25005021305462233,1.3344528241168598,3.5
persistent_uncertain,0.25005021305462233,-0.5502732105047161,1.1459335561882042,3.5
persistent_uncertain,-0.5502732105047161,0.3558186123990656,0.37902760422383935,3.5
persistent_uncertain,0.3558186123990656,0.29211329051469664,1.0075935511092937,3.5
persistent_uncertain,0.29211329051469664,-0.7931654760975024,1.3025344199647921,3.5
persistent_uncertain,-0.7931654760975024,-1.245282662906189,-0.07719358878877086,3.5
persistent_uncertain,-1.245282662906189,-1.0032071340862556,-2.0688460084246785,3.5
persistent_uncertain,-1.0032071340862556,0.15846316821768192,-0.9549484634251213,3.5
persistent_uncertain,0.15846316821768192,0.1879545126412998,2.300531228115569,3.5
persistent_uncertain,0.1879545126412998,1.3670009932519671,0.046237490102281946,3.5
persistent_uncertain,1.3670009932519671,1.3606211085642113,-0.11671391640269636,3.5
persistent_uncertain,1.3606211085642113,0.3706158452611521,-0.6714069083629057,3.5
persistent_uncertain,0.3706158452611521,-0.2608471124270984,0.30606884761955055,3.5
persistent_uncertain,-0.2608471124270984,1.1268827790117502,-0.5936237131097837,3.5
persistent_uncertain,1.1268827790117502,0.28913987117803863,1.2037919973838882,3.5
persistent_uncertain,0.28913987117803863,-0.3610771929193348,0.6008500032112183,3.5
persistent_uncertain,-0.3610771929193348,-0.9009902885410841,-2.08413326794513,3.5
persistent_uncertain,-0.9009902885410841,-1.6031576084742305,-0.8161434017384455,3.5
persistent_uncertain,-1.6031576084742305,-0.5542552475415168,-0.23321606843252926,3.5
persistent_uncertain,-0.5542552475415168,0.3109134940534219,-0.6928079010821279,3.5
persistent_uncertain,0.3109134940534219,-0.5294451017668553,-0.19258596519509402,3.5
persistent_uncertain,-0.5294451017668553,0.9306346224902317,0.33302182314448314,3.5
persistent_uncertain,0.9306346224902317,1.436853930657867,-0.34193998281022353,3.5
persistent_uncertain,1.436853930657867,0.8267050167961632,-1.0990456588636146,3.5
persistent_uncertain,0.8267050167961632,-0.4518489558283084,0.23311609083328091,3.5
persistent_uncertain,-0.4518489558283084,-0.5999120344052942,-0.5137535260767226,3.5
persistent_uncertain,-0.5999120344052942,-0.7094468038600485,-0.8766954157123064,3.5
persistent_uncertain,-0.7094468038600485,0.04924033106244108,-0.831471844696075,3.5
persistent_uncertain,0.04924033106244108,-0.2484073484519669,1.9315907723353043,3.5
persistent_uncertain,-0.2484073484519669,0.5488237698845978,0.0750798150992118,3.5
persistent_uncertain,0.5488237698845978,2.257174069933557,-0.9280004409418013,3.5
persistent_uncertain,2.257174069933557,1.0859895455338218,-0.2797374651025921,3.5
persistent_uncertain,1.0859895455338218,0.35282649975459246,-0.7457837495491457,3.5
persistent_uncertain,0.35282649975459246,1.2165577611498355,-0.6983967868626363,3.5
persistent_uncertain,1.2165577611498355,2.268976741767552,-0.5782659769446703,3.5
persistent_uncertain,2.268976741767552,0.2376550284484531,0.7910992473346423,3.5
persistent_uncertain,0.2376550284484531,-0.23407440337951732,-0.2037733677626693,3.5
persistent_uncertain,-0.23407440337951732,-1.3770572376943997,-0.8556283189175922,3.5
persistent_uncertain,-1.3770572376943997,-0.6929987770466344,1.0376142405575324,3.5
persistent_uncertain,-0.6929987770466344,-0.3853770280719682,0.1437479564891948,3.5
persistent_uncertain,-0.3853770280719682,-0.8520136203401555,-0.07493798282369327,3.5
persistent_uncertain,-0.8520136203401555,-0.40319996990538465,0.05223797539410596,3.5
persistent_uncertain,-0.40319996990538465,0.6381663369254821,-0.26357681189718424,3.5
persistent_uncertain,0.6381663369254821,-1.9016857864012706,0.7233434549267399,3.5
persistent_uncertain,-1.9016857864012706,-2.5829317596660903,-1.0262601693313815,3.5
persistent_uncertain,-2.5829317596660903,-2.4523074275690964,-1.1508140713129726,3.5
persistent_uncertain,-2.4523074275690964,-1.7946293953027037,0.0813877808867178,3.5
persistent_uncertain,-1.7946293953027037,-0.9659671289229008,-1.5997403863862125,3.5
persistent_uncertain,-0.9659671289229008,-0.5304153380078993,-1.23084589820569,3.5
persistent_uncertain,-0.5304153380078993,0.9937646946823158,0.15047956167587057,3.5
persistent_uncertain,0.9937646946823158,0.798371839121921,2.222433457234361,3.5
persistent_uncertain,0.798371839121921,0.022929674005610523,-0.051031466041266946,3.5
persistent_uncertain,0.022929674005610523,-0.5772469141462441,0.3889419933722248,3.5
persistent_uncertain,-0.5772469141462441,-1.9651663268315434,-1.3512417680049669,3.5
persistent_uncertain,-1.9651663268315434,-1.5334421664940703,-0.7599781590906768,3.5
persistent_uncertain,-1.5334421664940703,-0.6770799848336745,2.066633936752978,3.5
persistent_uncertain,-0.6770799848336745,-1.3380357356643693,0.06500862623652717,3.5
persistent_uncertain,-1.3380357356643693,-0.2898995034257321,0.10579044479660704,3.5
persistent_uncertain,-0.2898995034257321,-1.1940943294861273,-0.8361730938649736,3.5
persistent_uncertain,-1.1940943294861273,-0.33958933826267923,0.8387308365867449,3.5
persistent_uncertain,-0.33958933826267923,-0.3660761406789598,0.4759193540314976,3.5
persistent_uncertain,-0.3660761406789598,1.0562772634247615,0.8459302786494574,3.5
persistent_uncertain,1.0562772634247615,1.0141084814331642,1.012144629698531,3.5
persistent_uncertain,1.0141084814331642,0.9361685669645377,-0.37811230146235286,3.5
persistent_uncertain,0.9361685669645377,0.41089145404446037,-0.7361087677018296,3.5
persistent_uncertain,0.41089145404446037,-0.5313392673199362,-0.09402273611540529,3.5
persistent_uncertain,-0.5313392673199362,-0.823473731830688,-0.00767898624618691,3.5
persistent_uncertain,-0.823473731830688,-1.3140785177395422,0.5420035691859706,3.5
persistent_uncertain,-1.3140785177395422,-2.0744884706886113,-0.2839794033382222,3.5
persistent_uncertain,-2.0744884706886113,-0.5312145363157177,-1.942874038657027,3.5
persistent_uncertain,-0.5312145363157177,0.434938658516388,1.7384284510999033,3.5
persistent_uncertain,0.434938658516388,0.7525017282909066,0.8212170844333712,3.5
persistent_uncertain,0.7525017282909066,1.0134983466517118,-1.3331987223517143,3.5
persistent_uncertain,1.0134983466517118,-0.2879237611592891,1.9802377321597116,3.5
persistent_uncertain,-0.2879237611592891,-2.256349126908368,-1.3877087785399862,3.5
persistent_uncertain,-2.256349126908368,-1.1785867445348495,-2.1240194515846706,3.5
persistent_uncertain,-1.1785867445348495,-0.42373428950503944,-1.5293569841122328,3.5
persistent_uncertain,-0.42373428950503944,0.16002011099804964,1.4077699820466774,3.5
persistent_uncertain,0.16002011099804964,0.8064265419942007,0.16059262683084213,3.5
persistent_uncertain,0.8064265419942007,1.1551051835520116,-0.5162277858431764,3.5
persistent_uncertain,1.1551051835520116,0.3659278331000162,-0.17640995426547512,3.5
persistent_uncertain,0.3659278331000162,0.8191630856444774,1.1170821875594386,3.5
persistent_uncertain,0.8191630856444774,1.0988786745036012,-0.6419344210773315,3.5
persistent_uncertain,1.0988786745036012,2.0515812817962447,0.49800067881413645,3.5
persistent_uncertain,2.0515812817962447,2.04707966439029,0.17203396372861024,3.5
persistent_uncertain,2.04707966439029,1.714196667544249,0.1602763299879204,3.5
persistent_uncertain,1.714196667544249,1.4554148420854496,0.9942136468662459,3.5
persistent_uncertain,1.4554148420854496,0.4885930631648787,0.14402981173818077,3.5
persistent_uncertain,0.4885930631648787,0.15464475296057137,0.6145039307072692,3.5
persistent_uncertain,0.15464475296057137,0.8519669971955164,-0.007679156168619233,3.5
persistent_uncertain,0.8519669971955164,-0.7775056667823225,-1.3576654614249517,3.5
persistent_uncertain,-0.7775056667823225,-1.1953606849198584,-0.6762335938963379,3.5
persistent_uncertain,-1.1953606849198584,-0.2214718505980281,0.35898689089017555,3.5
persistent_uncertain,-0.2214718505980281,-0.6190515522498702,2.7362956825005202,3.5
persistent_uncertain,-0.6190515522498702,-1.648401708115086,-0.48998354517163467,3.5
persistent_uncertain,-1.648401708115086,-0.7923137451967678,1.040373994675271,3.5
persistent_uncertain,-0.7923137451967678,-0.05288099582509298,-0.8164358781155395,3.5
persistent_uncertain,-0.05288099582509298,0.3174095558540749,0.604734055437263,3.5
persistent_uncertain,0.3174095558540749,0.49386024190980343,1.2677665357282177,3.5
persistent_uncertain,0.49386024190980343,-0.6604734814913141,0.26604754267599795,3.5
persistent_uncertain,-0.6604734814913141,1.5969422101186457,0.191419152749852,3.5
persistent_uncertain,1.5969422101186457,0.6173792755263581,-0.23068063209866937,3.5
persistent_uncertain,0.6173792755263581,-0.0290501486363407,0.471321085956242,3.5
persistent_uncertain,-0.0290501486363407,0.5564558742598847,0.47069012726461296,3.5
persistent_uncertain,0.5564558742598847,0.9489810059486206,1.0698794239092806,3.5
persistent_uncertain,0.9489810059486206,0.8209867612833456,0.11550546156702732,3.5
persistent_uncertain,0.8209867612833456,0.8645818720963564,-0.3179389677802086,3.5
persistent_uncertain,0.8645818720963564,1.2329843443155788,-0.12142536838603278,3.5
persistent_uncertain,1.2329843443155788,1.2956760138274528,0.05703714719824015,3.5
persistent_uncertain,1.2956760138274528,0.4274103159793933,0.7535330417594344,3.5
persistent_uncertain,0.4274103159793933,0.530356494708871,1.2700323870874224,3.5
persistent_uncertain,0.530356494708871,0.776403371939541,-0.9134224081522038,3.5
persistent_uncertain,0.776403371939541,0.9481213167680091,1.1872945587501291,3.5
persistent_uncertain,0.9481213167680091,0.7742995037262353,0.3843228332569563,3.5
persistent_uncertain,0.7742995037262353,-0.08594134488643046,-0.8132871623449899,3.5
persistent_uncertain,-0.08594134488643046,0.4216928247272514,-0.5186628555850151,3.5
persistent_uncertain,0.4216928247272514,0.9537755161232212,-1.1564675915936802,3.5
persistent_uncertain,0.9537755161232212,1.0935414969460224,-1.2600095926821155,3.5
persistent_uncertain,1.0935414969460224,-0.3399852513499555,-0.27419836615164245,3.5
persistent_uncertain,-0.3399852513499555,0.14351468253600252,0.2741960236243265,3.5
persistent_uncertain,0.14351468253600252,1.388540817947422,-0.2474552412026855,3.5
persistent_uncertain,1.388540817947422,1.4831805817385888,0.7659928926657393,3.5
persistent_uncertain,1.4831805817385888,0.8260469789161682,0.6941710475501702,3.5
persistent_uncertain,0.8260469789161682,0.9345670384140211,0.6244234258961865,3.5
persistent_uncertain,0.9345670384140211,0.7130105226588995,0.5697754500653684,3.5
persistent_uncertain,0.7130105226588995,0.3682424152446335,0.47258566594765533,3.5
persistent_uncertain,0.3682424152446335,0.7770929340069551,-1.9816154050138233,3.5
persistent_uncertain,0.7770929340069551,0.8900030748738161,0.33917175977174135,3.5
persistent_uncertain,0.8900030748738161,0.19652729610638892,-1.9052486922107583,3.5
persistent_uncertain,0.19652729610638892,1.6132997369144293,1.1630399985390054,3.5
persistent_uncertain,1.6132997369144293,2.0261030785911034,-0.6610789197900485,3.5
persistent_uncertain,2.0261030785911034,0.2905966938431126,-0.3808548062010255,3.5
persistent_uncertain,0.2905966938431126,0.20742172143185147,-0.955514439787406,3.5
persistent_uncertain,0.20742172143185147,0.21071388112510997,0.6009875522695652,3.5
persistent_uncertain,0.21071388112510997,-1.6957854053758576,-1.0081063799792127,3.5
persistent_uncertain,-1.6957854053758576,-2.0579225048481593,-0.45026601506614583,3.5
persistent_uncertain,-2.0579225048481593,-0.5658071419139843,-1.1594833000336329,3.5
persistent_uncertain,-0.5658071419139843,-0.3280463261593538,0.0006145046395252818,3.5
persistent_uncertain,-0.3280463261593538,0.20425646804011596,-1.205390868596122,3.5
persistent_uncertain,0.20425646804011596,0.4101224400832117,0.31241646144572227,3.5
persistent_uncertain,0.4101224400832117,0.4303456150180883,-0.2079730066411244,3.5
persistent_uncertain,0.4303456150180883,0.04002309542273841,-0.899212996292965,3.5
persistent_uncertain,0.04002309542273841,-0.8425738810280808,-0.2523033354710401,3.5
persistent_uncertain,-0.8425738810280808,-1.8299307536624592,-0.824128253438909,3.5
persistent_uncertain,-1.8299307536624592,-1.8295963731588116,-1.427418257433252,3.5
persistent_uncertain,-1.8295963731588116,-0.5797828230666535,-0.7454704340684394,3.5
persistent_uncertain,-0.5797828230666535,0.4230665204796988,-2.7466153811853484,3.5
persistent_uncertain,0.4230665204796988,1.402303032462252,-0.3053776338711408,3.5
persistent_uncertain,1.402303032462252,0.9947425681477077,0.3610334041855497,3.5
persistent_uncertain,0.9947425681477077,0.17677598589744592,-0.9854344721993626,3.5
persistent_uncertain,0.17677598589744592,1.3342749000892284,0.04917886102361001,3.5
persistent_uncertain,1.3342749000892284,1.8469403299709426,0.7534615046792578,3.5
persistent_uncertain,1.8469403299709426,1.8190088718803903,-1.1075811942639882,3.5
persistent_uncertain,1.8190088718803903,1.7531829334641809,1.6200524423437457,3.5
persistent_uncertain,1.7531829334641809,1.0204495360797314,-0.739558683493117,3.5
persistent_uncertain,1.0204495360797314,1.7609964260261666,0.5663237246946188,3.5
persistent_uncertain,1.7609964260261666,0.014537519487757056,0.13606853360583107,3.5
persistent_uncertain,0.014537519487757056,-0.18355513984181845,1.0078446128434175,3.5
persistent_uncertain,-0.18355513984181845,0.42585127741711803,-0.5855139917439611,3.5
persistent_uncertain,0.42585127741711803,0.43523898884170115,-0.13128726915306865,3.5
persistent_uncertain,0.43523898884170115,1.6247175589645324,0.8707658190485104,3.5
persistent_uncertain,1.6247175589645324,1.5943726310844735,1.4766096203204433,3.5
persistent_uncertain,1.5943726310844735,0.7297750094659132,0.45467878550203045,3.5
persistent_uncertain,0.7297750094659132,0.02474450536616124,0.8918858567107195,3.5
persistent_uncertain,0.02474450536616124,-1.5157224397605877,-1.544391786670291,3.5
persistent_uncertain,-1.5157224397605877,-0.04888223079375975,-1.2412422574536408,3.5
persistent_uncertain,-0.04888223079375975,0.18581724151114115,-0.24549292067326553,3.5
persistent_uncertain,0.18581724151114115,0.7531236657889293,0.23310914948924574,3.5
persistent_uncertain,0.7531236657889293,-0.23591505352958353,0.48939302475401,3.5
persistent_uncertain,-0.23591505352958353,-0.8262609206271199,1.2560813504965491,3.5
persistent_uncertain,-0.8262609206271199,-0.05967502213916687,-0.10155945792664206,3.5
persistent_uncertain,-0.05967502213916687,-0.31780946927712644,0.5442342637681837,3.5
persistent_uncertain,-0.31780946927712644,-0.1506166625670592,0.43879187391743396,3.5
persistent_uncertain,-0.1506166625670592,1.1692528457883942,-0.8814751052814362,3.5
persistent_uncertain,1.1692528457883942,1.2861960225233924,-1.9145767280744206,3.5
persistent_uncertain,1.2861960225233924,1.3681786546749601,-0.13879014596960934,3.5
persistent_uncertain,1.3681786546749601,1.3219717405062976,-0.24592269313061962,3.5
persistent_uncertain,1.3219717405062976,0.7392690334264134,1.3340305876099907,3.5
persistent_uncertain,0.7392690334264134,1.2489876227381438,0.3695715016227519,3.5
persistent_uncertain,1.2489876227381438,1.2198488422724676,0.8222807058853364,3.5
persistent_uncertain,1.2198488422724676,2.8623102067271304,-0.33415197127499846,3.5
persistent_uncertain,2.8623102067271304,2.758001994319282,-0.3472114367382469,3.5
persistent_uncertain,2.758001994319282,0.9257758418117021,0.6797028029722929,3.5
persistent_uncertain,0.9257758418117021,0.6075459844225505,1.4573640930876037,3.5
persistent_uncertain,0.6075459844225505,-0.04384863579402004,-1.3392586755574705,3.5
persistent_uncertain,-0.04384863579402004,1.2631908076287977,-0.3046871819120549,3.5
persistent_uncertain,1.2631908076287977,1.0075439088301172,-1.3474035529204653,3.5
persistent_uncertain,1.0075439088301172,-0.031192467135055635,-1.0459235153413493,3.5
persistent_uncertain,-0.031192467135055635,-0.10360565986359274,0.606591865316598,3.5
persistent_uncertain,-0.10360565986359274,0.9001654327651064,0.28338073364007393,3.5
persistent_uncertain,0.9001654327651064,1.4400098426093693,-0.5279168967125192,3.5
persistent_uncertain,1.4400098426093693,1.335663993236735,0.015428412407191686,3.5
persistent_uncertain,1.335663993236735,1.2609736846179702,1.3945243244468042,3.5
persistent_uncertain,1.2609736846179702,0.11972653940817368,-0.9165754398855047,3.5
persistent_uncertain,0.11972653940817368,-0.04851334132606165,0.845109853731795,3.5
persistent_uncertain,-0.04851334132606165,-0.008048484227308524,-0.07757615323206285,3.5
persistent_uncertain,-0.008048484227308524,-0.5026092510617548,-2.489678004049772,3.5
persistent_uncertain,-0.5026092510617548,-0.0814875733384467,0.7323396887782004,3.5
persistent_uncertain,-0.0814875733384467,-0.7675229098539075,1.8521068639756373,3.5
persistent_uncertain,-0.7675229098539075,0.30976630863125676,-0.661114673440361,3.5
persistent_uncertain,0.30976630863125676,-0.19729615455439023,-0.40047334477868035,3.5
persistent_uncertain,-0.19729615455439023,-0.7696917875616341,-0.8994213884517029,3.5
persistent_uncertain,-0.7696917875616341,-1.3283035001364274,-0.002998621345443514,3.5
persistent_uncertain,-1.3283035001364274,-1.1479633631200832,-0.053787279233278903,3.5
persistent_uncertain,-1.1479633631200832,-0.4903465370496505,1.0935878983352012,3.5
persistent_uncertain,-0.4903465370496505,-0.09590622517323877,0.5569771704174671,3.5
persistent_uncertain,-0.09590622517323877,-0.5806964239862015,-0.0016268604806562066,3.5
persistent_uncertain,-0.5806964239862015,-0.2621211546449006,-0.3706069919899274,3.5
persistent_uncertain,-0.2621211546449006,-0.9804149673393381,1.0445424248700066,3.5
persistent_uncertain,-0.9804149673393381,-0.7716734239555969,-0.436495484801434,3.5
persistent_uncertain,-0.7716734239555969,-0.15946083283479695,-0.36066655993508584,3.5
persistent_uncertain,-0.15946083283479695,-0.014504777645750172,0.7149813681774361,3.5
persistent_uncertain,-0.014504777645750172,-0.4464805701032135,0.9053136623985635,3.5
persistent_uncertain,-0.4464805701032135,-0.9602266558489607,-0.6632742271813832,3.5
persistent_uncertain,-0.9602266558489607,-0.5257872246057731,-0.5624171860226082,3.5
persistent_uncertain,-0.5257872246057731,-0.4589420895648682,2.390616748585002,3.5
persistent_uncertain,-0.4589420895648682,-1.7546842871576387,-1.6040753075211622,3.5
persistent_uncertain,-1.7546842871576387,-2.062276261470288,0.1854342156004935,3.5
persistent_uncertain,-2.062276261470288,-1.7556958046720337,-0.5479208283076212,3.5
persistent_uncertain,-1.7556958046720337,-1.2158944352007268,1.7419500295797934,3.5
persistent_uncertain,-1.2158944352007268,-1.0200248876154592,-0.536802311365665,3.5
persistent_uncertain,-1.0200248876154592,0.2161543086733877,-0.6133834993395224,3.5
persistent_uncertain,0.2161543086733877,-0.7596660209546418,0.01248283147509728,3.5
persistent_uncertain,-0.7596660209546418,0.43416105082259315,-0.7980682683445329,3.5
persistent_uncertain,0.43416105082259315,-0.0437768652752184,1.1928158263535606,3.5
persistent_uncertain,-0.0437768652752184,0.1603074511398271,0.9736390297857649,3.5
persistent_uncertain,0.1603074511398271,-0.2064553480175607,0.6126933521970288,3.5
persistent_uncertain,-0.2064553480175607,-0.019900087350015028,0.7928036370489907,3.5
persistent_uncertain,-0.019900087350015028,-1.1355986489463545,-0.6409274725865967,3.5
persistent_uncertain,-1.1355986489463545,0.24107299934573956,-0.48567720555328175,3.5
persistent_uncertain,0.24107299934573956,-0.21616578977199952,0.8530035824992103,3.5
persistent_uncertain,-0.21616578977199952,-0.23542625121402114,-0.43448361571720784,3.5
persistent_uncertain,-0.23542625121402114,-1.856385960376328,-0.3468014705590171,3.5
persistent_uncertain,-1.856385960376328,-1.3812427907259344,-1.4360942085699944,3.5
persistent_uncertain,-1.3812427907259344,-1.4501622219622337,-0.5352147927772264,3.5
persistent_uncertain,-1.4501622219622337,-0.4481272650342648,-0.5020583770078827,3.5
persistent_uncertain,-0.4481272650342648,-0.015690071233529113,-0.0016328467337075395,3.5
persistent_uncertain,-0.015690071233529113,-0.33434002694806375,0.16413971394479582,3.5
persistent_uncertain,-0.33434002694806375,-1.254509722419293,-0.6054256572807046,3.5
persistent_uncertain,-1.254509722419293,0.16093864007659153,0.6113439991411632,3.5
persistent_uncertain,0.16093864007659153,-0.08492659091862574,0.09274977044551329,3.5
persistent_uncertain,-0.08492659091862574,0.7556149454172829,0.4077879518596098,3.5
persistent_uncertain,0.7556149454172829,1.3623617513415534,0.10102801867826805,3.5
persistent_uncertain,1.3623617513415534,2.146716717167759,-0.4903051019022666,3.5
persistent_uncertain,2.146716717167759,0.643978491377657,0.3748371380718426,3.5
persistent_uncertain,0.643978491377657,-0.32386741845648603,-0.17272413295223685,3.5
persistent_uncertain,-0.32386741845648603,-0.46374072752742423,-0.46639262380536367,3.5
persistent_uncertain,-0.46374072752742423,-0.7856205625462901,-0.7420392509327656,3.5
persistent_uncertain,-0.7856205625462901,0.040653890662133096,-2.7905243729048426,3.5
persistent_uncertain,0.040653890662133096,0.3523111921426092,1.5033992026953844,3.5
persistent_uncertain,0.3523111921426092,0.8322642046474455,0.5055089805274712,3.5
persistent_uncertain,0.8322642046474455,0.8415249736743229,1.4972996937812417,3.5
persistent_uncertain,0.8415249736743229,1.041807291842819,-0.026907809554154186,3.5
persistent_uncertain,1.041807291842819,1.2299229743850812,0.7510933031719776,3.5
persistent_uncertain,1.2299229743850812,1.1019285555234104,-0.34901472147540247,3.5
persistent_uncertain,1.1019285555234104,0.5201442535962506,-1.6063272085169338,3.5
persistent_uncertain,0.5201442535962506,1.4081957156502625,1.3592199508027965,3.5
persistent_uncertain,1.4081957156502625,0.8881496394099642,0.8107828923395682,3.5
persistent_uncertain,0.8881496394099642,-0.42321505290079087,1.7523347268962401,3.5
persistent_uncertain,-0.42321505290079087,-1.5982975697393695,0.668059158568929,3.5
persistent_uncertain,-1.5982975697393695,-0.6355291504147104,1.5316608322240572,3.5
persistent_uncertain,-0.6355291504147104,-0.5946609981627947,-2.293526870291797,3.5
persistent_uncertain,-0.5946609981627947,-0.6329883839337057,1.7584785424090117,3.5
persistent_uncertain,-0.6329883839337057,-1.325312044048739,-0.22807849269012662,3.5
persistent_uncertain,-1.325312044048739,-0.6634089778081401,0.624928587522844,3.5
persistent_uncertain,-0.6634089778081401,0.38728378912199746,-1.0533318521309216,3.5
persistent_uncertain,0.38728378912199746,0.6585208247621519,-1.009913443636077,3.5
persistent_uncertain,0.6585208247621519,-0.18308245864267514,1.9748761518338884,3.5
persistent_uncertain,-0.18308245864267514,-0.11784917459255899,-1.9041718966584102,3.5
persistent_uncertain,-0.11784917459255899,0.15351442846859442,0.7007848641364208,3.5
persistent_uncertain,0.15351442846859442,-0.47890824726875897,0.5504257212178556,3.5
persistent_uncertain,-0.47890824726875897,-1.1152437230044483,0.5606980366744491,3.5
persistent_uncertain,-1.1152437230044483,-1.563087626118321,-1.0222351122997206,3.5
persistent_uncertain,-1.563087626118321,0.3428229122812436,0.3459503394660668,3.5
persistent_uncertain,0.3428229122812436,1.3950700372974005,-0.8710537627104704,3.5
persistent_uncertain,1.3950700372974005,1.0360607214825979,-0.6645646120376862,3.5
persistent_uncertain,1.0360607214825979,0.9730838341808716,-0.37433533847589934,3.5
persistent_uncertain,0.9730838341808716,1.6526391139517194,1.2479841149181827,3.5
persistent_uncertain,1.6526391139517194,2.100528480692728,0.04886278091668057,3.5
persistent_uncertain,2.100528480692728,2.1627547208906535,0.14549981870238793,3.5
persistent_uncertain,2.1627547208906535,1.0146346681075284,0.8938372712956284,3.5
persistent_uncertain,1.0146346681075284,0.14609872506460841,1.0404938047906211,3.5
persistent_uncertain,0.14609872506460841,0.16795624853842483,-0.7873667890298863,3.5
persistent_uncertain,0.16795624853842483,0.8032660376085614,1.7823751173345193,3.5
persistent_uncertain,0.8032660376085614,1.1472257554374234,0.4820683917528197,3.5
persistent_uncertain,1.1472257554374234,0.8431724858744228,0.19602032320851398,3.5
persistent_uncertain,0.8431724858744228,0.14673911367054499,-1.726158167299164,3.5
persistent_uncertain,0.14673911367054499,1.3952352608312106,-0.3206222430979699,3.5
persistent_uncertain,1.3952352608312106,0.4475610821850631,0.3260486313073787,3.5
persistent_uncertain,0.4475610821850631,0.509591611925749,0.7379842955240523,3.5
persistent_uncertain,0.509591611925749,0.6156158359874473,0.3506778248193863,3.5
persistent_uncertain,0.6156158359874473,0.9045188386175658,-0.26530819639193715,3.5
persistent_uncertain,0.9045188386175658,1.8015593442568694,-0.08867214918956616,3.5
persistent_uncertain,1.8015593442568694,-0.04445964292016691,-1.0704296791804657,3.5
persistent_uncertain,-0.04445964292016691,-1.9980661413041463,-0.9774245628991551,3.5
persistent_uncertain,-1.9980661413041463,-1.0105619591859079,0.6895202584904854,3.5
persistent_uncertain,-1.0105619591859079,0.11947200976388883,-0.37764734157202484,3.5
persistent_uncertain,0.11947200976388883,0.841517933371436,0.6043031495681495,3.5
persistent_uncertain,0.841517933371436,1.2126023830570716,0.6490377726051272,3.5
persistent_uncertain,1.2126023830570716,0.9130005623991468,1.7481051553966451,3.5
persistent_uncertain,0.9130005623991468,0.5796065357538059,-0.7084573520335188,3.5
persistent_uncertain,0.5796065357538059,1.9448536846295363,0.009360980248795558,3.5
persistent_uncertain,1.9448536846295363,0.9116732253322284,-1.8930548482567928,3.5
persistent_uncertain,0.9116732253322284,1.5373840388008453,-0.6063630345964545,3.5
persistent_uncertain,1.5373840388008453,0.9936047762191167,-0.2388176607715683,3.5
persistent_uncertain,0.9936047762191167,0.7518464822354777,1.7909347367799227,3.5
persistent_uncertain,0.7518464822354777,-0.1720656509928451,0.27074195131547873,3.5
persistent_uncertain,-0.1720656509928451,-0.34678319470839053,-0.8491085414964883,3.5
persistent_uncertain,-0.34678319470839053,-0.8102128115439792,1.7175345450300215,3.5
persistent_uncertain,-0.8102128115439792,-1.858287713538339,2.333636009167192,3.5
persistent_uncertain,-1.858287713538339,-2.2034587582464833,0.8673347034879002,3.5
persistent_uncertain,-2.2034587582464833,-3.0823552103241276,0.16972918080171812,3.5
persistent_uncertain,-3.0823552103241276,-1.7150912891701822,1.5769095946776537,3.5
persistent_uncertain,-1.7150912891701822,-2.1558537232114983,-1.4002506700210087,3.5
persistent_uncertain,-2.1558537232114983,-2.0522678226323494,0.2225506492158879,3.5
persistent_uncertain,-2.0522678226323494,-0.4307349233300315,-1.4581574238563502,3.5
persistent_uncertain,-0.4307349233300315,-0.0020808922366897242,1.6743899245336578,3.5
persistent_uncertain,-0.0020808922366897242,-0.5081439312860675,0.9726012516103595,3.5
persistent_uncertain,-0.5081439312860675,0.1603733577799722,1.1452976403743351,3.5
persistent_uncertain,0.1603733577799722,0.15157368081386957,1.52581226901291,3.5
persistent_uncertain,0.15157368081386957,0.3847528137872512,-0.18675760170706213,3.5
persistent_uncertain,0.3847528137872512,-0.5572389702084621,-1.0360809996925169,3.5
persistent_uncertain,-0.5572389702084621,0.049757885186188344,-0.8787997585512349,3.5
persistent_uncertain,0.049757885186188344,0.023098236589867996,1.0783132032882357,3.5
persistent_uncertain,0.023098236589867996,-0.47903246000289945,1.0045078581601419,3.5
persistent_uncertain,-0.47903246000289945,-1.2437939382245862,-2.605834053572168,3.5
persistent_uncertain,-1.2437939382245862,-1.2993065639958925,2.1877811677691605,3.5
persistent_uncertain,-1.2993065639958925,-1.7740383979214243,1.2357052489166538,3.5
persistent_uncertain,-1.7740383979214243,-1.3852225592476641,1.1760159541929904,3.5
persistent_uncertain,-1.3852225592476641,-1.0902195520750453,0.7415050903986943,3.5
persistent_uncertain,-1.0902195520750453,-1.5699146853611448,0.4088834881280616,3.5
persistent_uncertain,-1.5699146853611448,-0.3569045945110719,0.1891250375827337,3.5
persistent_uncertain,-0.3569045945110719,0.2018435405124267,0.10353478107531641,3.5
persistent_uncertain,0.2018435405124267,-1.0202158587926917,-0.11680261356439336,3.5
persistent_uncertain,-1.0202158587926917,0.24059271837947593,-1.4078163579366973,3.5
persistent_uncertain,0.24059271837947593,-0.4818114165791222,0.18259649854708235,3.5
persistent_uncertain,-0.4818114165791222,-1.5560626124571266,0.7659777468058883,3.5
persistent_uncertain,-1.5560626124571266,-1.1833828155845665,-0.613947118739798,3.5
persistent_uncertain,-1.1833828155845665,-0.07450730244206694,0.07889993257989199,3.5
persistent_uncertain,-0.07450730244206694,1.0103176816658865,0.3383739359347148,3.5
persistent_uncertain,1.0103176816658865,0.29287253826908716,-0.009015942049256959,3.5
persistent_uncertain,0.29287253826908716,0.43342599876162,-0.5630240789418717,3.5
persistent_uncertain,0.43342599876162,0.4780258202858967,0.017039619106546156,3.5
persistent_uncertain,0.4780258202858967,1.4208111752039423,-0.2807341345866469,3.5
persistent_uncertain,1.4208111752039423,1.7812066571840457,-1.5729799501324429,3.5
persistent_uncertain,1.7812066571840457,1.7528750249715095,1.4069647851680798,3.5
persistent_uncertain,1.7528750249715095,1.6557619827086056,3.1671343197439015,3.5
persistent_uncertain,1.6557619827086056,1.5139020773473186,0.36073605734504693,3.5
persistent_uncertain,1.5139020773473186,1.3982751803493212,1.0031152670555659,3.5
persistent_uncertain,1.3982751803493212,0.9829275101060508,-1.200626842010732,3.5
persistent_uncertain,0.9829275101060508,0.33819173557128385,-0.19130769924397914,3.5
persistent_uncertain,0.33819173557128385,1.394528722935536,-0.08134068871305256,3.5
persistent_uncertain,1.394528722935536,1.2029432336450643,0.9786375809304086,3.5
persistent_uncertain,1.2029432336450643,1.1281855009930832,-0.5314787159661314,3.5
persistent_uncertain,1.1281855009930832,0.7085120395091996,0.5822343051138684,3.5
persistent_uncertain,0.7085120395091996,0.8798368222876479,-0.34508091188221063,3.5
persistent_uncertain,0.8798368222876479,0.2941116718326486,0.911859158495433,3.5
persistent_uncertain,0.2941116718326486,0.5832991725779938,-0.5199283903814874,3.5
persistent_uncertain,0.5832991725779938,0.3486049811776192,-0.8375858175123029,3.5
persistent_uncertain,0.3486049811776192,1.2415437037152801,-0.5666276225211891,3.5
persistent_uncertain,1.2415437037152801,-0.42086364012175403,-0.8322369698208998,3.5
persistent_uncertain,-0.42086364012175403,0.7916847399714138,-0.4116798372048949,3.5
persistent_uncertain,0.7916847399714138,0.8260770508144621,-0.9576832828911955,3.5
persistent_uncertain,0.8260770508144621,-0.08571424008056405,-0.2152490195062752,3.5
persistent_uncertain,-0.08571424008056405,0.43506691547318493,-0.5029407885010135,3.5
persistent_uncertain,0.43506691547318493,0.13903025966455596,-0.33017611434303257,3.5
persistent_uncertain,0.13903025966455596,0.44730626691007785,-0.7153933753415319,3.5
persistent_uncertain,0.44730626691007785,0.22240034624901356,-0.26828901146739664,3.5
persistent_uncertain,0.22240034624901356,0.3359181513014044,1.144159796019949,3.5
persistent_uncertain,0.3359181513014044,0.27479029999373145,0.8239643377085164,3.5
persistent_uncertain,0.27479029999373145,0.001443829785157641,0.012337561340987398,3.5
persistent_uncertain,0.001443829785157641,-0.3614265778649501,1.2308434169727651,3.5
persistent_uncertain,-0.3614265778649501,0.28342346784916794,0.4481232575101083,3.5
persistent_uncertain,0.28342346784916794,0.8510693051476514,-1.5941954973044221,3.5
persistent_uncertain,0.8510693051476514,1.27618786660868,-0.9810074290814176,3.5
persistent_uncertain,1.27618786660868,0.7353359561972234,-1.4502130898434895,3.5
persistent_uncertain,0.7353359561972234,0.6879798898186237,-1.452704446610109,3.5
persistent_uncertain,0.6879798898186237,0.7694813929072645,1.4027275985283256,3.5
persistent_uncertain,0.7694813929072645,0.8179275278028799,-0.4871593143369518,3.5
persistent_uncertain,0.8179275278028799,0.6895580821055202,-0.7270265628907939,3.5
persistent_uncertain,0.6895580821055202,0.985404668099926,1.4663168947206877,3.5
persistent_uncertain,0.985404668099926,0.46620940471152705,-1.1533303301442672,3.5
persistent_uncertain,0.46620940471152705,0.8446940522268656,-0.6727417207610799,3.5
persistent_uncertain,0.8446940522268656,-0.0673500163637184,0.7070740077604281,3.5
persistent_uncertain,-0.0673500163637184,-0.13625777860228067,0.20674987657075672,3.5
persistent_uncertain,-0.13625777860228067,-0.33680161775339995,0.4377099313806637,3.5
persistent_uncertain,-0.33680161775339995,-0.4705867267908422,1.0214070960890493,3.5
persistent_uncertain,-0.4705867267908422,0.45172795152904044,-1.4892054642291153,3.5
persistent_uncertain,0.45172795152904044,-0.5859649353001597,-1.2350642053009175,3.5
persistent_uncertain,-0.5859649353001597,-0.5770888991880253,0.8919590783840772,3.5
persistent_uncertain,-0.5770888991880253,-0.46499020211125464,0.21774374910577576,3.5
persistent_uncertain,-0.46499020211125464,0.08852437737659113,-0.06737706051018422,3.5
persistent_uncertain,0.08852437737659113,-0.6043361272710811,-0.0937747640191818,3.5
persistent_uncertain,-0.6043361272710811,-1.267971827250378,0.3601445883847976,3.5
persistent_uncertain,-1.267971827250378,-1.3741174773379203,0.7753423316366322,3.5
persistent_uncertain,-1.3741174773379203,-1.0348085015713635,-1.4023530562823394,3.5
persistent_uncertain,-1.0348085015713635,-0.4868471465593364,0.26136302832637837,3.5
persistent_uncertain,-0.4868471465593364,0.8704807217832695,2.225700438902908,3.5
persistent_uncertain,0.8704807217832695,1.890766767844048,-0.40144009631853383,3.5
persistent_uncertain,1.890766767844048,1.9730493900980988,0.8003693558217302,3.5
persistent_uncertain,1.9730493900980988,1.6856721441722287,2.5011048105419054,3.5
persistent_uncertain,1.6856721441722287,1.9122231732147106,-0.3255518098216271,3.5
persistent_uncertain,1.9122231732147106,1.8053019355364022,-0.08439101692286996,3.5
persistent_uncertain,1.8053019355364022,1.2577525472799378,-1.7574613005094963,3.5
persistent_uncertain,1.2577525472799378,0.7352376533891957,-0.4224402832401094,3.5
persistent_uncertain,0.7352376533891957,1.924833643809643,-0.7922703285328774,3.5
persistent_uncertain,1.924833643809643,1.847943564847018,0.858718806078064,3.5
persistent_uncertain,1.847943564847018,0.9072113341281922,1.5851407479179511,3.5
persistent_uncertain,0.9072113341281922,1.589834465726784,0.24020777582293018,3.5
persistent_uncertain,1.589834465726784,0.6177705069832957,0.5296585693869875,3.5
persistent_uncertain,0.6177705069832957,0.29647995276810457,-0.8938803952524206,3.5
persistent_uncertain,0.29647995276810457,0.46602773252695834,2.2499899196528723,3.5
persistent_uncertain,0.46602773252695834,0.3521733912058439,0.7897873639049707,3.5
persistent_uncertain,0.3521733912058439,0.11948527567279743,0.9128136610776061,3.5
persistent_uncertain,0.11948527567279743,-0.23272839757200164,2.7138565059833595,3.5
persistent_uncertain,-0.23272839757200164,-0.5949363201964863,-0.024897795664922614,3.5
persistent_uncertain,-0.5949363201964863,-1.1728302155768942,-0.05227040338469667,3.5
persistent_uncertain,-1.1728302155768942,-0.5555413822044311,-0.48975818868115994,3.5
persistent_uncertain,-0.5555413822044311,0.505992538998903,-1.8945844349031582,3.5
persistent_uncertain,0.505992538998903,-0.16904860196941873,1.6620224071261738,3.5
persistent_uncertain,-0.16904860196941873,0.39236325791080146,-0.26074950075060127,3.5
persistent_uncertain,0.39236325791080146,0.9414895223643608,-1.1327642088757106,3.5
persistent_uncertain,0.9414895223643608,-0.0949809517647413,-1.037730994709031,3.5
persistent_uncertain,-0.0949809517647413,0.7277204114331584,0.5676023852689912,3.5
persistent_uncertain,0.7277204114331584,1.2361103177169754,1.5461460117488242,3.5
persistent_uncertain,1.2361103177169754,0.9661146999484405,0.3360151408832644,3.5
persistent_uncertain,0.9661146999484405,0.3197458540518699,-1.003503026736259,3.5
persistent_uncertain,0.3197458540518699,0.7850559683400182,-1.1199139176420272,3.5
persistent_uncertain,0.7850559683400182,0.9612646687187778,0.8042658627629002,3.5
persistent_uncertain,0.9612646687187778,0.31134466973693037,1.5810855986495036,3.5
persistent_uncertain,0.31134466973693037,-1.417151050469038,0.09122281825616652,3.5
persistent_uncertain,-1.417151050469038,-0.024082515610564847,-2.511078120092486,3.5
persistent_uncertain,-0.024082515610564847,-1.8803074967993414,0.7529947225899827,3.5
persistent_uncertain,-1.8803074967993414,-1.3361345739339767,-1.3601050152550238,3.5
persistent_uncertain,-1.3361345739339767,-2.750930467087931,0.3115962076517942,3.5
persistent_uncertain,-2.750930467087931,-2.261323680301116,0.25132927900649044,3.5
persistent_uncertain,-2.261323680301116,-2.0031463270248855,0.4513708067396213,3.5
persistent_uncertain,-2.0031463270248855,-1.4033471352117763,-1.2018266049357518,3.5
persistent_uncertain,-1.4033471352117763,-0.7093225212099898,-1.0382456043777604,3.5
persistent_uncertain,-0.7093225212099898,-0.05176704396503096,0.18225336085963978,3.5
persistent_uncertain,-0.05176704396503096,-0.7508700761918689,0.8200339631284235,3.5
persistent_uncertain,-0.7508700761918689,0.07569504792894233,-0.22678390662539474,3.5
persistent_uncertain,0.07569504792894233,0.5114923879618459,-0.7430878534985669,3.5
persistent_uncertain,0.5114923879618459,-0.2626903335086641,-1.4399201639668093,3.5
persistent_uncertain,-0.2626903335086641,0.10723936644976478,-2.481099485070037,3.5
persistent_uncertain,0.10723936644976478,-0.48326018113808905,-0.11010050951051567,3.5
persistent_uncertain,-0.48326018113808905,-0.20717539076672833,-1.0362869380483235,3.5
persistent_uncertain,-0.20717539076672833,-1.0173478182094429,-2.887318200812583,3.5
persistent_uncertain,-1.0173478182094429,-0.5485683536096575,1.229806789943031,3.5
